-- Development environment seeds (MySQL/MariaDB syntax).
-- INSERT IGNORE prevents errors if rows already exist (the DB persists across restarts).

INSERT IGNORE INTO role (id, name, description, active, created_at, updated_at)
VALUES (1, 'ADMIN', 'System administrator', TRUE, CURRENT_TIMESTAMP, CURRENT_TIMESTAMP);

INSERT IGNORE INTO role (id, name, description, active, created_at, updated_at)
VALUES (2, 'USER', 'Regular user', TRUE, CURRENT_TIMESTAMP, CURRENT_TIMESTAMP);

-- Fuel types (seed for dev before CNE sync runs)
INSERT IGNORE INTO fuel_type (name, short_name, charge_unit, active) VALUES
('Gasolina 93',           '93',  'LT', TRUE),
('Gasolina 95',           '95',  'LT', TRUE),
('Gasolina 97',           '97',  'LT', TRUE),
('Diésel',                'DI',  'LT', TRUE);

-- Vehicle brands
INSERT IGNORE INTO vehicle_brand (name) VALUES
('Chevrolet'), ('Ford'), ('Honda'), ('Hyundai'), ('Jeep'),
('Kia'), ('Mazda'), ('Mitsubishi'), ('Nissan'), ('Peugeot'),
('Renault'), ('Subaru'), ('Suzuki'), ('Toyota'), ('Volkswagen');

-- Limpiar filas con IDs fuera del rango 1-65 (auto_increment drift de ejecuciones anteriores)
SET FOREIGN_KEY_CHECKS=0;
DELETE t FROM `transaction` t JOIN vehicle v ON t.vehicle_id = v.id WHERE v.vehicle_model_id NOT BETWEEN 1 AND 65;
DELETE FROM vehicle WHERE vehicle_model_id NOT BETWEEN 1 AND 65;
DELETE FROM vehicle_model WHERE id NOT BETWEEN 1 AND 65;
SET FOREIGN_KEY_CHECKS=1;

-- Vehicle models (IDs explícitos para que vehicle.vehicle_model_id siempre coincida)
INSERT INTO vehicle_model (id, vehicle_brand_id, name, vehicle_type) VALUES
(1,  (SELECT id FROM vehicle_brand WHERE name='Chevrolet'), 'Colorado',     'PICKUP'),
(2,  (SELECT id FROM vehicle_brand WHERE name='Chevrolet'), 'Cruze',        'CAR'),
(3,  (SELECT id FROM vehicle_brand WHERE name='Chevrolet'), 'Sail',         'CAR'),
(4,  (SELECT id FROM vehicle_brand WHERE name='Chevrolet'), 'Spark',        'CAR'),
(5,  (SELECT id FROM vehicle_brand WHERE name='Chevrolet'), 'Tracker',      'SUV'),
(6,  (SELECT id FROM vehicle_brand WHERE name='Ford'),      'Ecosport',     'SUV'),
(7,  (SELECT id FROM vehicle_brand WHERE name='Ford'),      'Escape',       'SUV'),
(8,  (SELECT id FROM vehicle_brand WHERE name='Ford'),      'F-150',        'PICKUP'),
(9,  (SELECT id FROM vehicle_brand WHERE name='Ford'),      'Ranger',       'PICKUP'),
(10, (SELECT id FROM vehicle_brand WHERE name='Honda'),     'City',         'CAR'),
(11, (SELECT id FROM vehicle_brand WHERE name='Honda'),     'Civic',        'CAR'),
(12, (SELECT id FROM vehicle_brand WHERE name='Honda'),     'CR-V',         'SUV'),
(13, (SELECT id FROM vehicle_brand WHERE name='Honda'),     'HR-V',         'SUV'),
(14, (SELECT id FROM vehicle_brand WHERE name='Hyundai'),   'Accent',       'CAR'),
(15, (SELECT id FROM vehicle_brand WHERE name='Hyundai'),   'Creta',        'SUV'),
(16, (SELECT id FROM vehicle_brand WHERE name='Hyundai'),   'Elantra',      'CAR'),
(17, (SELECT id FROM vehicle_brand WHERE name='Hyundai'),   'Santa Fe',     'SUV'),
(18, (SELECT id FROM vehicle_brand WHERE name='Hyundai'),   'Tucson',       'SUV'),
(19, (SELECT id FROM vehicle_brand WHERE name='Jeep'),      'Cherokee',     'SUV'),
(20, (SELECT id FROM vehicle_brand WHERE name='Jeep'),      'Compass',      'SUV'),
(21, (SELECT id FROM vehicle_brand WHERE name='Jeep'),      'Renegade',     'SUV'),
(22, (SELECT id FROM vehicle_brand WHERE name='Jeep'),      'Wrangler',     'SUV'),
(23, (SELECT id FROM vehicle_brand WHERE name='Kia'),       'Cerato',       'CAR'),
(24, (SELECT id FROM vehicle_brand WHERE name='Kia'),       'Morning',      'CAR'),
(25, (SELECT id FROM vehicle_brand WHERE name='Kia'),       'Rio',          'CAR'),
(26, (SELECT id FROM vehicle_brand WHERE name='Kia'),       'Sorento',      'SUV'),
(27, (SELECT id FROM vehicle_brand WHERE name='Kia'),       'Sportage',     'SUV'),
(28, (SELECT id FROM vehicle_brand WHERE name='Mazda'),     'BT-50',        'PICKUP'),
(29, (SELECT id FROM vehicle_brand WHERE name='Mazda'),     'CX-3',         'SUV'),
(30, (SELECT id FROM vehicle_brand WHERE name='Mazda'),     'CX-5',         'SUV'),
(31, (SELECT id FROM vehicle_brand WHERE name='Mazda'),     'Mazda 3',      'CAR'),
(32, (SELECT id FROM vehicle_brand WHERE name='Mitsubishi'),'Eclipse Cross','SUV'),
(33, (SELECT id FROM vehicle_brand WHERE name='Mitsubishi'),'L200',         'PICKUP'),
(34, (SELECT id FROM vehicle_brand WHERE name='Mitsubishi'),'Outlander',    'SUV'),
(35, (SELECT id FROM vehicle_brand WHERE name='Nissan'),    'Frontier',     'PICKUP'),
(36, (SELECT id FROM vehicle_brand WHERE name='Nissan'),    'Kicks',        'SUV'),
(37, (SELECT id FROM vehicle_brand WHERE name='Nissan'),    'Navara',       'PICKUP'),
(38, (SELECT id FROM vehicle_brand WHERE name='Nissan'),    'Sentra',       'CAR'),
(39, (SELECT id FROM vehicle_brand WHERE name='Nissan'),    'Versa',        'CAR'),
(40, (SELECT id FROM vehicle_brand WHERE name='Peugeot'),   '2008',         'SUV'),
(41, (SELECT id FROM vehicle_brand WHERE name='Peugeot'),   '208',          'CAR'),
(42, (SELECT id FROM vehicle_brand WHERE name='Peugeot'),   '3008',         'SUV'),
(43, (SELECT id FROM vehicle_brand WHERE name='Renault'),   'Duster',       'SUV'),
(44, (SELECT id FROM vehicle_brand WHERE name='Renault'),   'Kwid',         'CAR'),
(45, (SELECT id FROM vehicle_brand WHERE name='Renault'),   'Oroch',        'PICKUP'),
(46, (SELECT id FROM vehicle_brand WHERE name='Renault'),   'Sandero',      'CAR'),
(47, (SELECT id FROM vehicle_brand WHERE name='Subaru'),    'Forester',     'SUV'),
(48, (SELECT id FROM vehicle_brand WHERE name='Subaru'),    'Impreza',      'CAR'),
(49, (SELECT id FROM vehicle_brand WHERE name='Subaru'),    'Outback',      'SUV'),
(50, (SELECT id FROM vehicle_brand WHERE name='Subaru'),    'XV',           'SUV'),
(51, (SELECT id FROM vehicle_brand WHERE name='Suzuki'),    'Baleno',       'CAR'),
(52, (SELECT id FROM vehicle_brand WHERE name='Suzuki'),    'Jimny',        'SUV'),
(53, (SELECT id FROM vehicle_brand WHERE name='Suzuki'),    'Swift',        'CAR'),
(54, (SELECT id FROM vehicle_brand WHERE name='Suzuki'),    'Vitara',       'SUV'),
(55, (SELECT id FROM vehicle_brand WHERE name='Toyota'),    'Corolla',      'CAR'),
(56, (SELECT id FROM vehicle_brand WHERE name='Toyota'),    'Fortuner',     'SUV'),
(57, (SELECT id FROM vehicle_brand WHERE name='Toyota'),    'Hilux',        'PICKUP'),
(58, (SELECT id FROM vehicle_brand WHERE name='Toyota'),    'Land Cruiser', 'SUV'),
(59, (SELECT id FROM vehicle_brand WHERE name='Toyota'),    'RAV4',         'SUV'),
(60, (SELECT id FROM vehicle_brand WHERE name='Toyota'),    'Yaris',        'CAR'),
(61, (SELECT id FROM vehicle_brand WHERE name='Volkswagen'),'Amarok',       'PICKUP'),
(62, (SELECT id FROM vehicle_brand WHERE name='Volkswagen'),'Golf',         'CAR'),
(63, (SELECT id FROM vehicle_brand WHERE name='Volkswagen'),'Polo',         'CAR'),
(64, (SELECT id FROM vehicle_brand WHERE name='Volkswagen'),'T-Cross',      'SUV'),
(65, (SELECT id FROM vehicle_brand WHERE name='Volkswagen'),'Tiguan',       'SUV')
ON DUPLICATE KEY UPDATE vehicle_brand_id=VALUES(vehicle_brand_id), name=VALUES(name);
ALTER TABLE vehicle_model AUTO_INCREMENT = 66;

-- Dev-only admin user. Authenticate via header: X-Dev-User: admin@fuelonline.cl
-- firebase_uid is NULL intentionally: this user is only used in dev mode.
INSERT INTO `user` (
    id, role_id, email, firebase_uid,
    auth_provider, status, password_hash,
    rut, first_name, middle_name, last_name, second_last_name,
    birth_date, active, created_at, updated_at
) VALUES (
    '00000000-0000-0000-0000-000000000001', 1, 'admin@fuelonline.cl', NULL,
    'LOCAL', 'ACTIVE', '$2a$10$YU1rQW9apSmXYCfu14fQxuvzWqesg.5W3rQ9/5kDz4V/eiam.yMby',
    '11111111-1', 'Admin', NULL, 'Dev', 'Local',
    '1990-01-01', TRUE, CURRENT_TIMESTAMP, CURRENT_TIMESTAMP
) ON DUPLICATE KEY UPDATE
    role_id = VALUES(role_id),
    auth_provider = VALUES(auth_provider),
    status = VALUES(status),
    password_hash = VALUES(password_hash),
    active = TRUE,
    updated_at = CURRENT_TIMESTAMP;

INSERT IGNORE INTO `user` (`id`, `created_at`, `updated_at`, `active`, `birth_date`, `email`, `firebase_uid`, `first_name`, `last_name`, `middle_name`, `rut`, `second_last_name`, `role_id`, `auth_provider`, `status`, `password_hash`) VALUES
('afeb49b6-20f2-5836-f03d-8052e3d027ec', '2025-03-14 19:34:09.000000', '2025-03-14 19:34:09.000000', b'1', '1990-03-05', 'fernando.caro73@correo.cl', NULL, 'Fernando', 'Caro', NULL, '201002269', 'Sepúlveda', 2, 'LOCAL', 'ACTIVE', '$2a$10$N9qo8uLOickgx2ZMRZoMyeIjZAgcfl7p92ldGxad68LnKqaXlbwCe'),
('b01b5c4b-1f0a-916a-b7a3-1d6368ca3ead', '2025-02-12 19:34:09.000000', '2025-02-12 19:34:09.000000', b'1', '1987-11-08', 'ximena.araya62@correo.cl', NULL, 'Ximena', 'Araya', NULL, '201000925', 'Ramírez', 2, 'LOCAL', 'ACTIVE', '$2a$10$N9qo8uLOickgx2ZMRZoMyeIjZAgcfl7p92ldGxad68LnKqaXlbwCe'),
('b020dc9b-919a-3f7e-d6dd-6b18776c42b8', '2024-10-30 19:34:09.000000', '2024-10-30 19:34:09.000000', b'1', '1980-09-17', 'marco.opazo83@correo.cl', NULL, 'Marco', 'Opazo', NULL, '201002536', 'Jara', 2, 'LOCAL', 'ACTIVE', '$2a$10$N9qo8uLOickgx2ZMRZoMyeIjZAgcfl7p92ldGxad68LnKqaXlbwCe'),
('b0749924-0093-2070-b23c-041bee556829', '2025-01-03 19:34:09.000000', '2025-01-03 19:34:09.000000', b'1', '1985-06-27', 'valentina.poblete83@correo.cl', NULL, 'Valentina', 'Poblete', NULL, '201003803', 'Aravena', 2, 'LOCAL', 'ACTIVE', '$2a$10$N9qo8uLOickgx2ZMRZoMyeIjZAgcfl7p92ldGxad68LnKqaXlbwCe'),
('b088fc65-97b6-7f59-516e-a0806b581b0b', '2024-08-11 19:34:09.000000', '2024-08-11 19:34:09.000000', b'1', '1974-11-20', 'gonzalo.poblete25@correo.cl', NULL, 'Gonzalo', 'Poblete', NULL, '201001292', 'Navarrete', 2, 'LOCAL', 'ACTIVE', '$2a$10$N9qo8uLOickgx2ZMRZoMyeIjZAgcfl7p92ldGxad68LnKqaXlbwCe'),
('b16460c3-5b9e-7699-d292-cc6ff3e4fa2b', '2026-02-22 19:34:09.000000', '2026-02-22 19:34:09.000000', b'1', '1989-12-07', 'francisco.torres7@correo.cl', NULL, 'Francisco', 'Torres', NULL, '201002970', 'Cisternas', 2, 'LOCAL', 'ACTIVE', '$2a$10$N9qo8uLOickgx2ZMRZoMyeIjZAgcfl7p92ldGxad68LnKqaXlbwCe'),
('b4176d1f-e7b6-c3a0-dd54-f7f182de2f23', '2024-08-21 19:34:09.000000', '2024-08-21 19:34:09.000000', b'1', '1976-01-10', 'claudio.nunez30@correo.cl', NULL, 'Claudio', 'Núñez', NULL, '201004070', 'Opazo', 2, 'LOCAL', 'ACTIVE', '$2a$10$N9qo8uLOickgx2ZMRZoMyeIjZAgcfl7p92ldGxad68LnKqaXlbwCe'),
('b48998a9-66c7-a373-59ae-f57736addf82', '2025-06-02 19:34:09.000000', '2025-06-02 19:34:09.000000', b'1', '1971-07-31', 'natalia.martinez4@correo.cl', NULL, 'Natalia', 'Martínez', NULL, '201004903', 'Silva', 2, 'LOCAL', 'ACTIVE', '$2a$10$N9qo8uLOickgx2ZMRZoMyeIjZAgcfl7p92ldGxad68LnKqaXlbwCe'),
('b48bb294-73ce-9e9a-932f-39d3ebabd776', '2026-02-22 19:34:09.000000', '2026-02-22 19:34:09.000000', b'1', '1990-02-25', 'jorge.poblete65@correo.cl', NULL, 'Jorge', 'Poblete', NULL, '201004370', 'Sepúlveda', 2, 'LOCAL', 'ACTIVE', '$2a$10$N9qo8uLOickgx2ZMRZoMyeIjZAgcfl7p92ldGxad68LnKqaXlbwCe'),
('b4ee1c09-a590-0ad2-f396-82759278e3b1', '2025-09-30 19:34:09.000000', '2025-09-30 19:34:09.000000', b'1', '1979-10-09', 'raul.castro87@correo.cl', NULL, 'Raúl', 'Castro', NULL, '201003269', 'Sepúlveda', 2, 'LOCAL', 'ACTIVE', '$2a$10$N9qo8uLOickgx2ZMRZoMyeIjZAgcfl7p92ldGxad68LnKqaXlbwCe'),
('b619e6e9-3c64-8cc0-5b6f-78262717506c', '2026-02-07 19:34:09.000000', '2026-02-07 19:34:09.000000', b'1', '1988-08-30', 'camila.herrera12@correo.cl', NULL, 'Camila', 'Herrera', NULL, '201001603', 'Opazo', 2, 'LOCAL', 'ACTIVE', '$2a$10$N9qo8uLOickgx2ZMRZoMyeIjZAgcfl7p92ldGxad68LnKqaXlbwCe'),
('b6485694-0867-8cdf-01f3-5f0143e854c6', '2024-08-01 19:34:09.000000', '2024-08-01 19:34:09.000000', b'1', '1974-08-16', 'macarena.opazo60@correo.cl', NULL, 'Macarena', 'Opazo', NULL, '201004114', 'Cortés', 2, 'LOCAL', 'ACTIVE', '$2a$10$N9qo8uLOickgx2ZMRZoMyeIjZAgcfl7p92ldGxad68LnKqaXlbwCe'),
('b6c3be91-c64a-0127-4219-949c1530f366', '2024-11-24 19:34:09.000000', '2024-11-24 19:34:09.000000', b'1', '1982-06-19', 'gabriela.rojas84@correo.cl', NULL, 'Gabriela', 'Rojas', NULL, '201002481', 'Inostroza', 2, 'LOCAL', 'ACTIVE', '$2a$10$N9qo8uLOickgx2ZMRZoMyeIjZAgcfl7p92ldGxad68LnKqaXlbwCe'),
('b6d34a4d-37e1-7bed-cfa4-fbd4c765b3e2', '2025-06-02 19:34:09.000000', '2025-06-02 19:34:09.000000', b'1', '1970-12-03', 'beatriz.contreras96@correo.cl', NULL, 'Beatriz', 'Contreras', NULL, '201000703', 'González', 2, 'LOCAL', 'ACTIVE', '$2a$10$N9qo8uLOickgx2ZMRZoMyeIjZAgcfl7p92ldGxad68LnKqaXlbwCe'),
('b735f3d0-88e8-1afb-e15c-11317fa99aa5', '2025-08-26 19:34:09.000000', '2025-08-26 19:34:09.000000', b'1', '1977-02-05', 'rodrigo.fernandez93@correo.cl', NULL, 'Rodrigo', 'Fernández', NULL, '201001936', 'Sánchez', 2, 'LOCAL', 'ACTIVE', '$2a$10$N9qo8uLOickgx2ZMRZoMyeIjZAgcfl7p92ldGxad68LnKqaXlbwCe'),
('b78c15da-c5af-66f8-ebd5-a0f33bef3db7', '2025-04-23 19:34:09.000000', '2025-04-23 19:34:09.000000', b'1', '1992-12-23', 'hugo.nunez36@correo.cl', NULL, 'Hugo', 'Núñez', NULL, '201002181', 'Aravena', 2, 'LOCAL', 'ACTIVE', '$2a$10$N9qo8uLOickgx2ZMRZoMyeIjZAgcfl7p92ldGxad68LnKqaXlbwCe'),
('b7ef5812-89e2-6057-881e-d988b78c351d', '2025-12-24 19:34:09.000000', '2025-12-24 19:34:09.000000', b'1', '1985-04-16', 'carmen.espinoza99@correo.cl', NULL, 'Carmen', 'Espinoza', NULL, '201000292', 'Rodríguez', 2, 'LOCAL', 'ACTIVE', '$2a$10$N9qo8uLOickgx2ZMRZoMyeIjZAgcfl7p92ldGxad68LnKqaXlbwCe'),
('b9664ad6-27a9-cb98-c94a-395965529822', '2024-07-07 19:34:09.000000', '2024-07-07 19:34:09.000000', b'1', '1972-11-14', 'maximiliano.contreras14@correo.cl', NULL, 'Maximiliano', 'Contreras', NULL, '201004169', 'Rubio', 2, 'LOCAL', 'ACTIVE', '$2a$10$N9qo8uLOickgx2ZMRZoMyeIjZAgcfl7p92ldGxad68LnKqaXlbwCe'),
('ba0c2bf1-5352-4c43-85e6-c87273940587', '2026-05-19 13:49:10.000000', '2026-05-20 11:10:27.000000', b'1', '2000-01-19', 'fr.carrascol@duocuc.cl', NULL, 'Juanito', 'Perez', NULL, '106665257', 'Lopez', 2, 'LOCAL', 'ACTIVE', '$2a$12$nLXONi7Y7.ILUMTzuLJnF.9iSksSz6RMA/M9pL5nEzW81aJi0qIQy'),
('bbc75b1d-bb0b-b6d2-87bb-79ee471d128a', '2025-11-04 19:34:09.000000', '2025-11-04 19:34:09.000000', b'1', '1982-06-11', 'claudia.olivares22@correo.cl', NULL, 'Claudia', 'Olivares', NULL, '201004592', 'Pizarro', 2, 'LOCAL', 'ACTIVE', '$2a$10$N9qo8uLOickgx2ZMRZoMyeIjZAgcfl7p92ldGxad68LnKqaXlbwCe'),
('bc494166-56f2-0918-9b23-aa295b9b58c4', '2026-03-09 19:34:09.000000', '2026-03-09 19:34:09.000000', b'1', '1990-12-26', 'raul.jimenez8@correo.cl', NULL, 'Raúl', 'Jiménez', NULL, '201002947', 'Pérez', 2, 'LOCAL', 'ACTIVE', '$2a$10$N9qo8uLOickgx2ZMRZoMyeIjZAgcfl7p92ldGxad68LnKqaXlbwCe'),
('bcdc7531-ce51-db60-fe26-2c7bba34ec13', '2024-12-19 19:34:09.000000', '2024-12-19 19:34:09.000000', b'1', '1983-12-31', 'raul.munoz81@correo.cl', NULL, 'Raúl', 'Muñoz', NULL, '201001036', 'Vera', 2, 'LOCAL', 'ACTIVE', '$2a$10$N9qo8uLOickgx2ZMRZoMyeIjZAgcfl7p92ldGxad68LnKqaXlbwCe'),
('bd2f98e7-bc2b-e505-41ff-daed44f11dfd', '2025-10-30 19:34:09.000000', '2025-10-30 19:34:09.000000', b'1', '1981-08-27', 'rene.flores61@correo.cl', NULL, 'René', 'Flores', NULL, '201001803', 'Fernández', 2, 'LOCAL', 'ACTIVE', '$2a$10$N9qo8uLOickgx2ZMRZoMyeIjZAgcfl7p92ldGxad68LnKqaXlbwCe'),
('be19e403-e3ce-a79c-776a-beac3859b1f9', '2024-12-19 19:34:09.000000', '2024-12-19 19:34:09.000000', b'1', '1984-03-20', 'loreto.ramos60@correo.cl', NULL, 'Loreto', 'Ramos', NULL, '201002436', 'Sepúlveda', 2, 'LOCAL', 'ACTIVE', '$2a$10$N9qo8uLOickgx2ZMRZoMyeIjZAgcfl7p92ldGxad68LnKqaXlbwCe'),
('be3e5f0d-be13-6887-9144-46dc4174cc9f', '2025-10-25 19:34:09.000000', '2025-10-25 19:34:09.000000', b'1', '1981-09-28', 'gonzalo.jara53@correo.cl', NULL, 'Gonzalo', 'Jara', NULL, '201004614', 'Rodríguez', 2, 'LOCAL', 'ACTIVE', '$2a$10$N9qo8uLOickgx2ZMRZoMyeIjZAgcfl7p92ldGxad68LnKqaXlbwCe'),
('beada14d-8bb2-0124-5890-8c17e86b8c7c', '2024-08-31 19:34:09.000000', '2024-08-31 19:34:09.000000', b'1', '1976-04-15', 'cecilia.garcia49@correo.cl', NULL, 'Cecilia', 'García', NULL, '201001258', 'Acuña', 2, 'LOCAL', 'ACTIVE', '$2a$10$N9qo8uLOickgx2ZMRZoMyeIjZAgcfl7p92ldGxad68LnKqaXlbwCe'),
('bef09ed1-5e59-fa03-0b3f-3db6390d2e01', '2025-06-22 19:34:09.000000', '2025-06-22 19:34:09.000000', b'1', '1972-04-28', 'yasna.perez90@correo.cl', NULL, 'Yasna', 'Pérez', NULL, '201000669', 'Quijada', 2, 'LOCAL', 'ACTIVE', '$2a$10$N9qo8uLOickgx2ZMRZoMyeIjZAgcfl7p92ldGxad68LnKqaXlbwCe'),
('bf1aa46b-3af5-8c08-0fd2-97ee848acab4', '2025-02-02 19:34:09.000000', '2025-02-02 19:34:09.000000', b'1', '1987-02-25', 'rodrigo.silva68@correo.cl', NULL, 'Rodrigo', 'Silva', NULL, '201000947', 'Cabrera', 2, 'LOCAL', 'ACTIVE', '$2a$10$N9qo8uLOickgx2ZMRZoMyeIjZAgcfl7p92ldGxad68LnKqaXlbwCe'),
('c02ae038-258d-a28c-231c-97e5ef257829', '2025-06-17 19:34:09.000000', '2025-06-17 19:34:09.000000', b'1', '1972-03-11', 'jaime.sepulveda64@correo.cl', NULL, 'Jaime', 'Sepúlveda', NULL, '201002070', 'Acuña', 2, 'LOCAL', 'ACTIVE', '$2a$10$N9qo8uLOickgx2ZMRZoMyeIjZAgcfl7p92ldGxad68LnKqaXlbwCe'),
('c04d5d68-ea9f-3de3-ef56-e756c8df4ad5', '2026-01-23 19:34:09.000000', '2026-01-23 19:34:09.000000', b'1', '1987-05-24', 'andres.opazo60@correo.cl', NULL, 'Andrés', 'Opazo', NULL, '201000236', 'Olivares', 2, 'LOCAL', 'ACTIVE', '$2a$10$N9qo8uLOickgx2ZMRZoMyeIjZAgcfl7p92ldGxad68LnKqaXlbwCe'),
('c141b764-c979-869d-1b8b-46a5422aeb7f', '2025-03-04 19:34:09.000000', '2025-03-04 19:34:09.000000', b'1', '1989-04-03', 'cristobal.lopez13@correo.cl', NULL, 'Cristóbal', 'López', NULL, '201000881', 'Contreras', 2, 'LOCAL', 'ACTIVE', '$2a$10$N9qo8uLOickgx2ZMRZoMyeIjZAgcfl7p92ldGxad68LnKqaXlbwCe'),
('c1737076-fad7-5818-1883-f4c8bb0fc835', '2025-02-07 19:34:09.000000', '2025-02-07 19:34:09.000000', b'1', '1987-09-21', 'javier.torres11@correo.cl', NULL, 'Javier', 'Torres', NULL, '201002336', 'Navarrete', 2, 'LOCAL', 'ACTIVE', '$2a$10$N9qo8uLOickgx2ZMRZoMyeIjZAgcfl7p92ldGxad68LnKqaXlbwCe'),
('c18786a4-982e-942c-dad1-f3cd3673e582', '2026-02-27 19:34:09.000000', '2026-02-27 19:34:09.000000', b'1', '1990-07-03', 'gonzalo.pizarro41@correo.cl', NULL, 'Gonzalo', 'Pizarro', NULL, '201004369', 'Ramírez', 2, 'LOCAL', 'ACTIVE', '$2a$10$N9qo8uLOickgx2ZMRZoMyeIjZAgcfl7p92ldGxad68LnKqaXlbwCe'),
('c247b5fd-d49d-cf74-0695-dec48ed6e963', '2025-11-19 19:34:09.000000', '2025-11-19 19:34:09.000000', b'1', '1982-11-02', 'daniel.leiva52@correo.cl', NULL, 'Daniel', 'Leiva', NULL, '201000369', 'Jara', 2, 'LOCAL', 'ACTIVE', '$2a$10$N9qo8uLOickgx2ZMRZoMyeIjZAgcfl7p92ldGxad68LnKqaXlbwCe'),
('c25d1076-a9c6-de8d-41e5-feaefd68f110', '2026-02-12 19:34:09.000000', '2026-02-12 19:34:09.000000', b'1', '1988-10-17', 'maximiliano.bravo6@correo.cl', NULL, 'Maximiliano', 'Bravo', NULL, '201000192', 'Araya', 2, 'LOCAL', 'ACTIVE', '$2a$10$N9qo8uLOickgx2ZMRZoMyeIjZAgcfl7p92ldGxad68LnKqaXlbwCe'),
('c276bc10-e8bb-744f-c23e-49f5389be3de', '2026-05-08 19:34:09.000000', '2026-05-08 19:34:09.000000', b'1', '1995-05-30', 'carmen.reyes68@correo.cl', NULL, 'Carmen', 'Reyes', NULL, '201004225', 'Olivares', 2, 'LOCAL', 'ACTIVE', '$2a$10$N9qo8uLOickgx2ZMRZoMyeIjZAgcfl7p92ldGxad68LnKqaXlbwCe'),
('c29b55d5-0772-9826-003b-ae76bc5457e6', '2025-09-20 19:34:09.000000', '2025-09-20 19:34:09.000000', b'1', '1978-08-19', 'javier.acuna58@correo.cl', NULL, 'Javier', 'Acuña', NULL, '201000481', 'Reyes', 2, 'LOCAL', 'ACTIVE', '$2a$10$N9qo8uLOickgx2ZMRZoMyeIjZAgcfl7p92ldGxad68LnKqaXlbwCe'),
('c30dc73b-9c80-d170-3a6e-d8cbd789395d', '2024-12-14 19:34:09.000000', '2024-12-14 19:34:09.000000', b'1', '1983-11-13', 'andres.rojas63@correo.cl', NULL, 'Andrés', 'Rojas', NULL, '201002447', 'Quijada', 2, 'LOCAL', 'ACTIVE', '$2a$10$N9qo8uLOickgx2ZMRZoMyeIjZAgcfl7p92ldGxad68LnKqaXlbwCe'),
('c384de17-c9c9-8c5f-3e3e-5c240fc6d5ba', '2026-05-13 19:34:09.000000', '2026-05-13 19:34:09.000000', b'1', '1970-11-25', 'viviana.silva78@correo.cl', NULL, 'Viviana', 'Silva', NULL, '201002814', 'Acuña', 2, 'LOCAL', 'ACTIVE', '$2a$10$N9qo8uLOickgx2ZMRZoMyeIjZAgcfl7p92ldGxad68LnKqaXlbwCe'),
('c3e78249-e17f-ca0a-d6f5-1524e6339b10', '2025-10-15 19:34:09.000000', '2025-10-15 19:34:09.000000', b'1', '1980-10-27', 'victor.espinoza73@correo.cl', NULL, 'Víctor', 'Espinoza', NULL, '201003236', 'Rodríguez', 2, 'LOCAL', 'ACTIVE', '$2a$10$N9qo8uLOickgx2ZMRZoMyeIjZAgcfl7p92ldGxad68LnKqaXlbwCe'),
('c424c980-f093-bbb8-7876-678b4859b283', '2026-04-18 19:34:09.000000', '2026-04-18 19:34:09.000000', b'1', '1994-01-03', 'marcela.vera2@correo.cl', NULL, 'Marcela', 'Vera', NULL, '201004269', 'Quijada', 2, 'LOCAL', 'ACTIVE', '$2a$10$N9qo8uLOickgx2ZMRZoMyeIjZAgcfl7p92ldGxad68LnKqaXlbwCe'),
('c45461b7-a9e9-f595-c734-2f78caa64fb0', '2025-04-13 19:34:09.000000', '2025-04-13 19:34:09.000000', b'1', '1992-09-18', 'constanza.medina65@correo.cl', NULL, 'Constanza', 'Medina', NULL, '201005003', 'Bravo', 2, 'LOCAL', 'ACTIVE', '$2a$10$N9qo8uLOickgx2ZMRZoMyeIjZAgcfl7p92ldGxad68LnKqaXlbwCe'),
('c45c06cb-2f7e-c041-3a73-981ced3c861e', '2025-07-17 19:34:09.000000', '2025-07-17 19:34:09.000000', b'1', '1974-09-25', 'javiera.bustamante18@correo.cl', NULL, 'Javiera', 'Bustamante', NULL, '201004814', 'Olivares', 2, 'LOCAL', 'ACTIVE', '$2a$10$N9qo8uLOickgx2ZMRZoMyeIjZAgcfl7p92ldGxad68LnKqaXlbwCe'),
('c4a08c25-a906-4244-9c6c-53b20413a553', '2024-08-06 19:34:09.000000', '2024-08-06 19:34:09.000000', b'1', '1974-12-22', 'javiera.lopez28@correo.cl', NULL, 'Javiera', 'López', NULL, '201004103', 'Aravena', 2, 'LOCAL', 'ACTIVE', '$2a$10$N9qo8uLOickgx2ZMRZoMyeIjZAgcfl7p92ldGxad68LnKqaXlbwCe'),
('c4e606db-b679-518e-eb65-d863412122ce', '2025-10-30 19:34:09.000000', '2025-10-30 19:34:09.000000', b'1', '1982-02-03', 'pamela.diaz31@correo.cl', NULL, 'Pamela', 'Díaz', NULL, '201004603', 'Espinoza', 2, 'LOCAL', 'ACTIVE', '$2a$10$N9qo8uLOickgx2ZMRZoMyeIjZAgcfl7p92ldGxad68LnKqaXlbwCe'),
('c51ff70a-ed7a-698f-0f7e-48a147995dda', '2025-07-12 19:34:09.000000', '2025-07-12 19:34:09.000000', b'1', '1974-03-01', 'matias.araya46@correo.cl', NULL, 'Matías', 'Araya', NULL, '201003425', 'Henríquez', 2, 'LOCAL', 'ACTIVE', '$2a$10$N9qo8uLOickgx2ZMRZoMyeIjZAgcfl7p92ldGxad68LnKqaXlbwCe'),
('c52b2d18-9f81-45ee-8b6c-ec95725d8005', '2026-05-22 17:45:12.000000', '2026-05-22 17:45:12.000000', b'1', '2011-01-01', 'ab@gmail.com', NULL, 'a', 'a', 'a', '193317820', 'a', 2, 'LOCAL', 'ACTIVE', '$2a$10$nUpehdoA9lQCnzQKh48DaeNtkjSCMtpWUyaQ4495ZjeEEfwvQxJRW'),
('c587c71e-d1fd-cc1b-d0c1-1004262da661', '2024-09-05 19:34:09.000000', '2024-09-05 19:34:09.000000', b'1', '1976-11-09', 'beatriz.rodriguez45@correo.cl', NULL, 'Beatriz', 'Rodríguez', NULL, '201002647', 'Bustamante', 2, 'LOCAL', 'ACTIVE', '$2a$10$N9qo8uLOickgx2ZMRZoMyeIjZAgcfl7p92ldGxad68LnKqaXlbwCe'),
('c5b45bfe-5761-1228-b4d2-484d4b5abfda', '2025-08-06 19:34:09.000000', '2025-08-06 19:34:09.000000', b'1', '1975-09-12', 'patricio.silva73@correo.cl', NULL, 'Patricio', 'Silva', NULL, '201001970', 'Núñez', 2, 'LOCAL', 'ACTIVE', '$2a$10$N9qo8uLOickgx2ZMRZoMyeIjZAgcfl7p92ldGxad68LnKqaXlbwCe'),
('c6ad1761-471a-4152-fe80-4c3270d137b9', '2024-07-12 19:34:09.000000', '2024-07-12 19:34:09.000000', b'1', '1973-01-01', 'javier.ramos6@correo.cl', NULL, 'Javier', 'Ramos', NULL, '201002758', 'Medina', 2, 'LOCAL', 'ACTIVE', '$2a$10$N9qo8uLOickgx2ZMRZoMyeIjZAgcfl7p92ldGxad68LnKqaXlbwCe'),
('c6e1b8ca-156a-5075-082f-4ae1754226cd', '2025-01-23 19:34:09.000000', '2025-01-23 19:34:09.000000', b'1', '1986-11-21', 'francisca.nunez52@correo.cl', NULL, 'Francisca', 'Núñez', NULL, '201003769', 'Silva', 2, 'LOCAL', 'ACTIVE', '$2a$10$N9qo8uLOickgx2ZMRZoMyeIjZAgcfl7p92ldGxad68LnKqaXlbwCe'),
('c7ab15be-87e8-56c9-8ce2-73870997b8f5', '2024-09-20 19:34:09.000000', '2024-09-20 19:34:09.000000', b'1', '1977-11-28', 'isidora.castro7@correo.cl', NULL, 'Isidora', 'Castro', NULL, '201002614', 'Navarrete', 2, 'LOCAL', 'ACTIVE', '$2a$10$N9qo8uLOickgx2ZMRZoMyeIjZAgcfl7p92ldGxad68LnKqaXlbwCe'),
('c7c9f2d4-37ef-28a4-1791-1075eb5e04e5', '2024-11-04 19:34:09.000000', '2024-11-04 19:34:09.000000', b'1', '1980-11-04', 'felipe.sepulveda94@correo.cl', NULL, 'Felipe', 'Sepúlveda', NULL, '201001125', 'Acuña', 2, 'LOCAL', 'ACTIVE', '$2a$10$N9qo8uLOickgx2ZMRZoMyeIjZAgcfl7p92ldGxad68LnKqaXlbwCe'),
('c83ecd7f-0a13-2ac0-2306-c8dda5902492', '2025-08-26 19:34:09.000000', '2025-08-26 19:34:09.000000', b'1', '1976-11-17', 'nataly.pizarro52@correo.cl', NULL, 'Nataly', 'Pizarro', NULL, '201000536', 'Cisternas', 2, 'LOCAL', 'ACTIVE', '$2a$10$N9qo8uLOickgx2ZMRZoMyeIjZAgcfl7p92ldGxad68LnKqaXlbwCe'),
('c9557395-6dcc-53d4-42b0-d77b027d7940', '2025-03-19 19:34:09.000000', '2025-03-19 19:34:09.000000', b'1', '1990-09-29', 'arturo.opazo96@correo.cl', NULL, 'Arturo', 'Opazo', NULL, '201003658', 'Soto', 2, 'LOCAL', 'ACTIVE', '$2a$10$N9qo8uLOickgx2ZMRZoMyeIjZAgcfl7p92ldGxad68LnKqaXlbwCe'),
('c97249de-7d61-c3e7-3eb4-ef9b5c7a5456', '2025-10-20 19:34:09.000000', '2025-10-20 19:34:09.000000', b'1', '1981-03-04', 'antonia.henriquez22@correo.cl', NULL, 'Antonia', 'Henríquez', NULL, '201003225', 'Vega', 2, 'LOCAL', 'ACTIVE', '$2a$10$N9qo8uLOickgx2ZMRZoMyeIjZAgcfl7p92ldGxad68LnKqaXlbwCe'),
('ca370ece-1ac1-8a96-bf65-fb960f8bb27f', '2026-05-18 19:34:09.000000', '2026-05-18 19:34:09.000000', b'1', '1971-06-21', 'ximena.ramos29@correo.cl', NULL, 'Ximena', 'Ramos', NULL, '201004203', 'Sepúlveda', 2, 'LOCAL', 'ACTIVE', '$2a$10$N9qo8uLOickgx2ZMRZoMyeIjZAgcfl7p92ldGxad68LnKqaXlbwCe'),
('ca438b3d-1681-372e-f586-31f3229d3171', '2025-06-12 19:34:09.000000', '2025-06-12 19:34:09.000000', b'1', '1972-01-23', 'valeria.perez35@correo.cl', NULL, 'Valeria', 'Pérez', NULL, '201003481', 'Araya', 2, 'LOCAL', 'ACTIVE', '$2a$10$N9qo8uLOickgx2ZMRZoMyeIjZAgcfl7p92ldGxad68LnKqaXlbwCe'),
('cab4eef5-aec9-a95e-5012-40cadd063f27', '2025-06-07 19:34:09.000000', '2025-06-07 19:34:09.000000', b'1', '1971-12-06', 'hector.vega50@correo.cl', NULL, 'Héctor', 'Vega', NULL, '201004892', 'González', 2, 'LOCAL', 'ACTIVE', '$2a$10$N9qo8uLOickgx2ZMRZoMyeIjZAgcfl7p92ldGxad68LnKqaXlbwCe'),
('cac198f9-82f0-e2d1-39ee-1691301392fa', '2025-09-25 19:34:09.000000', '2025-09-25 19:34:09.000000', b'1', '1979-08-22', 'sergio.rojas36@correo.cl', NULL, 'Sergio', 'Rojas', NULL, '201004670', 'Opazo', 2, 'LOCAL', 'ACTIVE', '$2a$10$N9qo8uLOickgx2ZMRZoMyeIjZAgcfl7p92ldGxad68LnKqaXlbwCe'),
('cb7f1871-5986-1b0a-7f53-ccf0e9d1e4af', '2026-01-03 19:34:09.000000', '2026-01-03 19:34:09.000000', b'1', '1985-12-28', 'andrea.sandoval80@correo.cl', NULL, 'Andrea', 'Sandoval', NULL, '201000270', 'Palma', 2, 'LOCAL', 'ACTIVE', '$2a$10$N9qo8uLOickgx2ZMRZoMyeIjZAgcfl7p92ldGxad68LnKqaXlbwCe'),
('cb82f0e4-3e9f-7fed-b3e4-53c3aa68fdb2', '2026-04-28 19:34:09.000000', '2026-04-28 19:34:09.000000', b'1', '1994-09-16', 'hector.ramos86@correo.cl', NULL, 'Héctor', 'Ramos', NULL, '201004247', 'Acuña', 2, 'LOCAL', 'ACTIVE', '$2a$10$N9qo8uLOickgx2ZMRZoMyeIjZAgcfl7p92ldGxad68LnKqaXlbwCe'),
('cc1bc664-b0c4-26ae-3783-a2fad6d1cfe5', '2025-07-22 19:34:09.000000', '2025-07-22 19:34:09.000000', b'1', '1975-01-31', 'david.nunez8@correo.cl', NULL, 'David', 'Núñez', NULL, '201004803', 'Rojas', 2, 'LOCAL', 'ACTIVE', '$2a$10$N9qo8uLOickgx2ZMRZoMyeIjZAgcfl7p92ldGxad68LnKqaXlbwCe'),
('cc3c83c0-7184-9d1e-c2c3-6362653af5b4', '2026-04-23 19:34:09.000000', '2026-04-23 19:34:09.000000', b'1', '1993-12-02', 'claudia.valenzuela55@correo.cl', NULL, 'Claudia', 'Valenzuela', NULL, '201001458', 'Palma', 2, 'LOCAL', 'ACTIVE', '$2a$10$N9qo8uLOickgx2ZMRZoMyeIjZAgcfl7p92ldGxad68LnKqaXlbwCe'),
('cc6f04ad-3d2a-4fb7-2f0c-69bf66ec9f0c', '2024-07-02 19:34:09.000000', '2024-07-02 19:34:09.000000', b'1', '1972-04-20', 'tomas.lopez51@correo.cl', NULL, 'Tomás', 'López', NULL, '201002770', 'Opazo', 2, 'LOCAL', 'ACTIVE', '$2a$10$N9qo8uLOickgx2ZMRZoMyeIjZAgcfl7p92ldGxad68LnKqaXlbwCe'),
('cdf16f2f-71fb-6912-c165-f70134114972', '2024-11-14 19:34:09.000000', '2024-11-14 19:34:09.000000', b'1', '1981-07-18', 'viviana.jara56@correo.cl', NULL, 'Viviana', 'Jara', NULL, '201001103', 'Silva', 2, 'LOCAL', 'ACTIVE', '$2a$10$N9qo8uLOickgx2ZMRZoMyeIjZAgcfl7p92ldGxad68LnKqaXlbwCe'),
('ce1baaf6-bfdd-58dc-9e95-bf43b3f15eac', '2025-05-23 19:34:09.000000', '2025-05-23 19:34:09.000000', b'1', '1994-11-11', 'eduardo.martinez19@correo.cl', NULL, 'Eduardo', 'Martínez', NULL, '201000725', 'Orellana', 2, 'LOCAL', 'ACTIVE', '$2a$10$N9qo8uLOickgx2ZMRZoMyeIjZAgcfl7p92ldGxad68LnKqaXlbwCe'),
('ce57189f-5729-ada2-f775-82074bf0d8e7', '2026-01-13 19:34:09.000000', '2026-01-13 19:34:09.000000', b'1', '1987-02-17', 'constanza.sepulveda73@correo.cl', NULL, 'Constanza', 'Sepúlveda', NULL, '201003058', 'Caro', 2, 'LOCAL', 'ACTIVE', '$2a$10$N9qo8uLOickgx2ZMRZoMyeIjZAgcfl7p92ldGxad68LnKqaXlbwCe'),
('ce8ad7b9-3486-dc3f-a2e8-045de4be5262', '2025-07-02 19:34:09.000000', '2025-07-02 19:34:09.000000', b'1', '1973-01-09', 'macarena.torres27@correo.cl', NULL, 'Macarena', 'Torres', NULL, '201000647', 'López', 2, 'LOCAL', 'ACTIVE', '$2a$10$N9qo8uLOickgx2ZMRZoMyeIjZAgcfl7p92ldGxad68LnKqaXlbwCe'),
('cedb44d4-28c2-c811-3436-edd36e25bffc', '2025-11-29 19:34:09.000000', '2025-11-29 19:34:09.000000', b'1', '1983-12-23', 'eduardo.orellana7@correo.cl', NULL, 'Eduardo', 'Orellana', NULL, '201003147', 'Bustamante', 2, 'LOCAL', 'ACTIVE', '$2a$10$N9qo8uLOickgx2ZMRZoMyeIjZAgcfl7p92ldGxad68LnKqaXlbwCe'),
('cf25c8b4-a5bf-061a-17a3-ebdc06d84a91', '2024-07-07 19:34:09.000000', '2024-07-07 19:34:09.000000', b'1', '1972-08-26', 'daniela.bravo51@correo.cl', NULL, 'Daniela', 'Bravo', NULL, '201002769', 'Rojas', 2, 'LOCAL', 'ACTIVE', '$2a$10$N9qo8uLOickgx2ZMRZoMyeIjZAgcfl7p92ldGxad68LnKqaXlbwCe'),
('d066ee74-fcce-62e9-4a49-b966eba5c30f', '2025-10-30 19:34:09.000000', '2025-10-30 19:34:09.000000', b'1', '1981-11-15', 'tomas.sanchez20@correo.cl', NULL, 'Tomás', 'Sánchez', NULL, '201003203', 'Caro', 2, 'LOCAL', 'ACTIVE', '$2a$10$N9qo8uLOickgx2ZMRZoMyeIjZAgcfl7p92ldGxad68LnKqaXlbwCe'),
('d10bbc75-925d-e12b-3ede-4e4bae465d5a', '2025-01-18 19:34:09.000000', '2025-01-18 19:34:09.000000', b'1', '1986-07-16', 'bruno.soto84@correo.cl', NULL, 'Bruno', 'Soto', NULL, '201003770', 'Muñoz', 2, 'LOCAL', 'ACTIVE', '$2a$10$N9qo8uLOickgx2ZMRZoMyeIjZAgcfl7p92ldGxad68LnKqaXlbwCe'),
('d15fc9a7-4225-1e45-2a8d-d42870892d9a', '2024-06-22 19:34:09.000000', '2024-06-22 19:34:09.000000', b'1', '1971-08-08', 'eduardo.lopez69@correo.cl', NULL, 'Eduardo', 'López', NULL, '201002792', 'Henríquez', 2, 'LOCAL', 'ACTIVE', '$2a$10$N9qo8uLOickgx2ZMRZoMyeIjZAgcfl7p92ldGxad68LnKqaXlbwCe'),
('d16f0f3b-c786-5f8f-a704-9211f19ee653', '2026-05-13 19:34:09.000000', '2026-05-13 19:34:09.000000', b'1', '1995-04-28', 'claudia.silva47@correo.cl', NULL, 'Claudia', 'Silva', NULL, '201001414', 'Vera', 2, 'LOCAL', 'ACTIVE', '$2a$10$N9qo8uLOickgx2ZMRZoMyeIjZAgcfl7p92ldGxad68LnKqaXlbwCe'),
('d2fdc515-36be-b4eb-32e8-079e9dabac38', '2026-04-18 19:34:09.000000', '2026-04-18 19:34:09.000000', b'1', '1993-10-15', 'veronica.ramirez11@correo.cl', NULL, 'Verónica', 'Ramírez', NULL, '201002869', 'Aravena', 2, 'LOCAL', 'ACTIVE', '$2a$10$N9qo8uLOickgx2ZMRZoMyeIjZAgcfl7p92ldGxad68LnKqaXlbwCe'),
('d4d2661c-5765-21cf-04f8-72532c84d52f', '2026-01-28 19:34:09.000000', '2026-01-28 19:34:09.000000', b'1', '1987-12-18', 'agustin.palma33@correo.cl', NULL, 'Agustín', 'Palma', NULL, '201001625', 'Jiménez', 2, 'LOCAL', 'ACTIVE', '$2a$10$N9qo8uLOickgx2ZMRZoMyeIjZAgcfl7p92ldGxad68LnKqaXlbwCe'),
('d521ab07-be85-99fa-78f4-ad3a830fe91a', '2026-01-23 19:34:09.000000', '2026-01-23 19:34:09.000000', b'1', '1988-01-19', 'constanza.soto92@correo.cl', NULL, 'Constanza', 'Soto', NULL, '201004436', 'Díaz', 2, 'LOCAL', 'ACTIVE', '$2a$10$N9qo8uLOickgx2ZMRZoMyeIjZAgcfl7p92ldGxad68LnKqaXlbwCe'),
('d589480d-f79d-96c7-cc4e-56d20a6ee08f', '2026-04-13 19:34:09.000000', '2026-04-13 19:34:09.000000', b'1', '1993-08-28', 'monica.vidal85@correo.cl', NULL, 'Mónica', 'Vidal', NULL, '201004270', 'Rojas', 2, 'LOCAL', 'ACTIVE', '$2a$10$N9qo8uLOickgx2ZMRZoMyeIjZAgcfl7p92ldGxad68LnKqaXlbwCe'),
('d7ceac2e-622d-190c-b513-bd88d6ced11a', '2025-06-22 19:34:09.000000', '2025-06-22 19:34:09.000000', b'1', '1972-12-24', 'susana.herrera1@correo.cl', NULL, 'Susana', 'Herrera', NULL, '201004869', 'Acuña', 2, 'LOCAL', 'ACTIVE', '$2a$10$N9qo8uLOickgx2ZMRZoMyeIjZAgcfl7p92ldGxad68LnKqaXlbwCe'),
('d8223890-ebfa-411c-8cff-842fd61bd928', '2025-06-17 19:34:09.000000', '2025-06-17 19:34:09.000000', b'1', '1971-12-22', 'javier.diaz88@correo.cl', NULL, 'Javier', 'Díaz', NULL, '201000670', 'Leiva', 2, 'LOCAL', 'ACTIVE', '$2a$10$N9qo8uLOickgx2ZMRZoMyeIjZAgcfl7p92ldGxad68LnKqaXlbwCe'),
('d82d791b-b049-9aa2-d423-e9bf8a13cb25', '2025-05-23 19:34:09.000000', '2025-05-23 19:34:09.000000', b'1', '1970-11-17', 'isabel.munoz72@correo.cl', NULL, 'Isabel', 'Muñoz', NULL, '201004925', 'Vera', 2, 'LOCAL', 'ACTIVE', '$2a$10$N9qo8uLOickgx2ZMRZoMyeIjZAgcfl7p92ldGxad68LnKqaXlbwCe'),
('d8e75c4d-bd5f-810b-5959-b39ac87ecdfa', '2024-08-26 19:34:09.000000', '2024-08-26 19:34:09.000000', b'1', '1976-05-17', 'maximiliano.ramirez40@correo.cl', NULL, 'Maximiliano', 'Ramírez', NULL, '201004069', 'Martínez', 2, 'LOCAL', 'ACTIVE', '$2a$10$N9qo8uLOickgx2ZMRZoMyeIjZAgcfl7p92ldGxad68LnKqaXlbwCe'),
('d931448e-6edb-b045-8f3b-7be2b75823b5', '2025-05-08 19:34:09.000000', '2025-05-08 19:34:09.000000', b'1', '1994-06-20', 'isabel.olivares91@correo.cl', NULL, 'Isabel', 'Olivares', NULL, '201004958', 'Acuña', 2, 'LOCAL', 'ACTIVE', '$2a$10$N9qo8uLOickgx2ZMRZoMyeIjZAgcfl7p92ldGxad68LnKqaXlbwCe'),
('d989ee58-c478-6049-748f-60f6a8177ea3', '2025-07-07 19:34:09.000000', '2025-07-07 19:34:09.000000', b'1', '1974-01-12', 'javier.reyes53@correo.cl', NULL, 'Javier', 'Reyes', NULL, '201004836', 'Pizarro', 2, 'LOCAL', 'ACTIVE', '$2a$10$N9qo8uLOickgx2ZMRZoMyeIjZAgcfl7p92ldGxad68LnKqaXlbwCe'),
('d9dec248-029d-839c-f938-64fe8540f172', '2026-03-04 19:34:09.000000', '2026-03-04 19:34:09.000000', b'1', '1990-11-08', 'sebastian.caro80@correo.cl', NULL, 'Sebastián', 'Caro', NULL, '201004358', 'Poblete', 2, 'LOCAL', 'ACTIVE', '$2a$10$N9qo8uLOickgx2ZMRZoMyeIjZAgcfl7p92ldGxad68LnKqaXlbwCe'),
('dabeed48-c29c-5006-a9f1-eb0d804c32d6', '2025-01-13 19:34:09.000000', '2025-01-13 19:34:09.000000', b'1', '1986-03-10', 'cesar.ramos79@correo.cl', NULL, 'César', 'Ramos', NULL, '201003781', 'Pérez', 2, 'LOCAL', 'ACTIVE', '$2a$10$N9qo8uLOickgx2ZMRZoMyeIjZAgcfl7p92ldGxad68LnKqaXlbwCe'),
('dae08804-7d6a-f1da-529d-990aa228edac', '2024-10-05 19:34:09.000000', '2024-10-05 19:34:09.000000', b'1', '1979-03-07', 'rene.ramos61@correo.cl', NULL, 'René', 'Ramos', NULL, '201003981', 'Díaz', 2, 'LOCAL', 'ACTIVE', '$2a$10$N9qo8uLOickgx2ZMRZoMyeIjZAgcfl7p92ldGxad68LnKqaXlbwCe'),
('dba3115d-4c97-82f6-d6fc-4e36da76e1f6', '2025-12-04 19:34:09.000000', '2025-12-04 19:34:09.000000', b'1', '1983-11-21', 'jorge.poblete60@correo.cl', NULL, 'Jorge', 'Poblete', NULL, '201000336', 'Bustamante', 2, 'LOCAL', 'ACTIVE', '$2a$10$N9qo8uLOickgx2ZMRZoMyeIjZAgcfl7p92ldGxad68LnKqaXlbwCe'),
('dc907ecc-6bb0-c948-e8e4-7ffc2d72f971', '2025-10-20 19:34:09.000000', '2025-10-20 19:34:09.000000', b'1', '1980-12-14', 'david.martinez94@correo.cl', NULL, 'David', 'Martínez', NULL, '201001825', 'Rojas', 2, 'LOCAL', 'ACTIVE', '$2a$10$N9qo8uLOickgx2ZMRZoMyeIjZAgcfl7p92ldGxad68LnKqaXlbwCe'),
('dce34686-2e12-c05e-e9a6-336782afefed', '2025-03-29 19:34:09.000000', '2025-03-29 19:34:09.000000', b'1', '1991-03-24', 'bruno.diaz74@correo.cl', NULL, 'Bruno', 'Díaz', NULL, '201002236', 'Herrera', 2, 'LOCAL', 'ACTIVE', '$2a$10$N9qo8uLOickgx2ZMRZoMyeIjZAgcfl7p92ldGxad68LnKqaXlbwCe'),
('ddcd0459-bd0e-47da-0c94-7ea72b2e2c14', '2024-07-27 19:34:09.000000', '2024-07-27 19:34:09.000000', b'1', '1974-01-20', 'gabriel.vega27@correo.cl', NULL, 'Gabriel', 'Vega', NULL, '201002725', 'Olivares', 2, 'LOCAL', 'ACTIVE', '$2a$10$N9qo8uLOickgx2ZMRZoMyeIjZAgcfl7p92ldGxad68LnKqaXlbwCe'),
('dea8539c-07fc-455f-8b67-babd3eb21637', '2026-02-07 19:34:09.000000', '2026-02-07 19:34:09.000000', b'1', '1989-02-06', 'marcela.gonzalez28@correo.cl', NULL, 'Marcela', 'González', NULL, '201004403', 'Bravo', 2, 'LOCAL', 'ACTIVE', '$2a$10$N9qo8uLOickgx2ZMRZoMyeIjZAgcfl7p92ldGxad68LnKqaXlbwCe'),
('dfed0f52-1e67-f687-082f-88fa1df02c42', '2025-10-25 19:34:09.000000', '2025-10-25 19:34:09.000000', b'1', '1981-01-31', 'jose.cabrera12@correo.cl', NULL, 'José', 'Cabrera', NULL, '201000414', 'Fernández', 2, 'LOCAL', 'ACTIVE', '$2a$10$N9qo8uLOickgx2ZMRZoMyeIjZAgcfl7p92ldGxad68LnKqaXlbwCe'),
('e02d16a6-cf28-eef6-1bc5-bc477f17a76a', '2026-04-13 19:34:09.000000', '2026-04-13 19:34:09.000000', b'1', '1993-03-21', 'andres.fernandez2@correo.cl', NULL, 'Andrés', 'Fernández', NULL, '201001470', 'Orellana', 2, 'LOCAL', 'ACTIVE', '$2a$10$N9qo8uLOickgx2ZMRZoMyeIjZAgcfl7p92ldGxad68LnKqaXlbwCe'),
('e090944b-788c-ef4a-ebca-c69b39f560aa', '2025-10-15 19:34:09.000000', '2025-10-15 19:34:09.000000', b'1', '1980-05-20', 'jorge.diaz38@correo.cl', NULL, 'Jorge', 'Díaz', NULL, '201000436', 'Rubio', 2, 'LOCAL', 'ACTIVE', '$2a$10$N9qo8uLOickgx2ZMRZoMyeIjZAgcfl7p92ldGxad68LnKqaXlbwCe'),
('e0ca6174-3c59-5564-e725-268250f52730', '2026-05-03 19:34:09.000000', '2026-05-03 19:34:09.000000', b'1', '1994-05-27', 'victor.perez56@correo.cl', NULL, 'Víctor', 'Pérez', NULL, '201000036', 'Díaz', 2, 'LOCAL', 'ACTIVE', '$2a$10$N9qo8uLOickgx2ZMRZoMyeIjZAgcfl7p92ldGxad68LnKqaXlbwCe'),
('e1cbb5e4-cce4-5ee7-8af4-bfebbeb46075', '2025-12-19 19:34:09.000000', '2025-12-19 19:34:09.000000', b'1', '1985-05-18', 'susana.cardenas85@correo.cl', NULL, 'Susana', 'Cárdenas', NULL, '201003103', 'Inostroza', 2, 'LOCAL', 'ACTIVE', '$2a$10$N9qo8uLOickgx2ZMRZoMyeIjZAgcfl7p92ldGxad68LnKqaXlbwCe'),
('e201add0-44c0-0236-5158-14c35c745a56', '2025-12-14 19:34:09.000000', '2025-12-14 19:34:09.000000', b'1', '1984-10-22', 'valeria.rubio77@correo.cl', NULL, 'Valeria', 'Rubio', NULL, '201001714', 'Soto', 2, 'LOCAL', 'ACTIVE', '$2a$10$N9qo8uLOickgx2ZMRZoMyeIjZAgcfl7p92ldGxad68LnKqaXlbwCe'),
('e26f2056-1777-a8b8-2faa-045eafed4ec5', '2024-07-07 19:34:09.000000', '2024-07-07 19:34:09.000000', b'1', '1972-06-07', 'gabriela.cortes66@correo.cl', NULL, 'Gabriela', 'Cortés', NULL, '201001369', 'Aravena', 2, 'LOCAL', 'ACTIVE', '$2a$10$N9qo8uLOickgx2ZMRZoMyeIjZAgcfl7p92ldGxad68LnKqaXlbwCe'),
('e2740694-ea2a-7dde-319a-5548c2d3c301', '2025-07-22 19:34:09.000000', '2025-07-22 19:34:09.000000', b'1', '1974-06-05', 'matias.sandoval96@correo.cl', NULL, 'Matías', 'Sandoval', NULL, '201000603', 'Silva', 2, 'LOCAL', 'ACTIVE', '$2a$10$N9qo8uLOickgx2ZMRZoMyeIjZAgcfl7p92ldGxad68LnKqaXlbwCe'),
('e28493dc-c680-4836-9c8d-13b2d0c16dda', '2026-03-19 19:34:09.000000', '2026-03-19 19:34:09.000000', b'1', '1991-11-27', 'patricio.bravo40@correo.cl', NULL, 'Patricio', 'Bravo', NULL, '201004325', 'Espinoza', 2, 'LOCAL', 'ACTIVE', '$2a$10$N9qo8uLOickgx2ZMRZoMyeIjZAgcfl7p92ldGxad68LnKqaXlbwCe'),
('e2ca64b7-71ef-0f5c-a2aa-2789a6bd0780', '2025-08-26 19:34:09.000000', '2025-08-26 19:34:09.000000', b'1', '1977-07-15', 'catalina.bustamante14@correo.cl', NULL, 'Catalina', 'Bustamante', NULL, '201004736', 'Poblete', 2, 'LOCAL', 'ACTIVE', '$2a$10$N9qo8uLOickgx2ZMRZoMyeIjZAgcfl7p92ldGxad68LnKqaXlbwCe'),
('e3720b6f-f7b0-dcf7-81e8-060d9e3f02ac', '2025-06-12 19:34:09.000000', '2025-06-12 19:34:09.000000', b'1', '1971-11-04', 'beatriz.flores89@correo.cl', NULL, 'Beatriz', 'Flores', NULL, '201002081', 'Ramos', 2, 'LOCAL', 'ACTIVE', '$2a$10$N9qo8uLOickgx2ZMRZoMyeIjZAgcfl7p92ldGxad68LnKqaXlbwCe'),
('e38f21b6-72e1-2470-7e13-2459c5c32b17', '2025-05-23 19:34:09.000000', '2025-05-23 19:34:09.000000', b'1', '1995-04-20', 'natalia.pizarro48@correo.cl', NULL, 'Natalia', 'Pizarro', NULL, '201003525', 'Martínez', 2, 'LOCAL', 'ACTIVE', '$2a$10$N9qo8uLOickgx2ZMRZoMyeIjZAgcfl7p92ldGxad68LnKqaXlbwCe'),
('e49957d4-6c4e-9e53-290b-334c49e414ee', '2025-11-19 19:34:09.000000', '2025-11-19 19:34:09.000000', b'1', '1983-06-30', 'patricia.vera17@correo.cl', NULL, 'Patricia', 'Vera', NULL, '201004569', 'Opazo', 2, 'LOCAL', 'ACTIVE', '$2a$10$N9qo8uLOickgx2ZMRZoMyeIjZAgcfl7p92ldGxad68LnKqaXlbwCe'),
('e4df0ef3-82ad-51cb-09c0-205691cadd0d', '2025-05-18 19:34:09.000000', '2025-05-18 19:34:09.000000', b'1', '1995-03-03', 'agustin.reyes57@correo.cl', NULL, 'Agustín', 'Reyes', NULL, '201004936', 'Sánchez', 2, 'LOCAL', 'ACTIVE', '$2a$10$N9qo8uLOickgx2ZMRZoMyeIjZAgcfl7p92ldGxad68LnKqaXlbwCe'),
('e4efc685-9b01-323d-9dd1-e8b07a020ca5', '2024-06-22 19:34:09.000000', '2024-06-22 19:34:09.000000', b'1', '1971-10-27', 'rosa.henriquez91@correo.cl', NULL, 'Rosa', 'Henríquez', NULL, '201004192', 'Jiménez', 2, 'LOCAL', 'ACTIVE', '$2a$10$N9qo8uLOickgx2ZMRZoMyeIjZAgcfl7p92ldGxad68LnKqaXlbwCe'),
('e6cf7d35-1536-deae-5323-40330856aa62', '2025-08-11 19:34:09.000000', '2025-08-11 19:34:09.000000', b'1', '1976-04-07', 'alejandro.soto78@correo.cl', NULL, 'Alejandro', 'Soto', NULL, '201003369', 'Bustamante', 2, 'LOCAL', 'ACTIVE', '$2a$10$N9qo8uLOickgx2ZMRZoMyeIjZAgcfl7p92ldGxad68LnKqaXlbwCe'),
('e812f39d-aa4c-2027-6d66-cb4a7bfd8e6d', '2025-01-13 19:34:09.000000', '2025-01-13 19:34:09.000000', b'1', '1985-12-20', 'valeria.sanchez76@correo.cl', NULL, 'Valeria', 'Sánchez', NULL, '201002381', 'Reyes', 2, 'LOCAL', 'ACTIVE', '$2a$10$N9qo8uLOickgx2ZMRZoMyeIjZAgcfl7p92ldGxad68LnKqaXlbwCe'),
('e8b213ff-f120-d74a-0db3-a08bfbcc82d2', '2025-11-09 19:34:09.000000', '2025-11-09 19:34:09.000000', b'1', '1982-05-10', 'beatriz.vidal26@correo.cl', NULL, 'Beatriz', 'Vidal', NULL, '201001781', 'Palma', 2, 'LOCAL', 'ACTIVE', '$2a$10$N9qo8uLOickgx2ZMRZoMyeIjZAgcfl7p92ldGxad68LnKqaXlbwCe'),
('e9897671-87a5-20f7-6ad5-b9b1f296e179', '2026-01-28 19:34:09.000000', '2026-01-28 19:34:09.000000', b'1', '1988-05-26', 'rosa.perez33@correo.cl', NULL, 'Rosa', 'Pérez', NULL, '201004425', 'Vega', 2, 'LOCAL', 'ACTIVE', '$2a$10$N9qo8uLOickgx2ZMRZoMyeIjZAgcfl7p92ldGxad68LnKqaXlbwCe'),
('e9acd6f4-d4b9-0c04-45af-0b7bbf5c86c4', '2025-11-09 19:34:09.000000', '2025-11-09 19:34:09.000000', b'1', '1982-10-17', 'nataly.rubio25@correo.cl', NULL, 'Nataly', 'Rubio', NULL, '201004581', 'Contreras', 2, 'LOCAL', 'ACTIVE', '$2a$10$N9qo8uLOickgx2ZMRZoMyeIjZAgcfl7p92ldGxad68LnKqaXlbwCe'),
('eb3999a0-b055-f1b5-b842-aa270b5ba369', '2025-12-24 19:34:09.000000', '2025-12-24 19:34:09.000000', b'1', '1985-09-23', 'jaime.vega12@correo.cl', NULL, 'Jaime', 'Vega', NULL, '201003092', 'Morales', 2, 'LOCAL', 'ACTIVE', '$2a$10$N9qo8uLOickgx2ZMRZoMyeIjZAgcfl7p92ldGxad68LnKqaXlbwCe'),
('eb3ded73-9561-a18a-d91e-16d25969639f', '2025-09-25 19:34:09.000000', '2025-09-25 19:34:09.000000', b'1', '1978-12-25', 'hugo.pizarro43@correo.cl', NULL, 'Hugo', 'Pizarro', NULL, '201000470', 'Díaz', 2, 'LOCAL', 'ACTIVE', '$2a$10$N9qo8uLOickgx2ZMRZoMyeIjZAgcfl7p92ldGxad68LnKqaXlbwCe'),
('eb8365da-e17f-c876-97df-9bdab3bdb7f3', '2024-12-09 19:34:09.000000', '2024-12-09 19:34:09.000000', b'1', '1983-09-26', 'ricardo.silva72@correo.cl', NULL, 'Ricardo', 'Silva', NULL, '201003858', 'Araya', 2, 'LOCAL', 'ACTIVE', '$2a$10$N9qo8uLOickgx2ZMRZoMyeIjZAgcfl7p92ldGxad68LnKqaXlbwCe'),
('ebdbb8cb-2857-1edc-ea6e-1dccfd583efd', '2026-03-04 19:34:09.000000', '2026-03-04 19:34:09.000000', b'1', '1990-08-20', 'daniel.cisternas76@correo.cl', NULL, 'Daniel', 'Cisternas', NULL, '201002958', 'Henríquez', 2, 'LOCAL', 'ACTIVE', '$2a$10$N9qo8uLOickgx2ZMRZoMyeIjZAgcfl7p92ldGxad68LnKqaXlbwCe'),
('ecbda472-d2a4-efb4-9425-80a8f9d45b55', '2026-01-08 19:34:09.000000', '2026-01-08 19:34:09.000000', b'1', '1986-10-12', 'felipe.cisternas5@correo.cl', NULL, 'Felipe', 'Cisternas', NULL, '201003069', 'Quijada', 2, 'LOCAL', 'ACTIVE', '$2a$10$N9qo8uLOickgx2ZMRZoMyeIjZAgcfl7p92ldGxad68LnKqaXlbwCe'),
('ecbfc0a7-2836-c526-fa23-c5c8211774de', '2025-02-17 19:34:09.000000', '2025-02-17 19:34:09.000000', b'1', '1988-08-22', 'sofia.martinez86@correo.cl', NULL, 'Sofía', 'Martínez', NULL, '201003714', 'Morales', 2, 'LOCAL', 'ACTIVE', '$2a$10$N9qo8uLOickgx2ZMRZoMyeIjZAgcfl7p92ldGxad68LnKqaXlbwCe'),
('ecfdfb31-2932-abbe-3d34-ead4376963df', '2025-08-01 19:34:09.000000', '2025-08-01 19:34:09.000000', b'1', '1975-07-26', 'jorge.soto22@correo.cl', NULL, 'Jorge', 'Soto', NULL, '201003381', 'Castro', 2, 'LOCAL', 'ACTIVE', '$2a$10$N9qo8uLOickgx2ZMRZoMyeIjZAgcfl7p92ldGxad68LnKqaXlbwCe'),
('ed253d66-47cf-d341-6d81-be87265f733a', '2025-02-12 19:34:09.000000', '2025-02-12 19:34:09.000000', b'1', '1988-01-27', 'tomas.inostroza57@correo.cl', NULL, 'Tomás', 'Inostroza', NULL, '201002325', 'Contreras', 2, 'LOCAL', 'ACTIVE', '$2a$10$N9qo8uLOickgx2ZMRZoMyeIjZAgcfl7p92ldGxad68LnKqaXlbwCe'),
('ed9f7a40-3405-d33a-e0ac-363286c21fe9', '2025-11-14 19:34:09.000000', '2025-11-14 19:34:09.000000', b'1', '1982-06-27', 'marco.fernandez99@correo.cl', NULL, 'Marco', 'Fernández', NULL, '201000370', 'Torres', 2, 'LOCAL', 'ACTIVE', '$2a$10$N9qo8uLOickgx2ZMRZoMyeIjZAgcfl7p92ldGxad68LnKqaXlbwCe'),
('edd1419f-e890-a895-96aa-dafcaa12f4b7', '2025-09-15 19:34:09.000000', '2025-09-15 19:34:09.000000', b'1', '1978-12-09', 'gabriela.palma2@correo.cl', NULL, 'Gabriela', 'Palma', NULL, '201004692', 'Caro', 2, 'LOCAL', 'ACTIVE', '$2a$10$N9qo8uLOickgx2ZMRZoMyeIjZAgcfl7p92ldGxad68LnKqaXlbwCe'),
('edda386c-69c9-bcaf-eb5a-d3531cadbbce', '2024-08-01 19:34:09.000000', '2024-08-01 19:34:09.000000', b'1', '1974-03-09', 'javiera.vera63@correo.cl', NULL, 'Javiera', 'Vera', NULL, '201001314', 'Pérez', 2, 'LOCAL', 'ACTIVE', '$2a$10$N9qo8uLOickgx2ZMRZoMyeIjZAgcfl7p92ldGxad68LnKqaXlbwCe'),
('eef29457-bf1a-4115-67ea-241c225ebab5', '2025-10-20 19:34:09.000000', '2025-10-20 19:34:09.000000', b'1', '1981-05-23', 'carolina.fuentes83@correo.cl', NULL, 'Carolina', 'Fuentes', NULL, '201004625', 'Vidal', 2, 'LOCAL', 'ACTIVE', '$2a$10$N9qo8uLOickgx2ZMRZoMyeIjZAgcfl7p92ldGxad68LnKqaXlbwCe'),
('eef6ce50-3f87-06c7-1d2d-7d6bac1e8942', '2024-06-27 19:34:09.000000', '2024-06-27 19:34:09.000000', b'1', '1971-09-25', 'alejandra.contreras51@correo.cl', NULL, 'Alejandra', 'Contreras', NULL, '201001381', 'Flores', 2, 'LOCAL', 'ACTIVE', '$2a$10$N9qo8uLOickgx2ZMRZoMyeIjZAgcfl7p92ldGxad68LnKqaXlbwCe'),
('ef72ff93-4108-5ff1-d9c4-ca99bb0bf36c', '2026-05-13 19:34:09.000000', '2026-05-13 19:34:09.000000', b'1', '1995-02-07', 'nataly.lopez13@correo.cl', NULL, 'Nataly', 'López', NULL, '201000014', 'Navarrete', 2, 'LOCAL', 'ACTIVE', '$2a$10$N9qo8uLOickgx2ZMRZoMyeIjZAgcfl7p92ldGxad68LnKqaXlbwCe'),
('efc8abe9-cce0-c4ce-457c-03b2b926b4fe', '2026-03-09 19:34:09.000000', '2026-03-09 19:34:09.000000', b'1', '1991-03-16', 'isabel.cisternas50@correo.cl', NULL, 'Isabel', 'Cisternas', NULL, '201004347', 'Núñez', 2, 'LOCAL', 'ACTIVE', '$2a$10$N9qo8uLOickgx2ZMRZoMyeIjZAgcfl7p92ldGxad68LnKqaXlbwCe'),
('efcc4675-da20-db12-fb6e-0264d31d85d2', '2024-09-10 19:34:09.000000', '2024-09-10 19:34:09.000000', b'1', '1977-03-17', 'pablo.nunez46@correo.cl', NULL, 'Pablo', 'Núñez', NULL, '201002636', 'González', 2, 'LOCAL', 'ACTIVE', '$2a$10$N9qo8uLOickgx2ZMRZoMyeIjZAgcfl7p92ldGxad68LnKqaXlbwCe'),
('efd5bb73-b4f2-1366-60fc-c68cad1d5696', '2025-05-08 19:34:09.000000', '2025-05-08 19:34:09.000000', b'1', '1993-10-23', 'jaime.herrera53@correo.cl', NULL, 'Jaime', 'Herrera', NULL, '201000758', 'López', 2, 'LOCAL', 'ACTIVE', '$2a$10$N9qo8uLOickgx2ZMRZoMyeIjZAgcfl7p92ldGxad68LnKqaXlbwCe'),
('efe9b503-1743-a454-60fd-91360222c134', '2025-09-10 19:34:09.000000', '2025-09-10 19:34:09.000000', b'1', '1978-05-15', 'cecilia.rubio89@correo.cl', NULL, 'Cecilia', 'Rubio', NULL, '201003303', 'Valenzuela', 2, 'LOCAL', 'ACTIVE', '$2a$10$N9qo8uLOickgx2ZMRZoMyeIjZAgcfl7p92ldGxad68LnKqaXlbwCe'),
('f0140e9d-1c29-fbf9-36f1-a3f7e08e04ab', '2025-06-07 19:34:09.000000', '2025-06-07 19:34:09.000000', b'1', '1971-06-29', 'catalina.nunez24@correo.cl', NULL, 'Catalina', 'Núñez', NULL, '201002092', 'Jiménez', 2, 'LOCAL', 'ACTIVE', '$2a$10$N9qo8uLOickgx2ZMRZoMyeIjZAgcfl7p92ldGxad68LnKqaXlbwCe'),
('f0e8bbd6-1425-373c-6303-5fc09e45d952', '2026-02-17 19:34:09.000000', '2026-02-17 19:34:09.000000', b'1', '1989-10-20', 'carmen.perez5@correo.cl', NULL, 'Carmen', 'Pérez', NULL, '201004381', 'Rojas', 2, 'LOCAL', 'ACTIVE', '$2a$10$N9qo8uLOickgx2ZMRZoMyeIjZAgcfl7p92ldGxad68LnKqaXlbwCe'),
('f2071b57-4863-3f33-8332-09f24ae5b178', '2025-11-24 19:34:09.000000', '2025-11-24 19:34:09.000000', b'1', '1983-03-10', 'nicolas.inostroza72@correo.cl', NULL, 'Nicolás', 'Inostroza', NULL, '201000358', 'Silva', 2, 'LOCAL', 'ACTIVE', '$2a$10$N9qo8uLOickgx2ZMRZoMyeIjZAgcfl7p92ldGxad68LnKqaXlbwCe'),
('f2b21f33-00da-0c08-9b75-4431427ad2f0', '2024-07-02 19:34:09.000000', '2024-07-02 19:34:09.000000', b'1', '1972-07-09', 'pamela.vidal24@correo.cl', NULL, 'Pamela', 'Vidal', NULL, '201004170', 'Torres', 2, 'LOCAL', 'ACTIVE', '$2a$10$N9qo8uLOickgx2ZMRZoMyeIjZAgcfl7p92ldGxad68LnKqaXlbwCe'),
('f43dc1ed-c1e0-1e0f-2a68-258ad1eaab74', '2024-11-29 19:34:09.000000', '2024-11-29 19:34:09.000000', b'1', '1982-08-06', 'yasna.vidal39@correo.cl', NULL, 'Yasna', 'Vidal', NULL, '201001070', 'Caro', 2, 'LOCAL', 'ACTIVE', '$2a$10$N9qo8uLOickgx2ZMRZoMyeIjZAgcfl7p92ldGxad68LnKqaXlbwCe'),
('f4911d9d-f167-0a81-ac4c-e6dd9c958850', '2025-02-22 19:34:09.000000', '2025-02-22 19:34:09.000000', b'1', '1988-07-21', 'camila.acuna77@correo.cl', NULL, 'Camila', 'Acuña', NULL, '201000903', 'Valenzuela', 2, 'LOCAL', 'ACTIVE', '$2a$10$N9qo8uLOickgx2ZMRZoMyeIjZAgcfl7p92ldGxad68LnKqaXlbwCe'),
('f5452ad7-b6a0-d90e-c8c7-8ab745201b11', '2025-02-27 19:34:09.000000', '2025-02-27 19:34:09.000000', b'1', '1988-11-26', 'agustin.soto96@correo.cl', NULL, 'Agustín', 'Soto', NULL, '201000892', 'López', 2, 'LOCAL', 'ACTIVE', '$2a$10$N9qo8uLOickgx2ZMRZoMyeIjZAgcfl7p92ldGxad68LnKqaXlbwCe'),
('f57a80dd-d241-c2b9-eded-2dfc105bc9c5', '2026-01-03 19:34:09.000000', '2026-01-03 19:34:09.000000', b'1', '1986-03-18', 'gabriel.vega2@correo.cl', NULL, 'Gabriel', 'Vega', NULL, '201001670', 'Jara', 2, 'LOCAL', 'ACTIVE', '$2a$10$N9qo8uLOickgx2ZMRZoMyeIjZAgcfl7p92ldGxad68LnKqaXlbwCe'),
('f685819c-3495-de35-38e1-ce76f1a45026', '2024-12-04 19:34:09.000000', '2024-12-04 19:34:09.000000', b'1', '1982-12-12', 'tomas.vidal31@correo.cl', NULL, 'Tomás', 'Vidal', NULL, '201001069', 'Navarrete', 2, 'LOCAL', 'ACTIVE', '$2a$10$N9qo8uLOickgx2ZMRZoMyeIjZAgcfl7p92ldGxad68LnKqaXlbwCe'),
('f6a351d7-9971-0b51-d357-9680f9baf830', '2026-03-24 19:34:09.000000', '2026-03-24 19:34:09.000000', b'1', '1991-10-26', 'daniela.ramirez3@correo.cl', NULL, 'Daniela', 'Ramírez', NULL, '201001514', 'Vera', 2, 'LOCAL', 'ACTIVE', '$2a$10$N9qo8uLOickgx2ZMRZoMyeIjZAgcfl7p92ldGxad68LnKqaXlbwCe'),
('f716c7ba-debe-6549-266d-1fc928d0b487', '2026-03-29 19:34:09.000000', '2026-03-29 19:34:09.000000', b'1', '1991-12-13', 'jaime.olivares49@correo.cl', NULL, 'Jaime', 'Olivares', NULL, '201000103', 'Núñez', 2, 'LOCAL', 'ACTIVE', '$2a$10$N9qo8uLOickgx2ZMRZoMyeIjZAgcfl7p92ldGxad68LnKqaXlbwCe'),
('f7dc106d-6d74-3257-4df8-48eb6c0f6676', '2026-01-28 19:34:09.000000', '2026-01-28 19:34:09.000000', b'1', '1988-03-07', 'ricardo.inostroza1@correo.cl', NULL, 'Ricardo', 'Inostroza', NULL, '201003025', 'Leiva', 2, 'LOCAL', 'ACTIVE', '$2a$10$N9qo8uLOickgx2ZMRZoMyeIjZAgcfl7p92ldGxad68LnKqaXlbwCe'),
('f8308d48-f766-4dd8-2a32-bbc96693a4c9', '2024-07-27 19:34:09.000000', '2024-07-27 19:34:09.000000', b'1', '1973-11-01', 'mauricio.morales2@correo.cl', NULL, 'Mauricio', 'Morales', NULL, '201001325', 'Rubio', 2, 'LOCAL', 'ACTIVE', '$2a$10$N9qo8uLOickgx2ZMRZoMyeIjZAgcfl7p92ldGxad68LnKqaXlbwCe'),
('f8fcb80d-f560-0046-8cc9-c156a0e64e07', '2025-09-15 19:34:09.000000', '2025-09-15 19:34:09.000000', b'1', '1978-07-02', 'maximiliano.quijada8@correo.cl', NULL, 'Maximiliano', 'Quijada', NULL, '201001892', 'Jara', 2, 'LOCAL', 'ACTIVE', '$2a$10$N9qo8uLOickgx2ZMRZoMyeIjZAgcfl7p92ldGxad68LnKqaXlbwCe'),
('fb87fd12-2808-e4ec-0ac3-7c719ed43bdb', '2025-12-19 19:34:09.000000', '2025-12-19 19:34:09.000000', b'1', '1984-12-09', 'loreto.sanchez8@correo.cl', NULL, 'Loreto', 'Sánchez', NULL, '201000303', 'Cárdenas', 2, 'LOCAL', 'ACTIVE', '$2a$10$N9qo8uLOickgx2ZMRZoMyeIjZAgcfl7p92ldGxad68LnKqaXlbwCe'),
('fbddc469-a683-1650-f665-69996b1b48a6', '2025-05-28 19:34:09.000000', '2025-05-28 19:34:09.000000', b'1', '1995-03-19', 'jose.morales14@correo.cl', NULL, 'José', 'Morales', NULL, '201000714', 'Castro', 2, 'LOCAL', 'ACTIVE', '$2a$10$N9qo8uLOickgx2ZMRZoMyeIjZAgcfl7p92ldGxad68LnKqaXlbwCe'),
('fc69bed0-6072-b695-3028-f7285576d740', '2025-09-05 19:34:09.000000', '2025-09-05 19:34:09.000000', b'1', '1977-07-31', 'diego.cisternas29@correo.cl', NULL, 'Diego', 'Cisternas', NULL, '201000514', 'Tapia', 2, 'LOCAL', 'ACTIVE', '$2a$10$N9qo8uLOickgx2ZMRZoMyeIjZAgcfl7p92ldGxad68LnKqaXlbwCe'),
('fe68068f-307a-381d-226e-100abbb0b166', '2025-10-25 19:34:09.000000', '2025-10-25 19:34:09.000000', b'1', '1981-07-10', 'andres.rojas40@correo.cl', NULL, 'Andrés', 'Rojas', NULL, '201003214', 'Morales', 2, 'LOCAL', 'ACTIVE', '$2a$10$N9qo8uLOickgx2ZMRZoMyeIjZAgcfl7p92ldGxad68LnKqaXlbwCe'),
('fe8200b5-a6b7-4f8e-9d7d-4aab1b430f63', '2025-06-07 19:34:09.000000', '2025-06-07 19:34:09.000000', b'1', '1971-09-17', 'arturo.valenzuela1@correo.cl', NULL, 'Arturo', 'Valenzuela', NULL, '201003492', 'Bustamante', 2, 'LOCAL', 'ACTIVE', '$2a$10$N9qo8uLOickgx2ZMRZoMyeIjZAgcfl7p92ldGxad68LnKqaXlbwCe'),
('feb5369f-63fe-6f12-db9c-d76c4eaff588', '2025-05-28 19:34:09.000000', '2025-05-28 19:34:09.000000', b'1', '1971-03-25', 'pablo.valenzuela52@correo.cl', NULL, 'Pablo', 'Valenzuela', NULL, '201004914', 'Cisternas', 2, 'LOCAL', 'ACTIVE', '$2a$10$N9qo8uLOickgx2ZMRZoMyeIjZAgcfl7p92ldGxad68LnKqaXlbwCe'),
('fef27dca-c5d1-fa55-89b8-29efc06d4c4a', '2024-12-24 19:34:09.000000', '2024-12-24 19:34:09.000000', b'1', '1984-10-14', 'jaime.pizarro78@correo.cl', NULL, 'Jaime', 'Pizarro', NULL, '201003825', 'Castro', 2, 'LOCAL', 'ACTIVE', '$2a$10$N9qo8uLOickgx2ZMRZoMyeIjZAgcfl7p92ldGxad68LnKqaXlbwCe'),
('ff575e5a-3139-0f12-8e3b-20aff9b77dd7', '2025-01-28 19:34:09.000000', '2025-01-28 19:34:09.000000', b'1', '1987-03-29', 'sebastian.vidal83@correo.cl', NULL, 'Sebastián', 'Vidal', NULL, '201003758', 'Pérez', 2, 'LOCAL', 'ACTIVE', '$2a$10$N9qo8uLOickgx2ZMRZoMyeIjZAgcfl7p92ldGxad68LnKqaXlbwCe'),
('ff9b8add-b7c7-acb5-fb53-ee4da3a0183f', '2025-04-03 19:34:09.000000', '2025-04-03 19:34:09.000000', b'1', '1991-05-11', 'alejandra.gonzalez27@correo.cl', NULL, 'Alejandra', 'González', NULL, '201000825', 'Ramírez', 2, 'LOCAL', 'ACTIVE', '$2a$10$N9qo8uLOickgx2ZMRZoMyeIjZAgcfl7p92ldGxad68LnKqaXlbwCe'),
('ff9c69ae-e6e8-20ec-8c7f-e09ffd0a0044', '2025-12-29 19:34:09.000000', '2025-12-29 19:34:09.000000', b'1', '1986-01-29', 'susana.contreras55@correo.cl', NULL, 'Susana', 'Contreras', NULL, '201003081', 'Vega', 2, 'LOCAL', 'ACTIVE', '$2a$10$N9qo8uLOickgx2ZMRZoMyeIjZAgcfl7p92ldGxad68LnKqaXlbwCe'),
('fff9a7ee-7163-b5db-2bb0-28ae5f351cfb', '2026-02-27 19:34:09.000000', '2026-02-27 19:34:09.000000', b'1', '1990-01-24', 'pamela.torres13@correo.cl', NULL, 'Pamela', 'Torres', NULL, '201001569', 'Cortés', 2, 'LOCAL', 'ACTIVE', '$2a$10$N9qo8uLOickgx2ZMRZoMyeIjZAgcfl7p92ldGxad68LnKqaXlbwCe');


-- --------------------------------------------------------
-- Bancos (bank) completos
-- --------------------------------------------------------
INSERT IGNORE INTO `bank` (`id`, `active`, `code`, `name`) VALUES
(1, b'1', 'BCH', 'Banco de Chile'),
(2, b'1', 'BSAN', 'Banco Santander'),
(3, b'1', 'BCI', 'BCI'),
(4, b'1', 'BEST', 'BancoEstado'),
(5, b'1', 'SCOT', 'Scotiabank'),
(6, b'1', 'ITAU', 'Banco Itaú'),
(7, b'1', 'FALL', 'Banco Falabella'),
(8, b'1', 'SECU', 'Banco Security'),
(9, b'1', 'BICE', 'BICE'),
(10, b'1', 'RIPL', 'Banco Ripley'),
(11, b'1', 'CONS', 'Banco Consorcio'),
(12, b'1', 'INTL', 'Banco Internacional'),
(13, b'1', 'COOP', 'Coopeuch');

-- Card products
INSERT IGNORE INTO `card_product` (`id`, `active`, `card_type`, `name`, `bank_id`) VALUES
(1, b'1', 'DEBIT', 'Débito', 1),
(2, b'1', 'CREDIT', 'Visa Clásica', 1),
(3, b'1', 'CREDIT', 'MasterCard Platinum', 1),
(4, b'1', 'DEBIT', 'Débito', 2),
(5, b'1', 'CREDIT', 'Visa Signature', 2),
(6, b'1', 'CREDIT', 'MasterCard World Elite', 2),
(7, b'1', 'DEBIT', 'Débito', 3),
(8, b'1', 'CREDIT', 'Visa BCI', 3),
(9, b'1', 'CREDIT', 'MasterCard Platinum', 3),
(10, b'1', 'DEBIT', 'CuentaRUT Débito', 4),
(11, b'1', 'CREDIT', 'MasterCard BancoEstado', 4),
(12, b'1', 'DEBIT', 'Débito', 5),
(13, b'1', 'CREDIT', 'Visa Platinum', 5),
(14, b'1', 'CREDIT', 'MasterCard Platinum', 5),
(15, b'1', 'DEBIT', 'Débito', 6),
(16, b'1', 'CREDIT', 'Visa Itaú', 6),
(17, b'1', 'DEBIT', 'Débito', 7),
(18, b'1', 'PREPAID', 'CMR Visa', 7),
(19, b'1', 'DEBIT', 'Débito', 8),
(20, b'1', 'CREDIT', 'Visa Security', 8),
(21, b'1', 'DEBIT', 'Débito', 9),
(22, b'1', 'CREDIT', 'Visa BICE', 9),
(23, b'1', 'DEBIT', 'Débito', 10),
(24, b'1', 'PREPAID', 'MasterCard Ripley', 10),
(25, b'1', 'DEBIT', 'Débito', 11),
(26, b'1', 'CREDIT', 'Visa Consorcio', 11),
(27, b'1', 'DEBIT', 'Débito', 12),
(28, b'1', 'CREDIT', 'Visa Singular', 5),
(29, b'1', 'CREDIT', 'Visa Signature', 5),
(30, b'1', 'CREDIT', 'Visa Gold', 5),
(31, b'1', 'CREDIT', 'Visa Clásica', 5),
(32, b'1', 'CREDIT', 'Cencosud Black', 5),
(33, b'1', 'CREDIT', 'Cencosud Signature', 5),
(34, b'1', 'CREDIT', 'Cencosud Platinum', 5),
(35, b'1', 'CREDIT', 'Cencosud Clásica', 5),
(36, b'1', 'CREDIT', 'Wealth Management', 5),
(37, b'1', 'DEBIT', 'Tarjeta Lider BCI', 3),
(38, b'1', 'PREPAID', 'MACH Prepago', 3),
(39, b'1', 'CREDIT', 'MasterCard Crédito', 12),
(40, b'1', 'CREDIT', 'MasterCard Crédito', 13),
(41, b'1', 'DEBIT', 'MasterCard Débito', 13),
(50, b'1', 'CREDIT', 'MasterCard Black', 10),
(51, b'1', 'CREDIT', 'MasterCard Gold', 10),
(52, b'1', 'CREDIT', 'Visa Signature', 11),
(53, b'1', 'CREDIT', 'Crédito Mastercard', 6),
(54, b'1', 'CREDIT', 'Visa Crédito', 8);


-- --------------------------------------------------------
-- Descuentos (discount) completos
-- --------------------------------------------------------
INSERT IGNORE INTO `discount` (`id`, `active`, `created_at`, `day_of_week`, `description`, `discount_type`, `discount_value`, `end_date`, `max_cap`, `start_date`, `brand_id`, `card_product_id`, `fuel_type_id`) VALUES
(10, b'1', '2026-05-16 21:37:25.000000', 1, 'Tope $10.000/mes. Máx 1 carga/día. Se refleja en App Copec.', 'FIXED_PER_LITER', 100.00, '2026-05-31', 10000.00, '2025-01-01', 2, 32, NULL),
(11, b'1', '2026-05-16 21:37:25.000000', 1, 'Tope $10.000/mes. Máx 1 carga/día. Se refleja en App Copec.', 'FIXED_PER_LITER', 100.00, '2026-05-31', 10000.00, '2025-01-01', 2, 33, NULL),
(12, b'1', '2026-05-16 21:37:25.000000', 1, 'Tope $10.000/mes. Máx 1 carga/día.', 'FIXED_PER_LITER', 50.00, '2026-05-31', 10000.00, '2025-01-01', 2, 34, NULL),
(13, b'1', '2026-05-16 21:37:25.000000', 1, 'Tope $10.000/mes. Máx 1 carga/día.', 'FIXED_PER_LITER', 50.00, '2026-05-31', 10000.00, '2025-01-01', 2, 35, NULL),
(14, b'1', '2026-05-16 21:37:25.000000', 2, 'Tope $5.000/mes por usuario.', 'FIXED_PER_LITER', 100.00, '2026-05-31', 5000.00, '2025-01-01', 2, 27, NULL),
(15, b'1', '2026-05-16 21:37:25.000000', 2, 'Tope $5.000/mes por usuario.', 'FIXED_PER_LITER', 100.00, '2026-05-31', 5000.00, '2025-01-01', 2, 39, NULL),
(16, b'1', '2026-05-16 21:37:25.000000', 3, 'Requiere ScotiaClub. Tope $15.000/mes.', 'FIXED_PER_LITER', 100.00, '2026-05-31', 15000.00, '2025-01-01', 2, 28, NULL),
(17, b'1', '2026-05-16 21:37:25.000000', 3, 'Requiere ScotiaClub. Tope $15.000/mes.', 'FIXED_PER_LITER', 100.00, '2026-05-31', 15000.00, '2025-01-01', 2, 29, NULL),
(18, b'1', '2026-05-16 21:37:25.000000', 3, 'Requiere ScotiaClub. Tope $15.000/mes.', 'FIXED_PER_LITER', 50.00, '2026-05-31', 15000.00, '2025-01-01', 2, 13, NULL),
(19, b'1', '2026-05-16 21:37:25.000000', 3, 'Requiere ScotiaClub. Tope $15.000/mes.', 'FIXED_PER_LITER', 50.00, '2026-05-31', 15000.00, '2025-01-01', 2, 14, NULL),
(20, b'1', '2026-05-16 21:37:25.000000', 3, 'Requiere ScotiaClub. Tope $15.000/mes.', 'FIXED_PER_LITER', 25.00, '2026-05-31', 15000.00, '2025-01-01', 2, 30, NULL),
(21, b'1', '2026-05-16 21:37:25.000000', 3, 'Requiere ScotiaClub. Tope $15.000/mes.', 'FIXED_PER_LITER', 25.00, '2026-05-31', 15000.00, '2025-01-01', 2, 31, NULL),
(22, b'1', '2026-05-16 21:37:25.000000', 4, 'Tope $10.000/mes crédito. Solo primeras 2 cargas del mes.', 'FIXED_PER_LITER', 200.00, '2026-05-31', 10000.00, '2025-01-01', 2, 40, NULL),
(23, b'1', '2026-05-16 21:37:25.000000', 4, 'Tope $5.000/mes débito. Solo primeras 2 cargas del mes.', 'FIXED_PER_LITER', 100.00, '2026-05-31', 5000.00, '2025-01-01', 2, 41, NULL),
(24, b'1', '2026-05-16 21:37:25.000000', 5, 'Pago con RUT o QR App BancoEstado. Máx 1 transacción/día, 50 litros.', 'FIXED_PER_LITER', 100.00, '2026-05-31', 5000.00, '2025-01-01', 2, 10, NULL),
(25, b'1', '2026-05-16 21:37:25.000000', 6, 'Tarjeta Virtual MACH vinculada a App Copec. Tope $3.000/mes.', 'FIXED_PER_LITER', 100.00, '2026-05-31', 3000.00, '2025-01-01', 2, 38, NULL),
(26, b'1', '2026-05-16 21:37:25.000000', 7, 'Tope $10.000/mes.', 'FIXED_PER_LITER', 100.00, '2026-05-31', 10000.00, '2025-01-01', 2, 21, NULL),
(27, b'1', '2026-05-16 21:37:25.000000', 7, 'Tope $10.000/mes.', 'FIXED_PER_LITER', 100.00, '2026-05-31', 10000.00, '2025-01-01', 2, 22, NULL),
(30, b'1', '2026-05-16 21:38:59.000000', 2, 'Máx 2 cargas al mes. Tope $5.000/mes.', 'FIXED_PER_LITER', 100.00, '2026-05-31', 5000.00, '2025-01-01', 6, 37, NULL),
(32, b'1', '2026-05-16 21:38:59.000000', 6, 'Excluye tarjetas corporativas. Tope $10.000/mes.', 'FIXED_PER_LITER', 200.00, '2026-05-31', 10000.00, '2025-01-01', 6, 28, NULL),
(33, b'1', '2026-05-16 21:38:59.000000', 6, 'Excluye tarjetas corporativas. Tope $10.000/mes.', 'FIXED_PER_LITER', 200.00, '2026-05-31', 10000.00, '2025-01-01', 6, 36, NULL),
(34, b'1', '2026-05-16 21:38:59.000000', 6, 'Excluye tarjetas corporativas. Tope $10.000/mes.', 'FIXED_PER_LITER', 150.00, '2026-05-31', 10000.00, '2025-01-01', 6, 29, NULL),
(35, b'1', '2026-05-16 21:38:59.000000', 6, 'Excluye tarjetas corporativas. Tope $10.000/mes.', 'FIXED_PER_LITER', 100.00, '2026-05-31', 10000.00, '2025-01-01', 6, 13, NULL),
(36, b'1', '2026-05-16 21:38:59.000000', 6, 'Excluye tarjetas corporativas. Tope $10.000/mes.', 'FIXED_PER_LITER', 100.00, '2026-05-31', 10000.00, '2025-01-01', 6, 14, NULL),
(37, b'1', '2026-05-16 21:38:59.000000', 6, 'Excluye tarjetas corporativas. Tope $10.000/mes.', 'FIXED_PER_LITER', 100.00, '2026-05-31', 10000.00, '2025-01-01', 6, 30, NULL),
(38, b'1', '2026-05-16 21:38:59.000000', 7, 'Tope $8.000/mes por RUT.', 'FIXED_PER_LITER', 100.00, '2026-05-31', 8000.00, '2025-01-01', 6, 54, NULL),
(39, b'1', '2026-05-16 21:39:45.000000', 1, 'Pagando por App Aramco. Tope $10.000/mes.', 'FIXED_PER_LITER', 150.00, '2026-05-31', 10000.00, '2025-01-01', 5, 52, NULL),
(40, b'1', '2026-05-16 21:39:45.000000', 1, 'Tarjeta física en POS. Tope $10.000/mes.', 'FIXED_PER_LITER', 100.00, '2026-05-31', 10000.00, '2025-01-01', 5, 52, NULL),
(43, b'1', '2026-05-16 21:39:45.000000', 3, 'Tope $6.000/mes.', 'FIXED_PER_LITER', 150.00, '2026-05-31', 6000.00, '2025-01-01', 5, 50, NULL),
(44, b'1', '2026-05-16 21:39:45.000000', 3, 'Tope $6.000/mes.', 'FIXED_PER_LITER', 125.00, '2026-05-31', 6000.00, '2025-01-01', 5, 51, NULL),
(45, b'1', '2026-05-16 21:39:45.000000', 3, 'Tope $6.000/mes.', 'FIXED_PER_LITER', 100.00, '2026-05-31', 6000.00, '2025-01-01', 5, 24, NULL),
(47, b'1', '2026-05-16 21:39:45.000000', 5, 'Apple/Google/Garmin Pay con Crédito Itaú (NFC). Tope $10.000/mes.', 'FIXED_PER_LITER', 150.00, '2026-05-31', 10000.00, '2025-01-01', 5, 53, NULL),
(51, b'1', '2026-05-16 21:39:45.000000', 1, 'Pagando por App. Tope $10.000/mes.', 'FIXED_PER_LITER', 150.00, '2026-05-31', 10000.00, '2025-01-01', 73, 52, NULL),
(52, b'1', '2026-05-16 21:39:45.000000', 1, 'Tarjeta física en POS. Tope $10.000/mes.', 'FIXED_PER_LITER', 100.00, '2026-05-31', 10000.00, '2025-01-01', 73, 52, NULL),
(55, b'1', '2026-05-16 21:39:45.000000', 3, 'Tope $6.000/mes.', 'FIXED_PER_LITER', 150.00, '2026-05-31', 6000.00, '2025-01-01', 73, 50, NULL),
(56, b'1', '2026-05-16 21:39:45.000000', 3, 'Tope $6.000/mes.', 'FIXED_PER_LITER', 125.00, '2026-05-31', 6000.00, '2025-01-01', 73, 51, NULL),
(57, b'1', '2026-05-16 21:39:45.000000', 3, 'Tope $6.000/mes.', 'FIXED_PER_LITER', 100.00, '2026-05-31', 6000.00, '2025-01-01', 73, 24, NULL),
(59, b'1', '2026-05-16 21:39:45.000000', 5, 'Apple/Google/Garmin Pay con Crédito Itaú (NFC). Tope $10.000/mes.', 'FIXED_PER_LITER', 150.00, '2026-05-31', 10000.00, '2025-01-01', 73, 53, NULL);

INSERT IGNORE INTO `vehicle` (`id`, `created_at`, `updated_at`, `active`, `license_plate`, `year`, `fuel_type_id`, `vehicle_model_id`, `user_id`) VALUES
('c8eb24ee-4240-e6f8-7210-00f90dc9026f', '2025-07-07 19:34:16.000000', '2025-07-07 19:34:16.000000', b'1', 'PJN-5832', 2018, 3, 18, '69c40dde-83de-55ac-8af7-969179eda9cc'),
('c924de04-4106-c648-23b7-5e06a7a0e7dc', '2026-04-13 19:34:26.000000', '2026-04-13 19:34:26.000000', b'1', 'XYO-1150', 2020, 2, 50, '23e503d1-2a0e-105f-3838-b5fc92ba21ea'),
('c9344567-c881-66cd-fb8d-747ef2739a2c', '2024-09-05 19:34:16.000000', '2024-09-05 19:34:16.000000', b'1', 'MCA-4489', 2015, 2, 4, 'c587c71e-d1fd-cc1b-d0c1-1004262da661'),
('c95fbc2b-eec6-d241-e3fa-60de7fbdeb98', '2026-01-08 19:34:16.000000', '2026-01-08 19:34:16.000000', b'1', 'IKA-5203', 2015, 4, 46, 'ecbda472-d2a4-efb4-9425-80a8f9d45b55'),
('c9667ce5-f597-6b85-3c40-9beaea6fb5a3', '2025-12-09 19:34:16.000000', '2025-12-09 19:34:16.000000', b'1', 'SQA-0545', 2021, 2, 32, '1d6181ef-7799-2964-94bc-9c05b22e0fda'),
('c9790922-7b23-810d-ccb8-c7d7363feb33', '2026-05-08 19:34:16.000000', '2026-05-08 19:34:16.000000', b'1', 'OYA-4795', 2015, 4, 22, '943e145e-43fc-8bad-3701-05b2b16c3758'),
('ca37229a-5694-1abc-a525-4ffd172d87c9', '2025-05-08 19:34:16.000000', '2025-05-08 19:34:16.000000', b'1', 'VXN-3656', 2021, 3, 20, '89a4a8ef-e594-d576-2dd8-f9f9bfc04bdd'),
('ca890016-687a-5339-ac9a-6c5948d8c32c', '2025-12-20 19:34:26.000000', '2025-12-20 19:34:26.000000', b'1', 'XSE-2252', 2018, 4, 23, '19d6f029-4afc-5396-2ec4-e3b806dbc90c'),
('ca9a61a0-f5f8-9ef1-d46d-cbcd0a14748f', '2026-03-19 19:34:16.000000', '2026-03-19 19:34:16.000000', b'1', 'KGA-0205', 2015, 2, 12, '2f5ee4ba-9593-1c00-621b-d5f0d3221123'),
('cb5fd265-f4a8-b636-c2f0-a95abb9951be', '2024-12-24 19:34:16.000000', '2024-12-24 19:34:16.000000', b'1', 'CWA-6495', 2018, 4, 57, 'fef27dca-c5d1-fa55-89b8-29efc06d4c4a'),
('cb7292d4-4841-1096-cf14-8f82eee83f2b', '2025-04-03 19:34:16.000000', '2025-04-03 19:34:16.000000', b'1', 'QUA-3775', 2015, 4, 27, '71211588-0183-bdc0-21ad-05a3debf019a'),
('cb7b2084-c860-49a7-83b9-833c1c9a3154', '2024-09-10 19:34:16.000000', '2024-09-10 19:34:16.000000', b'1', 'JVN-4472', 2021, 3, 3, 'efcc4675-da20-db12-fb6e-0264d31d85d2'),
('cb84a246-413d-9d97-d420-92fa12d6bb87', '2024-12-29 19:34:16.000000', '2024-12-29 19:34:16.000000', b'1', 'VXN-4098', 2018, 5, 46, '3d3627fa-b5ef-356f-3810-0b8232b67d24'),
('cbe20527-3fc6-b570-ef17-d33c3c47cf95', '2026-01-18 19:34:16.000000', '2026-01-18 19:34:16.000000', b'1', 'UMA-0409', 2015, 2, 24, '4e2cc3db-04c4-d722-a394-28dcff9d81e7'),
('cbf219ac-3554-0175-d4a8-0c7c021c8457', '2025-03-07 19:34:26.000000', '2025-03-07 19:34:26.000000', b'1', 'XWC-5036', 2018, 4, 54, '6ebf10df-c0ec-3676-f9b0-58371eafc71c'),
('cbf2b8c7-b03d-f352-a55b-1169b86ad005', '2025-05-13 19:34:16.000000', '2025-05-13 19:34:16.000000', b'1', 'SQA-3639', 2018, 4, 19, '4c30f20f-7cd5-866f-b13e-5c08e782ef78'),
('cc3c1162-19dd-9cee-fb8b-3eac05d4bc34', '2024-06-27 19:34:16.000000', '2024-06-27 19:34:16.000000', b'1', 'CWA-4727', 2021, 4, 18, '32fe584f-36a2-e3bd-07b1-59f15c68b49f'),
('cc608e57-8e48-7d5b-a410-c4352e5d1b8a', '2024-11-19 19:34:26.000000', '2024-11-19 19:34:26.000000', b'1', 'XAA-0280', 2022, 4, 20, 'dc907ecc-6bb0-c948-e8e4-7ffc2d72f971'),
('cc665f75-20ac-c405-63c1-19605429fc37', '2026-03-26 19:34:26.000000', '2026-03-26 19:34:26.000000', b'1', 'XMU-7124', 2018, 4, 61, '4869916a-ddbf-e34a-08ba-97c09cdfc45d'),
('ccc4ce3d-80a3-fae6-ced1-5ac7cb30a025', '2025-11-24 19:34:16.000000', '2025-11-24 19:34:16.000000', b'1', 'BLN-0596', 2021, 3, 35, 'f2071b57-4863-3f33-8332-09f24ae5b178'),
('cd65953c-f012-aa95-2c12-23ab9d002848', '2025-01-18 19:34:16.000000', '2025-01-18 19:34:16.000000', b'1', 'FDN-1650', 2018, 5, 32, '6f919dc0-0652-bd84-d9f7-516404fd53ca'),
('cdeebdea-16a7-6779-756c-5bc6dfff64c8', '2024-06-22 19:34:16.000000', '2024-06-22 19:34:16.000000', b'1', 'FDN-4744', 2015, 3, 19, 'd15fc9a7-4225-1e45-2a8d-d42870892d9a'),
('ce1b08df-fd74-efe3-8307-d852fc82553f', '2025-10-03 19:34:26.000000', '2025-10-03 19:34:26.000000', b'1', 'XSE-3006', 2020, 2, 49, 'cf25c8b4-a5bf-061a-17a3-ebdc06d84a91'),
('ce29b758-3f93-8665-dd36-365201dbb34c', '2025-06-07 19:34:16.000000', '2025-06-07 19:34:16.000000', b'1', 'HZN-5934', 2018, 5, 24, 'fe8200b5-a6b7-4f8e-9d7d-4aab1b430f63'),
('cea4d944-605d-4110-826e-51b541957cd0', '2026-05-20 14:37:18.000000', '2026-05-20 14:37:18.000000', b'1', 'AABB12', 2026, 5, 36, 'ba0c2bf1-5352-4c43-85e6-c87273940587'),
('ceabfbb1-07e9-c4bc-3726-ff25a1b2b610', '2025-01-23 19:34:16.000000', '2025-01-23 19:34:16.000000', b'1', 'CWA-1633', 2015, 2, 31, '60c5d1ea-9963-8ba7-5537-61af5a6d1913'),
('ceaec55c-f7d1-6581-035d-8906c7b85bfc', '2026-04-18 19:34:16.000000', '2026-04-18 19:34:16.000000', b'1', 'WIA-2483', 2021, 4, 16, '8f6d6baf-a4fa-8128-7c96-a32bcacee686'),
('cf35bdf9-b9c7-a2e5-ba82-962485fc5f40', '2025-07-17 19:34:16.000000', '2025-07-17 19:34:16.000000', b'1', 'BLN-1038', 2018, 5, 61, '1120ca97-6964-af7e-f0a1-0d72f237ccd2'),
('cf3d068d-08ed-583a-1ac5-d833b6de581d', '2025-01-03 19:34:16.000000', '2025-01-03 19:34:16.000000', b'1', 'SQA-4081', 2015, 2, 45, 'a7fc0541-a785-fe2c-d2a4-a46483a5965c'),
('cf4df831-00ed-599e-ab63-1a27a2bc8802', '2025-08-16 19:34:26.000000', '2025-08-16 19:34:26.000000', b'1', 'XKI-3470', 2020, 2, 65, 'a6818bf0-263d-530c-efc7-76ce32d39807'),
('cf584902-a5e1-e594-f414-cb4454aa5b94', '2024-12-04 19:34:16.000000', '2024-12-04 19:34:16.000000', b'1', 'GOA-1803', 2018, 4, 41, 'f685819c-3495-de35-38e1-ce76f1a45026'),
('cf84469d-5975-d27c-4469-a03171691588', '2026-04-25 19:34:26.000000', '2026-04-25 19:34:26.000000', b'1', 'XWC-5233', 2016, 2, 41, 'a9e94220-a660-d04e-0c04-46ebad447326'),
('cfa6d9f9-bdec-5aed-7b21-549e17423ed6', '2025-11-19 19:34:16.000000', '2025-11-19 19:34:16.000000', b'1', 'ESA-0613', 2015, 2, 36, 'c247b5fd-d49d-cf74-0695-dec48ed6e963'),
('cfde589e-8b53-a5c7-9b1f-ee659d5958db', '2025-07-17 19:34:16.000000', '2025-07-17 19:34:16.000000', b'1', 'FDN-3418', 2015, 5, 6, '2c2e7381-4d4c-e7fb-c38e-fddc6127d03b'),
('d004a421-5d63-9269-3e3c-8d87f0eb66d3', '2026-05-18 19:34:16.000000', '2026-05-18 19:34:16.000000', b'1', 'ESA-2381', 2021, 2, 10, '2ec6c23b-e214-9fbb-4599-bbb757aa2fe5'),
('d04ad018-5eb4-2138-6360-c471f9b4a857', '2025-04-13 19:34:16.000000', '2025-04-13 19:34:16.000000', b'1', 'OYA-6121', 2015, 2, 35, '4e79f33d-cba1-64a4-e0f1-05c081b96da2'),
('d1063107-ce06-6128-37c7-476b0a676827', '2025-04-23 19:34:16.000000', '2025-04-23 19:34:16.000000', b'1', 'MCA-8467', 2015, 4, 43, '3d47202d-a68a-6cfc-c8e3-d742d04b6326'),
('d18c5ed0-8f56-1ec7-5264-fcea14b0b085', '2026-02-07 19:34:16.000000', '2026-02-07 19:34:16.000000', b'1', 'MCA-2721', 2018, 2, 30, 'b619e6e9-3c64-8cc0-5b6f-78262717506c'),
('d26c9511-15c3-7727-1107-6525bc6b6613', '2025-11-04 19:34:16.000000', '2025-11-04 19:34:16.000000', b'1', 'ZPN-7804', 2015, 3, 4, 'bbc75b1d-bb0b-b6d2-87bb-79ee471d128a'),
('d2ac75ed-9f30-438c-8c03-5dda3f11c171', '2025-04-13 19:34:16.000000', '2025-04-13 19:34:16.000000', b'1', 'GOA-1361', 2021, 2, 15, '36a60f83-d0c6-297f-0abc-9f36c0f91cc1'),
('d2b0dc4c-f8a8-91cd-701f-c1fd3dc97e49', '2024-06-22 19:34:16.000000', '2024-06-22 19:34:16.000000', b'1', 'JVN-7124', 2021, 3, 29, 'e4efc685-9b01-323d-9dd1-e8b07a020ca5'),
('d2ebf274-a2bf-506b-e5ba-792d2eabfdbd', '2024-11-01 19:34:26.000000', '2024-11-01 19:34:26.000000', b'1', 'XOG-6254', 2020, 2, 31, 'a137032e-407b-7cf7-0c3f-b11ca4144734'),
('d4226a9b-6be5-5712-8860-b2d06ae19a83', '2024-08-16 19:34:16.000000', '2024-08-16 19:34:16.000000', b'1', 'UMA-2177', 2021, 2, 63, '7a07f966-5465-5fbc-2fd0-4de92011b625'),
('d4c8d148-0fd6-f62c-8334-89b3164c5944', '2024-07-17 19:34:16.000000', '2024-07-17 19:34:16.000000', b'1', 'MCA-2279', 2021, 4, 4, '79129a61-5efa-f841-1c41-0bc43537fbb6'),
('d4cd9215-2685-55ca-5efc-bce81aed4b7e', '2025-12-26 19:34:26.000000', '2025-12-26 19:34:26.000000', b'1', 'XGK-2194', 2016, 2, 21, 'b6c3be91-c64a-0127-4219-949c1530f366'),
('d51723d3-c45b-8f00-186e-5db7d7b06def', '2025-08-16 19:34:16.000000', '2025-08-16 19:34:16.000000', b'1', 'JVN-0936', 2018, 3, 55, '52477cf2-1704-30e9-b219-940109ab6ca5'),
('d58bd27b-c501-2f49-00f3-760f27349295', '2026-03-20 19:34:26.000000', '2026-03-20 19:34:26.000000', b'1', 'XUQ-1382', 2020, 2, 58, '23dfb56e-0212-eba0-5b17-cf55e101dd2d'),
('d5a03612-795e-6067-1764-95c84a759c37', '2025-09-21 19:34:26.000000', '2025-09-21 19:34:26.000000', b'1', 'XQS-3122', 2016, 2, 53, '208388f8-732b-cfc7-f4f3-46275850ff4e'),
('d5bf3b18-3391-3d93-9a1e-a68fbd2da40b', '2024-07-27 19:34:16.000000', '2024-07-27 19:34:16.000000', b'1', 'KGA-4625', 2021, 2, 12, 'ddcd0459-bd0e-47da-0c94-7ea72b2e2c14'),
('d5df95d7-4d2e-0f06-5904-3f14b1a13243', '2024-10-30 19:34:16.000000', '2024-10-30 19:34:16.000000', b'1', 'FDN-4302', 2018, 5, 58, 'b020dc9b-919a-3f7e-d6dd-6b18776c42b8'),
('d6002514-2164-81af-0357-e75895ae74fc', '2025-08-06 19:34:16.000000', '2025-08-06 19:34:16.000000', b'1', 'TBN-3350', 2021, 5, 2, 'c5b45bfe-5761-1228-b4d2-484d4b5abfda'),
('d615cf33-7f73-3302-1a32-c2b9aac9b368', '2025-02-07 19:34:16.000000', '2025-02-07 19:34:16.000000', b'1', 'TBN-1582', 2015, 5, 28, '28ec7fc3-88d1-14e5-ee93-a688b9479202'),
('d6a3b193-009a-b316-b23d-e8603c85213d', '2026-04-07 19:34:26.000000', '2026-04-07 19:34:26.000000', b'1', 'XKI-1208', 2022, 4, 52, '4c30f20f-7cd5-866f-b13e-5c08e782ef78'),
('d77fb53f-7e98-3905-88cd-282c94afa7de', '2025-07-29 19:34:26.000000', '2025-07-29 19:34:26.000000', b'1', 'XUQ-3644', 2018, 4, 6, '74fcb6cf-daae-bc50-ed1a-1067a0e8fa50'),
('d7976dc7-6caf-af2e-9301-cf4c06a76a62', '2025-08-26 19:34:16.000000', '2025-08-26 19:34:16.000000', b'1', 'PJN-8042', 2021, 5, 18, 'e2ca64b7-71ef-0f5c-a2aa-2789a6bd0780'),
('d7dcb032-6d1e-dfd8-60d7-d9fbd5468cef', '2025-09-05 19:34:16.000000', '2025-09-05 19:34:16.000000', b'1', 'FDN-5628', 2018, 3, 6, '9acb08e9-bceb-7a0a-0354-89b3dcebb632'),
('d86d9f91-ef1e-9496-b1eb-9450d9db1e9d', '2025-06-17 19:34:16.000000', '2025-06-17 19:34:16.000000', b'1', 'XTN-3520', 2015, 3, 12, 'c02ae038-258d-a28c-231c-97e5ef257829'),
('d8963677-3608-b83a-cbdb-060c4f7f308f', '2024-08-31 19:34:16.000000', '2024-08-31 19:34:16.000000', b'1', 'PJN-4506', 2018, 5, 5, '0e8aa778-84f5-43a7-9ad7-dc7481228f8d'),
('d8d7b869-68ff-70c7-94f3-ac48adb2aa7a', '2025-08-16 19:34:16.000000', '2025-08-16 19:34:16.000000', b'1', 'NNN-3316', 2015, 3, 65, '173deaba-175a-24d2-76c2-bb65efbe71c9'),
('d91b9a60-9127-ad12-1c0e-e7325a15e898', '2026-03-14 19:34:26.000000', '2026-03-14 19:34:26.000000', b'1', 'XKI-7240', 2022, 4, 65, 'c276bc10-e8bb-744f-c23e-49f5389be3de'),
('d9221fa2-df07-d7f3-c1a5-931fd3d82305', '2025-04-23 19:34:16.000000', '2025-04-23 19:34:16.000000', b'1', 'AAA-1327', 2015, 4, 13, '3b16bc5e-7235-6dfa-8780-532286f9a120'),
('d93a1f0a-3eb1-4c8e-c2c9-6a37bc33cf41', '2024-10-05 19:34:16.000000', '2024-10-05 19:34:16.000000', b'1', 'YEA-6767', 2021, 4, 8, 'dae08804-7d6a-f1da-529d-990aa228edac'),
('d94d6ba3-6884-afdd-d9cc-982cacf859f0', '2025-08-16 19:34:26.000000', '2025-08-16 19:34:26.000000', b'1', 'XGK-7669', 2020, 2, 60, 'b01b5c4b-1f0a-916a-b7a3-1d6368ca3ead'),
('d994e1ee-10cb-2747-4d8b-84d086dcdd21', '2025-06-27 19:34:16.000000', '2025-06-27 19:34:16.000000', b'1', 'RFN-3486', 2018, 5, 10, '98f59c0b-4f11-db67-5bd0-2f3ea99ce3fb'),
('d9f41431-c2a8-7b1c-00ae-fa5a7360bef6', '2026-01-07 19:34:26.000000', '2026-01-07 19:34:26.000000', b'1', 'XEY-6277', 2020, 2, 12, '82226314-a22b-d258-67a4-1f7cbcaaff93'),
('da85600e-5a3a-a291-91c5-946a3c7caf88', '2026-02-07 19:34:16.000000', '2026-02-07 19:34:16.000000', b'1', 'IKA-0341', 2021, 2, 20, '2b2909f8-3d6c-ba25-79f8-2591b5891c72'),
('dac6dc99-8a3f-523a-88aa-34b554ca2795', '2024-12-31 19:34:26.000000', '2024-12-31 19:34:26.000000', b'1', 'XYO-5674', 2016, 2, 11, '636b2069-1e2b-b2b5-d208-d3ecc9f09ddf'),
('daef7cc4-f448-52e0-a21d-fc94360d8bb6', '2025-07-12 19:34:16.000000', '2025-07-12 19:34:16.000000', b'1', 'MCA-5815', 2015, 4, 17, 'c51ff70a-ed7a-698f-0f7e-48a147995dda'),
('dbae5f9c-82f1-07aa-be9d-503cce688fc5', '2025-10-25 19:34:16.000000', '2025-10-25 19:34:16.000000', b'1', 'FDN-7838', 2021, 5, 6, 'be3e5f0d-be13-6887-9144-46dc4174cc9f'),
('dbcd0619-f789-75c3-ce68-f4ae8fd06ae7', '2025-11-29 19:34:16.000000', '2025-11-29 19:34:16.000000', b'1', 'GOA-5339', 2021, 4, 54, 'cedb44d4-28c2-c811-3436-edd36e25bffc'),
('dbf003e3-0977-b15f-a7d0-c052ec8c4c72', '2026-02-24 19:34:26.000000', '2026-02-24 19:34:26.000000', b'1', 'XMU-5813', 2020, 2, 61, '7d61597e-a643-3fa8-a4f2-e71d691e7c88'),
('dc31d7b4-8a9c-331c-52d3-7ec664051f7f', '2025-10-30 19:34:16.000000', '2025-10-30 19:34:16.000000', b'1', 'QUA-0681', 2018, 2, 40, '2ea000d1-b8a2-1887-3cdf-3ff42dea6869'),
('dca5eee5-f5be-d154-206b-da4dfcd60186', '2025-10-15 19:34:16.000000', '2025-10-15 19:34:16.000000', b'1', 'ZPN-0732', 2018, 3, 43, 'e090944b-788c-ef4a-ebca-c69b39f560aa'),
('dd2803e5-fd69-4882-21f7-13e2c6b8420a', '2025-07-12 19:34:16.000000', '2025-07-12 19:34:16.000000', b'1', 'QUA-8195', 2021, 4, 27, '41773e10-c2ee-877b-9369-a685ebb7b3f6'),
('de54ac40-95ff-1055-2e81-3b112dc054cf', '2025-03-01 19:34:26.000000', '2025-03-01 19:34:26.000000', b'1', 'XEY-9293', 2020, 2, 51, '038b2fd2-57cd-38ad-0e31-4ee650800e00'),
('debcf0ca-6cf7-690a-86bc-0d16d610f0eb', '2026-04-28 19:34:16.000000', '2026-04-28 19:34:16.000000', b'1', 'MCA-0069', 2018, 2, 4, '9b0cfaec-f9bc-a4c4-e31c-a870a6ec6b6c'),
('dec0f1bc-907d-d967-2bd2-5e17219196d2', '2025-08-06 19:34:16.000000', '2025-08-06 19:34:16.000000', b'1', 'BLN-8110', 2015, 5, 22, '288b0485-0bd5-058c-7ee7-5a2cb76df780'),
('df65560d-8d47-2a8b-29f8-9a6f969bd5e7', '2025-11-29 19:34:16.000000', '2025-11-29 19:34:16.000000', b'1', 'YEA-0579', 2018, 4, 34, '47fa21f9-2098-b058-7457-424bb85e9fd9'),
('dfb8a8fd-7774-c895-24b9-de0051852a79', '2025-12-19 19:34:16.000000', '2025-12-19 19:34:16.000000', b'1', 'YEA-7651', 2015, 4, 60, '50cab1c9-ffea-5c26-3b07-47e8939047c1'),
('dfee9412-e5d1-721c-bae4-5189e0a7346a', '2026-01-23 19:34:16.000000', '2026-01-23 19:34:16.000000', b'1', 'RFN-0392', 2021, 3, 23, 'c04d5d68-ea9f-3de3-ef56-e756c8df4ad5'),
('e048bae7-3bcf-f5ad-ed3b-93b4caf567a0', '2025-03-19 19:34:26.000000', '2025-03-19 19:34:26.000000', b'1', 'XYO-4920', 2022, 4, 50, 'c51ff70a-ed7a-698f-0f7e-48a147995dda'),
('e09ccfc9-331d-c6fd-a915-ee75a58da87c', '2025-10-03 19:34:26.000000', '2025-10-03 19:34:26.000000', b'1', 'XOG-7205', 2020, 2, 44, '6d1f4c63-e64c-e882-b26e-aae2cf51f7cc'),
('e19113d4-a541-fd23-f2a6-1d250d13ea3f', '2025-06-23 19:34:26.000000', '2025-06-23 19:34:26.000000', b'1', 'XOG-3992', 2022, 4, 18, 'e1cbb5e4-cce4-5ee7-8af4-bfebbeb46075'),
('e2443df7-44b3-0b07-dcf3-176254460804', '2025-11-09 19:34:16.000000', '2025-11-09 19:34:16.000000', b'1', 'SQA-5407', 2015, 4, 58, '257cd20c-2965-d09f-50ab-f4eb9b76b9e4'),
('e25e3d16-d039-6079-d144-5f43e4d79537', '2025-09-10 19:34:16.000000', '2025-09-10 19:34:16.000000', b'1', 'CWA-5611', 2015, 4, 5, 'efe9b503-1743-a454-60fd-91360222c134'),
('e260d36d-d261-b924-d388-425cf5ad0035', '2026-01-13 19:34:16.000000', '2026-01-13 19:34:16.000000', b'1', 'BLN-2806', 2015, 5, 35, '0c99fa54-edd7-657b-e0d5-0e245f43d216'),
('e320878a-b18b-3e94-2705-4c42a9ef70c8', '2025-01-03 19:34:16.000000', '2025-01-03 19:34:16.000000', b'1', 'OYA-1701', 2018, 2, 35, '56640644-5ea2-69c9-cf82-d1921d1dfa52'),
('e3e9919e-fe91-18ce-4c3d-fb85cb063bd4', '2024-08-31 19:34:16.000000', '2024-08-31 19:34:16.000000', b'1', 'TBN-6886', 2015, 5, 15, '8107c0b2-ecc5-7513-0d5c-60469c2fe843'),
('e46b493e-2323-c0c0-249e-7926dc250d11', '2026-03-02 19:34:26.000000', '2026-03-02 19:34:26.000000', b'1', 'XIW-7356', 2018, 4, 4, 'c424c980-f093-bbb8-7876-678b4859b283'),
('e4b3e115-e2c3-fc79-34ec-5b28abb630b2', '2025-10-25 19:34:16.000000', '2025-10-25 19:34:16.000000', b'1', 'TBN-0698', 2021, 5, 41, 'dfed0f52-1e67-f687-082f-88fa1df02c42'),
('e4b9bbde-24c1-1cdd-917d-6e3a310e1c55', '2026-03-20 19:34:26.000000', '2026-03-20 19:34:26.000000', b'1', 'XQS-5581', 2020, 2, 53, '2b2909f8-3d6c-ba25-79f8-2591b5891c72'),
('e61e5646-5ebe-6c5c-27bd-c9615e973431', '2025-10-10 19:34:16.000000', '2025-10-10 19:34:16.000000', b'1', 'OYA-7889', 2021, 2, 9, '2810cf8c-7eee-3a96-9ea0-1fde100987bc'),
('e64509e2-ee5a-cb9c-6645-8038d17192d8', '2025-03-24 19:34:16.000000', '2025-03-24 19:34:16.000000', b'1', 'WIA-3809', 2021, 2, 29, '187d92af-17fb-6d10-cd2e-09decb3ec703'),
('e65a35b5-4959-369c-a270-a82216ea6032', '2026-02-22 19:34:16.000000', '2026-02-22 19:34:16.000000', b'1', 'ZPN-0290', 2021, 5, 17, '81ffd6c9-7fd6-3792-be04-3b2aab283220'),
('e6f2b51f-79fd-105c-c599-9369bbecd48f', '2024-11-19 19:34:16.000000', '2024-11-19 19:34:16.000000', b'1', 'XTN-6614', 2021, 5, 64, '3ecc6aba-5afd-c8c2-c25d-dde0a0b9debe'),
('e7309103-6922-e259-4155-58134c08b055', '2024-12-13 19:34:26.000000', '2024-12-13 19:34:26.000000', b'1', 'XIW-5848', 2022, 4, 17, '434de3f7-345e-c57c-1c67-e8cb3bb24854'),
('e7386662-1fdd-1d19-d078-2d1ccf36f637', '2025-03-13 19:34:26.000000', '2025-03-13 19:34:26.000000', b'1', 'XGK-9177', 2016, 2, 47, '7507b7b6-2636-3145-ab94-6e80d35191cc'),
('e7e2f15c-7698-1e38-09f7-82b95af05e07', '2024-08-11 19:34:16.000000', '2024-08-11 19:34:16.000000', b'1', 'FDN-6954', 2018, 5, 19, '3a89f345-57e4-9bbc-a708-165d3a3c733e'),
('e80dc72e-4e33-a611-21fd-80846edeff21', '2025-07-02 19:34:16.000000', '2025-07-02 19:34:16.000000', b'1', 'KGA-1089', 2018, 2, 64, 'ce8ad7b9-3486-dc3f-a2e8-045de4be5262'),
('e837498e-2718-2c14-651d-c9e9d6eb66b4', '2024-12-19 19:34:26.000000', '2024-12-19 19:34:26.000000', b'1', 'XSE-9989', 2020, 2, 10, '5f64db14-1752-e726-6ee4-a12b2be86b5c'),
('e8f37c7b-e472-1c72-5f78-abe7f04c0932', '2024-12-04 19:34:16.000000', '2024-12-04 19:34:16.000000', b'1', 'KGA-4183', 2015, 4, 51, '4b10a2d0-d0f5-e2c7-44d7-064262eeed53'),
('e95c0e1d-ad8c-2dff-8416-15c362a967b2', '2025-05-18 19:34:16.000000', '2025-05-18 19:34:16.000000', b'1', 'XTN-8382', 2018, 5, 38, 'e4df0ef3-82ad-51cb-09c0-205691cadd0d'),
('e9c4fb2e-49df-a6d9-b319-ac220a22395e', '2025-12-20 19:34:26.000000', '2025-12-20 19:34:26.000000', b'1', 'XWC-8052', 2018, 4, 28, '50cab1c9-ffea-5c26-3b07-47e8939047c1'),
('ea01a3a3-5e59-e5cf-76ec-51efea53f9da', '2026-05-13 19:34:16.000000', '2026-05-13 19:34:16.000000', b'1', 'LRN-4778', 2021, 5, 21, 'c384de17-c9c9-8c5f-3e3e-5c240fc6d5ba'),
('ea3c45b2-65a0-1558-6118-4b2de2565e1c', '2025-12-14 19:34:26.000000', '2025-12-14 19:34:26.000000', b'1', 'XIW-8110', 2020, 2, 30, '89b9f6db-e2ef-9fdb-fb0f-ce580212a59a'),
('ea4e2acd-3090-cb48-f7cc-61491661bcf2', '2025-10-05 19:34:16.000000', '2025-10-05 19:34:16.000000', b'1', 'RFN-7906', 2015, 5, 10, '59ed48c6-d3ee-ab18-238e-cc0585e6c05e'),
('eada123e-202d-955d-84ee-c9a4b692741e', '2025-02-02 19:34:16.000000', '2025-02-02 19:34:16.000000', b'1', 'AAA-3979', 2015, 4, 39, '6bf323d9-cdf6-6f14-89b4-97b837e53dd2'),
('eb2e3306-c2bc-c93c-70af-6782584fde4a', '2025-01-13 19:34:16.000000', '2025-01-13 19:34:16.000000', b'1', 'QUA-6427', 2015, 4, 53, 'dabeed48-c29c-5006-a9f1-eb0d804c32d6'),
('eb57e469-266c-22ee-6adb-0550749b0a60', '2024-07-12 19:34:16.000000', '2024-07-12 19:34:16.000000', b'1', 'TBN-4676', 2021, 3, 15, 'c6ad1761-471a-4152-fe80-4c3270d137b9'),
('eb6ae57a-ddd1-c215-3647-e4fa892e99f6', '2025-08-01 19:34:16.000000', '2025-08-01 19:34:16.000000', b'1', 'SQA-0987', 2018, 4, 58, '0d885550-a6b3-8004-2501-52e8f97bb66e'),
('eb9d0500-3d8b-cc7a-78a7-38c4f2fa1136', '2024-08-21 19:34:16.000000', '2024-08-21 19:34:16.000000', b'1', 'ZPN-6920', 2021, 3, 17, 'b4176d1f-e7b6-c3a0-dd54-f7f182de2f23'),
('ebf364f0-823b-9c7e-38ea-8f3f0dc3c1b4', '2025-09-21 19:34:26.000000', '2025-09-21 19:34:26.000000', b'1', 'XMU-7321', 2016, 2, 48, '36a60f83-d0c6-297f-0abc-9f36c0f91cc1'),
('ec3c669b-abf8-b056-3b32-d1e50fe14ac6', '2025-11-09 19:34:16.000000', '2025-11-09 19:34:16.000000', b'1', 'OYA-3027', 2018, 4, 48, 'e8b213ff-f120-d74a-0db3-a08bfbcc82d2'),
('ec5b28b0-12f3-072d-e4a2-bcd6abf5232a', '2024-10-15 19:34:16.000000', '2024-10-15 19:34:16.000000', b'1', 'KGA-1973', 2021, 2, 51, '8d2f928b-5a17-0537-3e3b-8992e2f68fde'),
('ecba2bf6-e183-a0f3-10ea-ab1c712376c8', '2025-05-18 19:34:16.000000', '2025-05-18 19:34:16.000000', b'1', 'TBN-6002', 2021, 5, 28, '569bd209-20a8-68c3-fe59-2e3dc3d455ad'),
('ecbf6fa6-3ab7-1c76-dd07-081f0815bab1', '2024-07-07 19:34:16.000000', '2024-07-07 19:34:16.000000', b'1', 'WIA-4693', 2015, 2, 16, 'cf25c8b4-a5bf-061a-17a3-ebdc06d84a91'),
('ed53328d-44bb-1bdd-9c8d-a7146a0b8850', '2025-08-01 19:34:16.000000', '2025-08-01 19:34:16.000000', b'1', 'ESA-8127', 2018, 4, 23, '7be08716-348a-519a-f163-789e03906d92'),
('ee7f8423-f5f3-0a5a-a946-bdbe17780cf3', '2025-12-02 19:34:26.000000', '2025-12-02 19:34:26.000000', b'1', 'XYO-6625', 2016, 2, 24, '4776464d-f48c-58ba-735f-3e7204c66170'),
('eed28b28-2330-2665-bb5d-01cf20ce705b', '2025-09-30 19:34:16.000000', '2025-09-30 19:34:16.000000', b'1', 'QUA-5543', 2021, 4, 1, 'b4ee1c09-a590-0ad2-f396-82759278e3b1'),
('eef865b9-b754-7885-5903-f45ff658f1da', '2025-12-08 19:34:26.000000', '2025-12-08 19:34:26.000000', b'1', 'XQS-2368', 2022, 4, 27, '3e97f88a-074b-2fa7-1078-7ee1a5ddb493'),
('ef5ea18c-c8c8-f169-363d-ff0a1e4628d3', '2025-04-18 19:34:16.000000', '2025-04-18 19:34:16.000000', b'1', 'HZN-3724', 2015, 3, 24, '14f460c9-0d82-a6a0-c9f1-55636e66db2d'),
('ef6192f7-88e4-d7d0-2160-0ceb396af867', '2025-11-14 19:34:26.000000', '2025-11-14 19:34:26.000000', b'1', 'XMU-2600', 2022, 4, 35, '028773ba-8de4-e7dd-6a36-e80aeacb1689'),
('ef8efdc2-834f-aa9c-c215-be8456a1baed', '2026-03-24 19:34:16.000000', '2026-03-24 19:34:16.000000', b'1', 'PJN-4948', 2015, 3, 31, '1d8dbdd5-bb03-30ee-b5bf-7911d9c587b0'),
('efcd4166-a5e4-1849-e7a1-2bcb319f457a', '2026-04-01 19:34:26.000000', '2026-04-01 19:34:26.000000', b'1', 'XWC-1266', 2016, 2, 54, '6c711020-15df-b212-1620-15f5c8b2c1f5'),
('efecb007-f43a-e566-de24-d3813ddd7dd9', '2024-08-01 19:34:16.000000', '2024-08-01 19:34:16.000000', b'1', 'HZN-4608', 2018, 3, 11, '584352e8-d62a-db86-bd97-c4b7d79f2a57'),
('eff1f55f-5f1d-bb69-6e62-73cb04c05a35', '2024-09-30 19:34:16.000000', '2024-09-30 19:34:16.000000', b'1', 'BLN-6784', 2015, 3, 9, '10c87ab1-8c33-28a2-9815-bef96d5052dc'),
('f0636330-f0a3-8758-c2ba-e7317f35af33', '2025-10-05 19:34:16.000000', '2025-10-05 19:34:16.000000', b'1', 'NNN-5526', 2018, 5, 65, '7b8b4dea-bcdd-1b4c-04f0-0d5674ac56df'),
('f0af8c86-9a81-e5be-057c-24b3e7ccfcc0', '2025-06-11 19:34:26.000000', '2025-06-11 19:34:26.000000', b'1', 'XIW-8307', 2018, 4, 17, '40ad70b6-2f43-f7c2-0109-c910075e38ce'),
('f1251747-1204-232f-4310-54ac6b1ea7c9', '2025-05-28 19:34:16.000000', '2025-05-28 19:34:16.000000', b'1', 'FDN-1208', 2021, 3, 6, 'fbddc469-a683-1650-f665-69996b1b48a6'),
('f1bb74c3-9ebd-e48f-42e7-89c1f04d4ad9', '2025-07-02 19:34:16.000000', '2025-07-02 19:34:16.000000', b'1', 'SQA-5849', 2021, 2, 19, 'a02d0dec-486b-6001-91a7-195d48ef6825'),
('f321b7e7-441f-5234-957e-134cc33dc49b', '2026-01-03 19:34:16.000000', '2026-01-03 19:34:16.000000', b'1', 'DHN-0460', 2015, 3, 27, 'cb7f1871-5986-1b0a-7f53-ccf0e9d1e4af'),
('f35f89da-23d3-2a0f-9c79-594f12d64c00', '2025-09-30 19:34:16.000000', '2025-09-30 19:34:16.000000', b'1', 'MCA-3163', 2015, 4, 56, 'ad171ea9-4add-e53c-5532-0abc6456f45a'),
('f3b845db-d9b7-3d57-f0e3-c5c54c37c0c6', '2024-10-08 19:34:26.000000', '2024-10-08 19:34:26.000000', b'1', 'XKI-6486', 2020, 2, 39, 'a08252e9-824c-bacd-0e18-21b43519a7cd'),
('f3c3cded-0c1d-78f2-d70d-ee5c07596b18', '2025-12-04 19:34:16.000000', '2025-12-04 19:34:16.000000', b'1', 'HZN-7702', 2015, 5, 63, '614c128c-ff20-10ee-a7a4-7e15708fb50e'),
('f3d0e8c4-c315-8b9a-bf39-798542f165f3', '2025-02-27 19:34:16.000000', '2025-02-27 19:34:16.000000', b'1', 'PJN-6274', 2015, 5, 44, '45608b23-20dd-e755-1637-d1606c6751e2'),
('f3e7ed2b-12be-1c7d-5588-399070a05524', '2024-12-07 19:34:26.000000', '2024-12-07 19:34:26.000000', b'1', 'XQS-0106', 2016, 2, 14, '047aa767-0392-c638-8109-878c29ba6ec1'),
('f48c7a6a-3b61-6216-012e-e674ec5ce5cb', '2024-12-24 19:34:16.000000', '2024-12-24 19:34:16.000000', b'1', 'UMA-1735', 2015, 4, 37, 'ab798f7a-896a-2a14-37c0-f5a40af0b97c'),
('f5968f3b-505a-71a8-1a0b-12e2cf853148', '2025-10-09 19:34:26.000000', '2025-10-09 19:34:26.000000', b'1', 'XKI-8748', 2018, 4, 52, '4b141ba9-b705-8ace-807c-a19c67e60958'),
('f60212a6-804a-de64-9b76-164b063b73eb', '2025-08-21 19:34:16.000000', '2025-08-21 19:34:16.000000', b'1', 'SQA-8059', 2015, 4, 19, '4b141ba9-b705-8ace-807c-a19c67e60958'),
('f63ae984-efe0-b20c-71e7-83f4cf3e1107', '2025-12-29 19:34:16.000000', '2025-12-29 19:34:16.000000', b'1', 'OYA-5237', 2021, 2, 48, 'ff9c69ae-e6e8-20ec-8c7f-e09ffd0a0044'),
('f71ac4fd-a731-5246-afbf-8391f0f64ed6', '2025-10-15 19:34:26.000000', '2025-10-15 19:34:26.000000', b'1', 'XYO-8690', 2016, 2, 50, '1d6e71a9-f2b2-555b-8099-939aee832e6d'),
('f79a41be-526b-deed-17fa-cc3322c70113', '2024-07-12 19:34:16.000000', '2024-07-12 19:34:16.000000', b'1', 'XTN-7056', 2018, 3, 25, '6b6c8743-9142-5238-7747-ea4bbf642174'),
('f803642c-a7ec-f801-9db6-94943859da9b', '2024-10-05 19:34:16.000000', '2024-10-05 19:34:16.000000', b'1', 'UMA-4387', 2015, 4, 63, '06f57c0f-af32-e42e-0f32-68968e64e046'),
('f8ce95ca-2d20-7d0e-6c01-aca4330ed66f', '2025-10-10 19:34:16.000000', '2025-10-10 19:34:16.000000', b'1', 'KGA-5509', 2015, 2, 64, '1270ee2b-4d63-f977-b6e9-aa2692413983'),
('f911dbf1-6a13-8643-ec16-1b893ef89fe8', '2026-04-08 19:34:16.000000', '2026-04-08 19:34:16.000000', b'1', 'CWA-2517', 2018, 2, 18, '038b2fd2-57cd-38ad-0e31-4ee650800e00'),
('f929dd6a-5d59-3a96-df9c-b1febef461fd', '2025-03-25 19:34:26.000000', '2025-03-25 19:34:26.000000', b'1', 'XMU-4862', 2020, 2, 48, '7819b470-5369-b75b-4e88-68ae40180c34'),
('f9424c5b-e82a-0ee0-04fe-06e4b1797117', '2026-03-09 19:34:16.000000', '2026-03-09 19:34:16.000000', b'1', 'UMA-2619', 2018, 4, 24, '2b1cc8e3-40bc-dff5-ffd9-e794da31aa05'),
('f94d9be8-5f27-2f3e-f456-8a83442708fe', '2025-07-02 19:34:16.000000', '2025-07-02 19:34:16.000000', b'1', 'WIA-8229', 2018, 2, 29, '22b2773a-47cb-a4b0-5b27-0977f5882230'),
('f960f38f-b8a3-d845-b12a-5ec28166d088', '2025-09-15 19:34:16.000000', '2025-09-15 19:34:16.000000', b'1', 'DHN-7974', 2018, 5, 14, 'edd1419f-e890-a895-96aa-dafcaa12f4b7'),
('fa8cdd99-1de2-bce3-5b05-5e5f2c3d5a60', '2024-10-25 19:34:16.000000', '2024-10-25 19:34:16.000000', b'1', 'MCA-6699', 2018, 4, 4, '06444d9e-2824-128c-d278-df45abc4c152'),
('fa9b6316-11e8-420a-b9ea-7786a95783a4', '2026-05-21 20:27:06.000000', '2026-05-21 20:27:12.000000', b'0', 'NNNNNN', 2026, 5, 45, '5f0aa554-f6f9-40f6-ab24-88b7a4bd8889'),
('fb9ed2d8-6a6d-8f23-a4d7-3e80ff22244b', '2024-12-24 19:34:16.000000', '2024-12-24 19:34:16.000000', b'1', 'YEA-4115', 2021, 4, 47, '3a0b476a-e316-b4dc-c73e-1e44288f762e'),
('fba31d54-029d-8708-32f1-4b6161108bd5', '2024-11-19 19:34:16.000000', '2024-11-19 19:34:16.000000', b'1', 'TBN-4234', 2015, 5, 54, '7ee45a7c-8ccf-68cd-60c0-5e486bd31e9b'),
('fba84dee-71de-4151-7b79-47bd527d56a6', '2024-10-14 19:34:26.000000', '2024-10-14 19:34:26.000000', b'1', 'XYO-6428', 2018, 4, 37, '06444d9e-2824-128c-d278-df45abc4c152'),
('fbb90013-955a-4e49-88f2-94c56c85e4bd', '2024-11-25 19:34:26.000000', '2024-11-25 19:34:26.000000', b'1', 'XOG-0222', 2020, 2, 18, 'bd2f98e7-bc2b-e505-41ff-daed44f11dfd'),
('fbc327f3-65cc-eab4-8feb-386fdf5d7990', '2026-01-31 19:34:26.000000', '2026-01-31 19:34:26.000000', b'1', 'XQS-7646', 2020, 2, 14, 'c18786a4-982e-942c-dad1-f3cd3673e582'),
('fbdfaf67-822e-9a06-8df1-54c52b7ff7dc', '2024-11-14 19:34:16.000000', '2024-11-14 19:34:16.000000', b'1', 'WIA-4251', 2018, 4, 55, '19d6f029-4afc-5396-2ec4-e3b806dbc90c'),
('fc1856fc-52f7-1ff3-fd66-ee78b3384f43', '2025-01-18 19:34:16.000000', '2025-01-18 19:34:16.000000', b'1', 'JVN-4030', 2015, 5, 42, '038674ea-077a-4f94-9dba-6f38dcfc7f99'),
('fc34f77b-5185-9f7a-2f4f-bd30d0d18a01', '2025-06-07 19:34:16.000000', '2025-06-07 19:34:16.000000', b'1', 'DHN-3554', 2021, 5, 14, 'f0140e9d-1c29-fbf9-36f1-a3f7e08e04ab'),
('fc6bbf59-e555-e936-4994-e1c9a6ea4ee7', '2025-12-14 19:34:16.000000', '2025-12-14 19:34:16.000000', b'1', 'PJN-0528', 2018, 3, 31, '3bb98727-e4e8-b351-2e08-4d3c017c58b7'),
('fcb8bb34-a384-01bd-843a-2d2e54c664ea', '2025-03-19 19:34:26.000000', '2025-03-19 19:34:26.000000', b'1', 'XUQ-9119', 2022, 4, 45, '3b366709-a55b-276b-9153-5b4ffb2685a2'),
('fd038a20-ffeb-8667-924e-353cc18bae4d', '2025-10-15 19:34:16.000000', '2025-10-15 19:34:16.000000', b'1', 'DHN-3112', 2015, 3, 53, '42ae7dd3-7bbb-9313-b766-0f9d7d3696dd'),
('fd0800fe-bcf5-061d-314c-be7d62755509', '2025-11-20 19:34:26.000000', '2025-11-20 19:34:26.000000', b'1', 'XWC-6741', 2020, 2, 28, 'e2740694-ea2a-7dde-319a-5548c2d3c301'),
('fd5f8210-937f-bf26-4d1a-ad2c3dc1b48b', '2026-05-08 19:34:16.000000', '2026-05-08 19:34:16.000000', b'1', 'GOA-0035', 2021, 4, 2, '12efc116-0db0-9163-ba37-ce4d45b2ce43'),
('fe18eebd-5ef7-ae15-5a56-171bd0f48d97', '2026-04-28 19:34:16.000000', '2026-04-28 19:34:16.000000', b'1', 'UMA-4829', 2021, 2, 24, '6b921f52-5c99-9967-c8fe-d1e349110f2d'),
('fe25cdb1-de04-beed-bafb-ed3e62572998', '2025-08-04 19:34:26.000000', '2025-08-04 19:34:26.000000', b'1', 'XMU-9386', 2016, 2, 9, '283292c3-9cb9-352b-3e26-2eb8b0393137'),
('fe8d9a9a-1f7b-175d-aeb5-c140e8ff843f', '2026-04-18 19:34:16.000000', '2026-04-18 19:34:16.000000', b'1', 'ESA-7243', 2015, 4, 36, 'c424c980-f093-bbb8-7876-678b4859b283'),
('fefaf886-760b-e31f-9891-fbde8aa9d049', '2024-10-30 19:34:16.000000', '2024-10-30 19:34:16.000000', b'1', 'JVN-6682', 2015, 5, 3, '49e8945b-e5cb-baaf-441e-77b84cb39a71'),
('ff743f59-c052-b814-d187-b85d0e1a47e7', '2025-11-14 19:34:16.000000', '2025-11-14 19:34:16.000000', b'1', 'TBN-7770', 2018, 5, 2, '6bc8fdd4-7ae9-916e-36e0-56bc91f0199e'),
('ff7919ab-6987-a233-b4a9-2d5c8c97038e', '2026-01-08 19:34:16.000000', '2026-01-08 19:34:16.000000', b'1', 'AAA-0443', 2021, 4, 26, '2c5003b5-28de-eaa1-fdc4-8463ff7f2ec0'),
('fffd6050-4245-b8d6-e762-85ca7a2541c7', '2025-12-24 19:34:16.000000', '2025-12-24 19:34:16.000000', b'1', 'VXN-7634', 2021, 5, 59, '3c803b14-fff1-cc9b-28f3-2f1d21ef92a5');

-- Users
INSERT IGNORE INTO `user` (`id`, `created_at`, `updated_at`, `active`, `birth_date`, `email`, `firebase_uid`, `first_name`, `last_name`, `middle_name`, `rut`, `second_last_name`, `role_id`, `auth_provider`, `status`, `password_hash`) VALUES
('00000000-0000-0000-0000-000000000001', '2026-05-11 12:45:05.000000', '2026-05-11 12:45:05.000000', b'1', '1990-01-01', 'admin@fuelonline.cl', NULL, 'Admin', 'Dev', NULL, '111111111', 'Local', 1, 'LOCAL', 'ACTIVE', '$2a$10$WN/U06BfEPqfpj6Gnh3AOuJj9GgYRF/.6L6lF18To1Vu2BllA9nNu'),
('002fa753-4125-21b3-95d7-5030953007b9', '2025-06-02 19:34:09.000000', '2025-06-02 19:34:09.000000', b'1', '1971-05-12', 'ricardo.rodriguez48@correo.cl', NULL, 'Ricardo', 'Rodríguez', NULL, '201003503', 'Sánchez', 2, 'LOCAL', 'ACTIVE', '$2a$10$N9qo8uLOickgx2ZMRZoMyeIjZAgcfl7p92ldGxad68LnKqaXlbwCe'),
('00a01307-c298-ef40-67d1-875b407912a0', '2026-02-17 19:34:09.000000', '2026-02-17 19:34:09.000000', b'1', '1989-05-13', 'rene.rodriguez18@correo.cl', NULL, 'René', 'Rodríguez', NULL, '201001581', 'Jara', 2, 'LOCAL', 'ACTIVE', '$2a$10$N9qo8uLOickgx2ZMRZoMyeIjZAgcfl7p92ldGxad68LnKqaXlbwCe'),
('01b44f13-7442-acde-d7e5-f94b566f2597', '2026-02-02 19:34:09.000000', '2026-02-02 19:34:09.000000', b'1', '1988-07-13', 'constanza.flores51@correo.cl', NULL, 'Constanza', 'Flores', NULL, '201003014', 'Martínez', 2, 'LOCAL', 'ACTIVE', '$2a$10$N9qo8uLOickgx2ZMRZoMyeIjZAgcfl7p92ldGxad68LnKqaXlbwCe'),
('023d78c7-6bdf-4996-f4ad-a635ae05fb32', '2026-04-18 19:34:09.000000', '2026-04-18 19:34:09.000000', b'1', '1993-05-08', 'bruno.ramos22@correo.cl', NULL, 'Bruno', 'Ramos', NULL, '201000069', 'Pizarro', 2, 'LOCAL', 'ACTIVE', '$2a$10$N9qo8uLOickgx2ZMRZoMyeIjZAgcfl7p92ldGxad68LnKqaXlbwCe'),
('028773ba-8de4-e7dd-6a36-e80aeacb1689', '2024-09-15 19:34:09.000000', '2024-09-15 19:34:09.000000', b'1', '1977-07-23', 'claudio.bravo99@correo.cl', NULL, 'Claudio', 'Bravo', NULL, '201002625', 'Flores', 2, 'LOCAL', 'ACTIVE', '$2a$10$N9qo8uLOickgx2ZMRZoMyeIjZAgcfl7p92ldGxad68LnKqaXlbwCe'),
('02b59f53-5e75-c4ab-2a04-bde4c5e0b43e', '2025-05-13 19:34:09.000000', '2025-05-13 19:34:09.000000', b'1', '1994-10-26', 'cecilia.reyes52@correo.cl', NULL, 'Cecilia', 'Reyes', NULL, '201004947', 'Silva', 2, 'LOCAL', 'ACTIVE', '$2a$10$N9qo8uLOickgx2ZMRZoMyeIjZAgcfl7p92ldGxad68LnKqaXlbwCe'),
('02ea92b9-623c-6534-b5e1-47efc7173830', '2026-04-13 19:34:09.000000', '2026-04-13 19:34:09.000000', b'1', '1992-12-31', 'raul.rubio23@correo.cl', NULL, 'Raúl', 'Rubio', NULL, '201000070', 'Ramos', 2, 'LOCAL', 'ACTIVE', '$2a$10$N9qo8uLOickgx2ZMRZoMyeIjZAgcfl7p92ldGxad68LnKqaXlbwCe'),
('035b6f83-72c6-2903-c001-af97a664cb44', '2025-05-08 19:34:09.000000', '2025-05-08 19:34:09.000000', b'1', '1994-04-01', 'fernando.martinez24@correo.cl', NULL, 'Fernando', 'Martínez', NULL, '201003558', 'Rojas', 2, 'LOCAL', 'ACTIVE', '$2a$10$N9qo8uLOickgx2ZMRZoMyeIjZAgcfl7p92ldGxad68LnKqaXlbwCe'),
('038674ea-077a-4f94-9dba-6f38dcfc7f99', '2025-01-18 19:34:09.000000', '2025-01-18 19:34:09.000000', b'1', '1986-04-27', 'francisca.cisternas51@correo.cl', NULL, 'Francisca', 'Cisternas', NULL, '201002370', 'Espinoza', 2, 'LOCAL', 'ACTIVE', '$2a$10$N9qo8uLOickgx2ZMRZoMyeIjZAgcfl7p92ldGxad68LnKqaXlbwCe'),
('038b2fd2-57cd-38ad-0e31-4ee650800e00', '2026-04-08 19:34:09.000000', '2026-04-08 19:34:09.000000', b'1', '1992-11-13', 'loreto.ramirez96@correo.cl', NULL, 'Loreto', 'Ramírez', NULL, '201001481', 'García', 2, 'LOCAL', 'ACTIVE', '$2a$10$N9qo8uLOickgx2ZMRZoMyeIjZAgcfl7p92ldGxad68LnKqaXlbwCe'),
('03c3ce3b-2fab-a882-afd0-c4d6e49b4d2d', '2025-06-07 19:34:09.000000', '2025-06-07 19:34:09.000000', b'1', '1971-04-10', 'natalia.vidal98@correo.cl', NULL, 'Natalia', 'Vidal', NULL, '201000692', 'Quijada', 2, 'LOCAL', 'ACTIVE', '$2a$10$N9qo8uLOickgx2ZMRZoMyeIjZAgcfl7p92ldGxad68LnKqaXlbwCe'),
('047aa767-0392-c638-8109-878c29ba6ec1', '2025-11-19 19:34:09.000000', '2025-11-19 19:34:09.000000', b'1', '1983-01-21', 'matias.gonzalez18@correo.cl', NULL, 'Matías', 'González', NULL, '201001769', 'Caro', 2, 'LOCAL', 'ACTIVE', '$2a$10$N9qo8uLOickgx2ZMRZoMyeIjZAgcfl7p92ldGxad68LnKqaXlbwCe'),
('04b28ba5-373c-7a47-7a37-da133fd60691', '2024-12-14 19:34:09.000000', '2024-12-14 19:34:09.000000', b'1', '1984-02-01', 'lorena.morales7@correo.cl', NULL, 'Lorena', 'Morales', NULL, '201003847', 'Aravena', 2, 'LOCAL', 'ACTIVE', '$2a$10$N9qo8uLOickgx2ZMRZoMyeIjZAgcfl7p92ldGxad68LnKqaXlbwCe'),
('051131e0-c545-2acf-e9aa-262916722146', '2025-07-27 19:34:09.000000', '2025-07-27 19:34:09.000000', b'1', '1974-10-11', 'pablo.lopez7@correo.cl', NULL, 'Pablo', 'López', NULL, '201000592', 'Espinoza', 2, 'LOCAL', 'ACTIVE', '$2a$10$N9qo8uLOickgx2ZMRZoMyeIjZAgcfl7p92ldGxad68LnKqaXlbwCe'),
('06444d9e-2824-128c-d278-df45abc4c152', '2024-10-25 19:34:09.000000', '2024-10-25 19:34:09.000000', b'1', '1980-07-31', 'marco.tapia24@correo.cl', NULL, 'Marco', 'Tapia', NULL, '201003947', 'Caro', 2, 'LOCAL', 'ACTIVE', '$2a$10$N9qo8uLOickgx2ZMRZoMyeIjZAgcfl7p92ldGxad68LnKqaXlbwCe'),
('06f57c0f-af32-e42e-0f32-68968e64e046', '2024-10-05 19:34:09.000000', '2024-10-05 19:34:09.000000', b'1', '1978-12-17', 'fernanda.olivares40@correo.cl', NULL, 'Fernanda', 'Olivares', NULL, '201002581', 'Ramírez', 2, 'LOCAL', 'ACTIVE', '$2a$10$N9qo8uLOickgx2ZMRZoMyeIjZAgcfl7p92ldGxad68LnKqaXlbwCe'),
('087e0db8-24fd-aaa6-1e02-967705c847b3', '2024-07-12 19:34:09.000000', '2024-07-12 19:34:09.000000', b'1', '1972-10-13', 'catalina.aravena61@correo.cl', NULL, 'Catalina', 'Aravena', NULL, '201001358', 'Sánchez', 2, 'LOCAL', 'ACTIVE', '$2a$10$N9qo8uLOickgx2ZMRZoMyeIjZAgcfl7p92ldGxad68LnKqaXlbwCe'),
('0929171d-30e0-37f3-d8c4-0042dce780a4', '2025-01-08 19:34:09.000000', '2025-01-08 19:34:09.000000', b'1', '1985-11-02', 'francisca.valenzuela64@correo.cl', NULL, 'Francisca', 'Valenzuela', NULL, '201003792', 'Bustamante', 2, 'LOCAL', 'ACTIVE', '$2a$10$N9qo8uLOickgx2ZMRZoMyeIjZAgcfl7p92ldGxad68LnKqaXlbwCe'),
('0add5050-d40e-6bd6-c654-03b90845bebb', '2026-01-13 19:34:09.000000', '2026-01-13 19:34:09.000000', b'1', '1986-09-10', 'gonzalo.tapia98@correo.cl', NULL, 'Gonzalo', 'Tapia', NULL, '201000258', 'Poblete', 2, 'LOCAL', 'ACTIVE', '$2a$10$N9qo8uLOickgx2ZMRZoMyeIjZAgcfl7p92ldGxad68LnKqaXlbwCe'),
('0c3a3c82-887f-fc1e-7c25-591aa521be6b', '2024-11-29 19:34:09.000000', '2024-11-29 19:34:09.000000', b'1', '1983-01-13', 'paula.diaz14@correo.cl', NULL, 'Paula', 'Díaz', NULL, '201003870', 'Fernández', 2, 'LOCAL', 'ACTIVE', '$2a$10$N9qo8uLOickgx2ZMRZoMyeIjZAgcfl7p92ldGxad68LnKqaXlbwCe'),
('0c747bc8-bced-24fe-de63-9bf725ca9e40', '2025-02-07 19:34:09.000000', '2025-02-07 19:34:09.000000', b'1', '1987-12-10', 'fernando.diaz10@correo.cl', NULL, 'Fernando', 'Díaz', NULL, '201003736', 'Vidal', 2, 'LOCAL', 'ACTIVE', '$2a$10$N9qo8uLOickgx2ZMRZoMyeIjZAgcfl7p92ldGxad68LnKqaXlbwCe'),
('0c8bfb94-cd78-a511-b552-19ed1b6b9bf7', '2025-05-18 19:34:09.000000', '2025-05-18 19:34:09.000000', b'1', '1994-07-06', 'daniel.nunez54@correo.cl', NULL, 'Daniel', 'Núñez', NULL, '201000736', 'Araya', 2, 'LOCAL', 'ACTIVE', '$2a$10$N9qo8uLOickgx2ZMRZoMyeIjZAgcfl7p92ldGxad68LnKqaXlbwCe'),
('0c99fa54-edd7-657b-e0d5-0e245f43d216', '2026-01-13 19:34:09.000000', '2026-01-13 19:34:09.000000', b'1', '1986-11-29', 'felipe.tapia87@correo.cl', NULL, 'Felipe', 'Tapia', NULL, '201001658', 'Jiménez', 2, 'LOCAL', 'ACTIVE', '$2a$10$N9qo8uLOickgx2ZMRZoMyeIjZAgcfl7p92ldGxad68LnKqaXlbwCe'),
('0cefaeaf-753d-7694-bc4f-a316202914f6', '2026-03-14 19:34:09.000000', '2026-03-14 19:34:09.000000', b'1', '1991-05-03', 'constanza.gonzalez24@correo.cl', NULL, 'Constanza', 'González', NULL, '201002936', 'Silva', 2, 'LOCAL', 'ACTIVE', '$2a$10$N9qo8uLOickgx2ZMRZoMyeIjZAgcfl7p92ldGxad68LnKqaXlbwCe'),
('0d1acad8-d8c8-4485-c61e-546517b24651', '2025-03-04 19:34:09.000000', '2025-03-04 19:34:09.000000', b'1', '1989-06-22', 'beatriz.vargas87@correo.cl', NULL, 'Beatriz', 'Vargas', NULL, '201002281', 'Araya', 2, 'LOCAL', 'ACTIVE', '$2a$10$N9qo8uLOickgx2ZMRZoMyeIjZAgcfl7p92ldGxad68LnKqaXlbwCe'),
('0d885550-a6b3-8004-2501-52e8f97bb66e', '2025-08-01 19:34:09.000000', '2025-08-01 19:34:09.000000', b'1', '1975-02-16', 'daniel.lopez72@correo.cl', NULL, 'Daniel', 'López', NULL, '201000581', 'Morales', 2, 'LOCAL', 'ACTIVE', '$2a$10$N9qo8uLOickgx2ZMRZoMyeIjZAgcfl7p92ldGxad68LnKqaXlbwCe'),
('0daa9a05-a66a-3cfe-421d-fb3737030433', '2025-08-16 19:34:09.000000', '2025-08-16 19:34:09.000000', b'1', '1976-11-01', 'marcela.rodriguez83@correo.cl', NULL, 'Marcela', 'Rodríguez', NULL, '201004758', 'Castro', 2, 'LOCAL', 'ACTIVE', '$2a$10$N9qo8uLOickgx2ZMRZoMyeIjZAgcfl7p92ldGxad68LnKqaXlbwCe'),
('0e0a76e6-3f43-2a30-6ea9-566cae8ec353', '2025-02-17 19:34:09.000000', '2025-02-17 19:34:09.000000', b'1', '1988-03-15', 'yasna.navarrete43@correo.cl', NULL, 'Yasna', 'Navarrete', NULL, '201000914', 'Rubio', 2, 'LOCAL', 'ACTIVE', '$2a$10$N9qo8uLOickgx2ZMRZoMyeIjZAgcfl7p92ldGxad68LnKqaXlbwCe'),
('0e8aa778-84f5-43a7-9ad7-dc7481228f8d', '2024-08-31 19:34:09.000000', '2024-08-31 19:34:09.000000', b'1', '1976-07-04', 'ignacio.poblete46@correo.cl', NULL, 'Ignacio', 'Poblete', NULL, '201002658', 'García', 2, 'LOCAL', 'ACTIVE', '$2a$10$N9qo8uLOickgx2ZMRZoMyeIjZAgcfl7p92ldGxad68LnKqaXlbwCe'),
('10c87ab1-8c33-28a2-9815-bef96d5052dc', '2024-09-30 19:34:09.000000', '2024-09-30 19:34:09.000000', b'1', '1978-10-30', 'gonzalo.bravo38@correo.cl', NULL, 'Gonzalo', 'Bravo', NULL, '201003992', 'Sandoval', 2, 'LOCAL', 'ACTIVE', '$2a$10$N9qo8uLOickgx2ZMRZoMyeIjZAgcfl7p92ldGxad68LnKqaXlbwCe'),
('1120ca97-6964-af7e-f0a1-0d72f237ccd2', '2025-07-17 19:34:09.000000', '2025-07-17 19:34:09.000000', b'1', '1974-01-28', 'valentina.aravena96@correo.cl', NULL, 'Valentina', 'Aravena', NULL, '201000614', 'Vidal', 2, 'LOCAL', 'ACTIVE', '$2a$10$N9qo8uLOickgx2ZMRZoMyeIjZAgcfl7p92ldGxad68LnKqaXlbwCe'),
('115ff3d1-2ebd-1867-29cf-f800cb79f5c9', '2024-10-10 19:34:09.000000', '2024-10-10 19:34:09.000000', b'1', '1979-07-13', 'rosa.munoz48@correo.cl', NULL, 'Rosa', 'Muñoz', NULL, '201003970', 'Palma', 2, 'LOCAL', 'ACTIVE', '$2a$10$N9qo8uLOickgx2ZMRZoMyeIjZAgcfl7p92ldGxad68LnKqaXlbwCe'),
('11bf374e-b7ea-0dce-7753-d988c7da09a0', '2025-09-15 19:34:09.000000', '2025-09-15 19:34:09.000000', b'1', '1978-04-13', 'rodrigo.espinoza51@correo.cl', NULL, 'Rodrigo', 'Espinoza', NULL, '201000492', 'Contreras', 2, 'LOCAL', 'ACTIVE', '$2a$10$N9qo8uLOickgx2ZMRZoMyeIjZAgcfl7p92ldGxad68LnKqaXlbwCe'),
('1270ee2b-4d63-f977-b6e9-aa2692413983', '2025-10-10 19:34:09.000000', '2025-10-10 19:34:09.000000', b'1', '1980-06-21', 'raul.quijada58@correo.cl', NULL, 'Raúl', 'Quijada', NULL, '201003247', 'Inostroza', 2, 'LOCAL', 'ACTIVE', '$2a$10$N9qo8uLOickgx2ZMRZoMyeIjZAgcfl7p92ldGxad68LnKqaXlbwCe'),
('129c0884-fd76-c01e-e618-85280422fe6f', '2025-11-04 19:34:09.000000', '2025-11-04 19:34:09.000000', b'1', '1981-10-14', 'hector.medina53@correo.cl', NULL, 'Héctor', 'Medina', NULL, '201000392', 'Pérez', 2, 'LOCAL', 'ACTIVE', '$2a$10$N9qo8uLOickgx2ZMRZoMyeIjZAgcfl7p92ldGxad68LnKqaXlbwCe'),
('12d2f8ea-d180-f5d1-2663-23aa82fd984f', '2025-08-06 19:34:09.000000', '2025-08-06 19:34:09.000000', b'1', '1975-12-01', 'susana.aravena43@correo.cl', NULL, 'Susana', 'Aravena', NULL, '201003370', 'Orellana', 2, 'LOCAL', 'ACTIVE', '$2a$10$N9qo8uLOickgx2ZMRZoMyeIjZAgcfl7p92ldGxad68LnKqaXlbwCe'),
('12efc116-0db0-9163-ba37-ce4d45b2ce43', '2026-05-08 19:34:09.000000', '2026-05-08 19:34:09.000000', b'1', '1994-10-02', 'paula.quijada9@correo.cl', NULL, 'Paula', 'Quijada', NULL, '201000025', 'Sánchez', 2, 'LOCAL', 'ACTIVE', '$2a$10$N9qo8uLOickgx2ZMRZoMyeIjZAgcfl7p92ldGxad68LnKqaXlbwCe'),
('135c6ab5-6808-5d15-5bec-160621923646', '2025-12-14 19:34:09.000000', '2025-12-14 19:34:09.000000', b'1', '1985-01-10', 'david.quijada94@correo.cl', NULL, 'David', 'Quijada', NULL, '201003114', 'Tapia', 2, 'LOCAL', 'ACTIVE', '$2a$10$N9qo8uLOickgx2ZMRZoMyeIjZAgcfl7p92ldGxad68LnKqaXlbwCe'),
('13c4af76-c505-c7da-44f5-88fd8f233281', '2025-02-22 19:34:09.000000', '2025-02-22 19:34:09.000000', b'1', '1988-10-09', 'hugo.opazo79@correo.cl', NULL, 'Hugo', 'Opazo', NULL, '201002303', 'Orellana', 2, 'LOCAL', 'ACTIVE', '$2a$10$N9qo8uLOickgx2ZMRZoMyeIjZAgcfl7p92ldGxad68LnKqaXlbwCe'),
('14f460c9-0d82-a6a0-c9f1-55636e66db2d', '2025-04-18 19:34:09.000000', '2025-04-18 19:34:09.000000', b'1', '1992-08-17', 'arturo.cabrera48@correo.cl', NULL, 'Arturo', 'Cabrera', NULL, '201002192', 'Pizarro', 2, 'LOCAL', 'ACTIVE', '$2a$10$N9qo8uLOickgx2ZMRZoMyeIjZAgcfl7p92ldGxad68LnKqaXlbwCe'),
('154773c5-3467-4d12-ce6f-8658d73f45b9', '2026-04-23 19:34:09.000000', '2026-04-23 19:34:09.000000', b'1', '1994-02-20', 'andrea.castro99@correo.cl', NULL, 'Andrea', 'Castro', NULL, '201002858', 'Pérez', 2, 'LOCAL', 'ACTIVE', '$2a$10$N9qo8uLOickgx2ZMRZoMyeIjZAgcfl7p92ldGxad68LnKqaXlbwCe'),
('173deaba-175a-24d2-76c2-bb65efbe71c9', '2025-08-16 19:34:09.000000', '2025-08-16 19:34:09.000000', b'1', '1976-05-25', 'arturo.cabrera37@correo.cl', NULL, 'Arturo', 'Cabrera', NULL, '201001958', 'Sánchez', 2, 'LOCAL', 'ACTIVE', '$2a$10$N9qo8uLOickgx2ZMRZoMyeIjZAgcfl7p92ldGxad68LnKqaXlbwCe'),
('1752d369-58f7-4a45-c264-9ce049b3f376', '2025-04-28 19:34:09.000000', '2025-04-28 19:34:09.000000', b'1', '1993-10-07', 'patricia.vera28@correo.cl', NULL, 'Patricia', 'Vera', NULL, '201004970', 'Quijada', 2, 'LOCAL', 'ACTIVE', '$2a$10$N9qo8uLOickgx2ZMRZoMyeIjZAgcfl7p92ldGxad68LnKqaXlbwCe'),
('17ca6ff8-b04f-7a2a-0f7c-5f7dcfe14675', '2025-04-08 19:34:09.000000', '2025-04-08 19:34:09.000000', b'1', '1992-02-23', 'camila.garcia10@correo.cl', NULL, 'Camila', 'García', NULL, '201003614', 'Castro', 2, 'LOCAL', 'ACTIVE', '$2a$10$N9qo8uLOickgx2ZMRZoMyeIjZAgcfl7p92ldGxad68LnKqaXlbwCe'),
('17e9942c-4026-515d-c5f0-61550c073430', '2025-11-04 19:34:09.000000', '2025-11-04 19:34:09.000000', b'1', '1982-01-02', 'yasna.jara10@correo.cl', NULL, 'Yasna', 'Jara', NULL, '201001792', 'Caro', 2, 'LOCAL', 'ACTIVE', '$2a$10$N9qo8uLOickgx2ZMRZoMyeIjZAgcfl7p92ldGxad68LnKqaXlbwCe'),
('187d92af-17fb-6d10-cd2e-09decb3ec703', '2025-03-24 19:34:09.000000', '2025-03-24 19:34:09.000000', b'1', '1990-11-16', 'diego.vargas93@correo.cl', NULL, 'Diego', 'Vargas', NULL, '201002247', 'Jiménez', 2, 'LOCAL', 'ACTIVE', '$2a$10$N9qo8uLOickgx2ZMRZoMyeIjZAgcfl7p92ldGxad68LnKqaXlbwCe'),
('193fdbec-5ebd-2485-23c4-84c1207c1f5b', '2025-03-29 19:34:09.000000', '2025-03-29 19:34:09.000000', b'1', '1991-06-12', 'daniel.rojas42@correo.cl', NULL, 'Daniel', 'Rojas', NULL, '201003636', 'Orellana', 2, 'LOCAL', 'ACTIVE', '$2a$10$N9qo8uLOickgx2ZMRZoMyeIjZAgcfl7p92ldGxad68LnKqaXlbwCe'),
('1940acea-db4e-59eb-89ee-4cdcadd4c739', '2025-07-22 19:34:09.000000', '2025-07-22 19:34:09.000000', b'1', '1974-08-24', 'natalia.cisternas23@correo.cl', NULL, 'Natalia', 'Cisternas', NULL, '201002003', 'Soto', 2, 'LOCAL', 'ACTIVE', '$2a$10$N9qo8uLOickgx2ZMRZoMyeIjZAgcfl7p92ldGxad68LnKqaXlbwCe'),
('19a203a2-f281-cb89-4572-3aad79ca8039', '2025-10-15 19:34:09.000000', '2025-10-15 19:34:09.000000', b'1', '1981-01-15', 'diego.araya78@correo.cl', NULL, 'Diego', 'Araya', NULL, '201004636', 'Contreras', 2, 'LOCAL', 'ACTIVE', '$2a$10$N9qo8uLOickgx2ZMRZoMyeIjZAgcfl7p92ldGxad68LnKqaXlbwCe'),
('19d6f029-4afc-5396-2ec4-e3b806dbc90c', '2024-11-14 19:34:09.000000', '2024-11-14 19:34:09.000000', b'1', '1981-10-06', 'pablo.bravo40@correo.cl', NULL, 'Pablo', 'Bravo', NULL, '201002503', 'Muñoz', 2, 'LOCAL', 'ACTIVE', '$2a$10$N9qo8uLOickgx2ZMRZoMyeIjZAgcfl7p92ldGxad68LnKqaXlbwCe'),
('1b667f44-b867-2259-a743-130786bf93e0', '2025-11-04 19:34:09.000000', '2025-11-04 19:34:09.000000', b'1', '1982-03-23', 'victor.navarrete95@correo.cl', NULL, 'Víctor', 'Navarrete', NULL, '201003192', 'Rubio', 2, 'LOCAL', 'ACTIVE', '$2a$10$N9qo8uLOickgx2ZMRZoMyeIjZAgcfl7p92ldGxad68LnKqaXlbwCe'),
('1d6181ef-7799-2964-94bc-9c05b22e0fda', '2025-12-09 19:34:09.000000', '2025-12-09 19:34:09.000000', b'1', '1984-03-28', 'pamela.cortes97@correo.cl', NULL, 'Pamela', 'Cortés', NULL, '201000325', 'Jiménez', 2, 'LOCAL', 'ACTIVE', '$2a$10$N9qo8uLOickgx2ZMRZoMyeIjZAgcfl7p92ldGxad68LnKqaXlbwCe'),
('1d6e71a9-f2b2-555b-8099-939aee832e6d', '2025-08-31 19:34:09.000000', '2025-08-31 19:34:09.000000', b'1', '1977-11-20', 'maximiliano.caro80@correo.cl', NULL, 'Maximiliano', 'Caro', NULL, '201004725', 'Vera', 2, 'LOCAL', 'ACTIVE', '$2a$10$N9qo8uLOickgx2ZMRZoMyeIjZAgcfl7p92ldGxad68LnKqaXlbwCe'),
('1d8dbdd5-bb03-30ee-b5bf-7911d9c587b0', '2026-03-24 19:34:09.000000', '2026-03-24 19:34:09.000000', b'1', '1992-01-14', 'valeria.araya15@correo.cl', NULL, 'Valeria', 'Araya', NULL, '201002914', 'Poblete', 2, 'LOCAL', 'ACTIVE', '$2a$10$N9qo8uLOickgx2ZMRZoMyeIjZAgcfl7p92ldGxad68LnKqaXlbwCe'),
('1de224f7-15cc-cf83-63f5-891f2da6ad96', '2025-01-23 19:34:09.000000', '2025-01-23 19:34:09.000000', b'1', '1986-09-02', 'rosa.inostroza93@correo.cl', NULL, 'Rosa', 'Inostroza', NULL, '201002369', 'Vega', 2, 'LOCAL', 'ACTIVE', '$2a$10$N9qo8uLOickgx2ZMRZoMyeIjZAgcfl7p92ldGxad68LnKqaXlbwCe'),
('1dfe395d-522e-4972-0438-53a101869680', '2024-09-15 19:34:09.000000', '2024-09-15 19:34:09.000000', b'1', '1977-10-11', 'camila.castro34@correo.cl', NULL, 'Camila', 'Castro', NULL, '201004025', 'Vidal', 2, 'LOCAL', 'ACTIVE', '$2a$10$N9qo8uLOickgx2ZMRZoMyeIjZAgcfl7p92ldGxad68LnKqaXlbwCe'),
('1e0777dc-5d25-7793-6fa3-1f3b9c750395', '2024-10-05 19:34:09.000000', '2024-10-05 19:34:09.000000', b'1', '1978-09-28', 'raul.lopez40@correo.cl', NULL, 'Raúl', 'López', NULL, '201001181', 'Muñoz', 2, 'LOCAL', 'ACTIVE', '$2a$10$N9qo8uLOickgx2ZMRZoMyeIjZAgcfl7p92ldGxad68LnKqaXlbwCe'),
('1e8bb7c7-db81-8716-2a95-b0d16292f924', '2025-08-21 19:34:09.000000', '2025-08-21 19:34:09.000000', b'1', '1976-09-30', 'rodrigo.reyes95@correo.cl', NULL, 'Rodrigo', 'Reyes', NULL, '201001947', 'Caro', 2, 'LOCAL', 'ACTIVE', '$2a$10$N9qo8uLOickgx2ZMRZoMyeIjZAgcfl7p92ldGxad68LnKqaXlbwCe'),
('208388f8-732b-cfc7-f4f3-46275850ff4e', '2026-05-18 19:34:09.000000', '2026-05-18 19:34:09.000000', b'1', '1971-04-02', 'pablo.palma14@correo.cl', NULL, 'Pablo', 'Palma', NULL, '201002803', 'Reyes', 2, 'LOCAL', 'ACTIVE', '$2a$10$N9qo8uLOickgx2ZMRZoMyeIjZAgcfl7p92ldGxad68LnKqaXlbwCe'),
('2190c7fe-cb1d-568c-cda2-ae8bcb783e18', '2024-07-17 19:34:09.000000', '2024-07-17 19:34:09.000000', b'1', '1973-05-09', 'nicolas.torres17@correo.cl', NULL, 'Nicolás', 'Torres', NULL, '201002747', 'Inostroza', 2, 'LOCAL', 'ACTIVE', '$2a$10$N9qo8uLOickgx2ZMRZoMyeIjZAgcfl7p92ldGxad68LnKqaXlbwCe'),
('21d15e44-9a13-d10e-c9fe-a09974029fb8', '2026-01-08 19:34:09.000000', '2026-01-08 19:34:09.000000', b'1', '1986-12-31', 'andres.inostroza5@correo.cl', NULL, 'Andrés', 'Inostroza', NULL, '201004469', 'Cisternas', 2, 'LOCAL', 'ACTIVE', '$2a$10$N9qo8uLOickgx2ZMRZoMyeIjZAgcfl7p92ldGxad68LnKqaXlbwCe'),
('222a6951-c662-f649-811e-f1b06194b072', '2026-02-27 19:34:09.000000', '2026-02-27 19:34:09.000000', b'1', '1990-04-14', 'carolina.reyes64@correo.cl', NULL, 'Carolina', 'Reyes', NULL, '201002969', 'Pérez', 2, 'LOCAL', 'ACTIVE', '$2a$10$N9qo8uLOickgx2ZMRZoMyeIjZAgcfl7p92ldGxad68LnKqaXlbwCe'),
('2285939e-bf9f-5502-8b68-68efe5e6b306', '2024-07-02 19:34:09.000000', '2024-07-02 19:34:09.000000', b'1', '1972-01-31', 'fernando.ramos69@correo.cl', NULL, 'Fernando', 'Ramos', NULL, '201001370', 'Opazo', 2, 'LOCAL', 'ACTIVE', '$2a$10$N9qo8uLOickgx2ZMRZoMyeIjZAgcfl7p92ldGxad68LnKqaXlbwCe'),
('22b2773a-47cb-a4b0-5b27-0977f5882230', '2025-07-02 19:34:09.000000', '2025-07-02 19:34:09.000000', b'1', '1973-09-06', 'rodrigo.bravo41@correo.cl', NULL, 'Rodrigo', 'Bravo', NULL, '201004847', 'Vidal', 2, 'LOCAL', 'ACTIVE', '$2a$10$N9qo8uLOickgx2ZMRZoMyeIjZAgcfl7p92ldGxad68LnKqaXlbwCe'),
('22ea9259-2933-ce12-4f44-7c80e75585c5', '2025-12-04 19:34:09.000000', '2025-12-04 19:34:09.000000', b'1', '1984-02-09', 'patricia.bustamante91@correo.cl', NULL, 'Patricia', 'Bustamante', NULL, '201001736', 'Orellana', 2, 'LOCAL', 'ACTIVE', '$2a$10$N9qo8uLOickgx2ZMRZoMyeIjZAgcfl7p92ldGxad68LnKqaXlbwCe'),
('23dfb56e-0212-eba0-5b17-cf55e101dd2d', '2025-04-13 19:34:09.000000', '2025-04-13 19:34:09.000000', b'1', '1992-04-11', 'tomas.jara64@correo.cl', NULL, 'Tomás', 'Jara', NULL, '201002203', 'Orellana', 2, 'LOCAL', 'ACTIVE', '$2a$10$N9qo8uLOickgx2ZMRZoMyeIjZAgcfl7p92ldGxad68LnKqaXlbwCe'),
('23e503d1-2a0e-105f-3838-b5fc92ba21ea', '2025-05-23 19:34:09.000000', '2025-05-23 19:34:09.000000', b'1', '1995-01-30', 'constanza.flores62@correo.cl', NULL, 'Constanza', 'Flores', NULL, '201002125', 'López', 2, 'LOCAL', 'ACTIVE', '$2a$10$N9qo8uLOickgx2ZMRZoMyeIjZAgcfl7p92ldGxad68LnKqaXlbwCe'),
('2453bfde-0c8c-be00-5e4f-1d61a42d685b', '2025-06-27 19:34:09.000000', '2025-06-27 19:34:09.000000', b'1', '1972-09-03', 'diego.ramos16@correo.cl', NULL, 'Diego', 'Ramos', NULL, '201000658', 'Contreras', 2, 'LOCAL', 'ACTIVE', '$2a$10$N9qo8uLOickgx2ZMRZoMyeIjZAgcfl7p92ldGxad68LnKqaXlbwCe'),
('249fdaf8-16ef-c887-4ecc-149b7e33e36b', '2026-04-08 19:34:09.000000', '2026-04-08 19:34:09.000000', b'1', '1993-02-01', 'pamela.garcia14@correo.cl', NULL, 'Pamela', 'García', NULL, '201002881', 'Pérez', 2, 'LOCAL', 'ACTIVE', '$2a$10$N9qo8uLOickgx2ZMRZoMyeIjZAgcfl7p92ldGxad68LnKqaXlbwCe'),
('252eacdf-c4c2-6b0a-64c6-038d42515851', '2026-02-12 19:34:09.000000', '2026-02-12 19:34:09.000000', b'1', '1989-06-14', 'jose.diaz78@correo.cl', NULL, 'José', 'Díaz', NULL, '201004392', 'Reyes', 2, 'LOCAL', 'ACTIVE', '$2a$10$N9qo8uLOickgx2ZMRZoMyeIjZAgcfl7p92ldGxad68LnKqaXlbwCe'),
('257cd20c-2965-d09f-50ab-f4eb9b76b9e4', '2025-11-09 19:34:09.000000', '2025-11-09 19:34:09.000000', b'1', '1982-07-29', 'arturo.munoz67@correo.cl', NULL, 'Arturo', 'Muñoz', NULL, '201003181', 'Vargas', 2, 'LOCAL', 'ACTIVE', '$2a$10$N9qo8uLOickgx2ZMRZoMyeIjZAgcfl7p92ldGxad68LnKqaXlbwCe'),
('2672db71-80ee-da87-4645-2736b1df3f45', '2025-12-29 19:34:09.000000', '2025-12-29 19:34:09.000000', b'1', '1986-04-19', 'pablo.jara8@correo.cl', NULL, 'Pablo', 'Jara', NULL, '201004481', 'Jiménez', 2, 'LOCAL', 'ACTIVE', '$2a$10$N9qo8uLOickgx2ZMRZoMyeIjZAgcfl7p92ldGxad68LnKqaXlbwCe'),
('271a9f15-ac9c-3fbb-9ea2-37b083d0e1a5', '2024-11-29 19:34:09.000000', '2024-11-29 19:34:09.000000', b'1', '1982-10-25', 'felipe.cardenas30@correo.cl', NULL, 'Felipe', 'Cárdenas', NULL, '201002470', 'Opazo', 2, 'LOCAL', 'ACTIVE', '$2a$10$N9qo8uLOickgx2ZMRZoMyeIjZAgcfl7p92ldGxad68LnKqaXlbwCe'),
('276f7bf2-1cb1-0b4c-2525-ba83ad351b5e', '2026-04-03 19:34:09.000000', '2026-04-03 19:34:09.000000', b'1', '1992-12-15', 'jaime.cisternas22@correo.cl', NULL, 'Jaime', 'Cisternas', NULL, '201004292', 'Vidal', 2, 'LOCAL', 'ACTIVE', '$2a$10$N9qo8uLOickgx2ZMRZoMyeIjZAgcfl7p92ldGxad68LnKqaXlbwCe'),
('2810cf8c-7eee-3a96-9ea0-1fde100987bc', '2025-10-10 19:34:09.000000', '2025-10-10 19:34:09.000000', b'1', '1980-09-09', 'ricardo.fuentes52@correo.cl', NULL, 'Ricardo', 'Fuentes', NULL, '201004647', 'Orellana', 2, 'LOCAL', 'ACTIVE', '$2a$10$N9qo8uLOickgx2ZMRZoMyeIjZAgcfl7p92ldGxad68LnKqaXlbwCe'),
('281f34ce-6056-7ba3-79e2-70ebcd658453', '2025-03-14 19:34:09.000000', '2025-03-14 19:34:09.000000', b'1', '1990-05-24', 'david.contreras7@correo.cl', NULL, 'David', 'Contreras', NULL, '201003669', 'Cárdenas', 2, 'LOCAL', 'ACTIVE', '$2a$10$N9qo8uLOickgx2ZMRZoMyeIjZAgcfl7p92ldGxad68LnKqaXlbwCe'),
('283292c3-9cb9-352b-3e26-2eb8b0393137', '2025-05-03 19:34:09.000000', '2025-05-03 19:34:09.000000', b'1', '1994-02-12', 'isabel.torres59@correo.cl', NULL, 'Isabel', 'Torres', NULL, '201004969', 'Caro', 2, 'LOCAL', 'ACTIVE', '$2a$10$N9qo8uLOickgx2ZMRZoMyeIjZAgcfl7p92ldGxad68LnKqaXlbwCe'),
('288b0485-0bd5-058c-7ee7-5a2cb76df780', '2025-08-06 19:34:09.000000', '2025-08-06 19:34:09.000000', b'1', '1976-02-19', 'rene.morales99@correo.cl', NULL, 'René', 'Morales', NULL, '201004770', 'Martínez', 2, 'LOCAL', 'ACTIVE', '$2a$10$N9qo8uLOickgx2ZMRZoMyeIjZAgcfl7p92ldGxad68LnKqaXlbwCe'),
('28ec7fc3-88d1-14e5-ee93-a688b9479202', '2025-02-07 19:34:09.000000', '2025-02-07 19:34:09.000000', b'1', '1987-07-03', 'marco.martinez9@correo.cl', NULL, 'Marco', 'Martínez', NULL, '201000936', 'Leiva', 2, 'LOCAL', 'ACTIVE', '$2a$10$N9qo8uLOickgx2ZMRZoMyeIjZAgcfl7p92ldGxad68LnKqaXlbwCe'),
('2a229009-ee48-1d16-28d9-5a60ef9282cc', '2025-05-13 19:34:09.000000', '2025-05-13 19:34:09.000000', b'1', '1994-02-28', 'david.fuentes52@correo.cl', NULL, 'David', 'Fuentes', NULL, '201000747', 'Soto', 2, 'LOCAL', 'ACTIVE', '$2a$10$N9qo8uLOickgx2ZMRZoMyeIjZAgcfl7p92ldGxad68LnKqaXlbwCe'),
('2b1cc8e3-40bc-dff5-ffd9-e794da31aa05', '2026-03-09 19:34:09.000000', '2026-03-09 19:34:09.000000', b'1', '1990-10-07', 'nicolas.rojas5@correo.cl', NULL, 'Nicolás', 'Rojas', NULL, '201001547', 'Orellana', 2, 'LOCAL', 'ACTIVE', '$2a$10$N9qo8uLOickgx2ZMRZoMyeIjZAgcfl7p92ldGxad68LnKqaXlbwCe'),
('2b2909f8-3d6c-ba25-79f8-2591b5891c72', '2026-02-07 19:34:09.000000', '2026-02-07 19:34:09.000000', b'1', '1988-06-11', 'alejandra.quijada56@correo.cl', NULL, 'Alejandra', 'Quijada', NULL, '201000203', 'Opazo', 2, 'LOCAL', 'ACTIVE', '$2a$10$N9qo8uLOickgx2ZMRZoMyeIjZAgcfl7p92ldGxad68LnKqaXlbwCe'),
('2c2e7381-4d4c-e7fb-c38e-fddc6127d03b', '2025-07-17 19:34:09.000000', '2025-07-17 19:34:09.000000', b'1', '1974-04-18', 'macarena.sanchez49@correo.cl', NULL, 'Macarena', 'Sánchez', NULL, '201002014', 'Poblete', 2, 'LOCAL', 'ACTIVE', '$2a$10$N9qo8uLOickgx2ZMRZoMyeIjZAgcfl7p92ldGxad68LnKqaXlbwCe'),
('2c2e7a50-c498-ea62-d418-399d5affd4b2', '2026-01-18 19:34:09.000000', '2026-01-18 19:34:09.000000', b'1', '1987-04-06', 'claudia.flores51@correo.cl', NULL, 'Claudia', 'Flores', NULL, '201001647', 'Bravo', 2, 'LOCAL', 'ACTIVE', '$2a$10$N9qo8uLOickgx2ZMRZoMyeIjZAgcfl7p92ldGxad68LnKqaXlbwCe'),
('2c5003b5-28de-eaa1-fdc4-8463ff7f2ec0', '2026-01-08 19:34:09.000000', '2026-01-08 19:34:09.000000', b'1', '1986-05-05', 'francisco.flores1@correo.cl', NULL, 'Francisco', 'Flores', NULL, '201000269', 'Soto', 2, 'LOCAL', 'ACTIVE', '$2a$10$N9qo8uLOickgx2ZMRZoMyeIjZAgcfl7p92ldGxad68LnKqaXlbwCe'),
('2c75daa1-a3fa-4439-920f-88cec8896879', '2025-03-09 19:34:09.000000', '2025-03-09 19:34:09.000000', b'1', '1989-10-28', 'macarena.vera78@correo.cl', NULL, 'Macarena', 'Vera', NULL, '201002270', 'Cisternas', 2, 'LOCAL', 'ACTIVE', '$2a$10$N9qo8uLOickgx2ZMRZoMyeIjZAgcfl7p92ldGxad68LnKqaXlbwCe'),
('2cc30ebd-8f51-31d5-62cc-98c1753caf63', '2025-05-28 19:34:09.000000', '2025-05-28 19:34:09.000000', b'1', '1995-06-07', 'gonzalo.vera50@correo.cl', NULL, 'Gonzalo', 'Vera', NULL, '201002114', 'Flores', 2, 'LOCAL', 'ACTIVE', '$2a$10$N9qo8uLOickgx2ZMRZoMyeIjZAgcfl7p92ldGxad68LnKqaXlbwCe'),
('2d25f20b-cdd2-d7b1-9a3d-31ce7039c292', '2025-05-03 19:34:09.000000', '2025-05-03 19:34:09.000000', b'1', '1993-11-24', 'bruno.fernandez81@correo.cl', NULL, 'Bruno', 'Fernández', NULL, '201003569', 'Aravena', 2, 'LOCAL', 'ACTIVE', '$2a$10$N9qo8uLOickgx2ZMRZoMyeIjZAgcfl7p92ldGxad68LnKqaXlbwCe'),
('2ea000d1-b8a2-1887-3cdf-3ff42dea6869', '2025-10-30 19:34:09.000000', '2025-10-30 19:34:09.000000', b'1', '1981-06-08', 'marco.araya71@correo.cl', NULL, 'Marco', 'Araya', NULL, '201000403', 'Rubio', 2, 'LOCAL', 'ACTIVE', '$2a$10$N9qo8uLOickgx2ZMRZoMyeIjZAgcfl7p92ldGxad68LnKqaXlbwCe'),
('2eadc7ab-7fe2-8163-9167-5cf834b61bb9', '2026-01-23 19:34:09.000000', '2026-01-23 19:34:09.000000', b'1', '1987-08-12', 'rene.reyes77@correo.cl', NULL, 'René', 'Reyes', NULL, '201001636', 'Jara', 2, 'LOCAL', 'ACTIVE', '$2a$10$N9qo8uLOickgx2ZMRZoMyeIjZAgcfl7p92ldGxad68LnKqaXlbwCe'),
('2eb9ef2d-2df7-f32a-9e8d-3b0afaa8d6d1', '2026-02-02 19:34:09.000000', '2026-02-02 19:34:09.000000', b'1', '1988-10-01', 'cecilia.espinoza54@correo.cl', NULL, 'Cecilia', 'Espinoza', NULL, '201004414', 'Araya', 2, 'LOCAL', 'ACTIVE', '$2a$10$N9qo8uLOickgx2ZMRZoMyeIjZAgcfl7p92ldGxad68LnKqaXlbwCe'),
('2ec6c23b-e214-9fbb-4599-bbb757aa2fe5', '2026-05-18 19:34:09.000000', '2026-05-18 19:34:09.000000', b'1', '1971-01-12', 'rosa.castro87@correo.cl', NULL, 'Rosa', 'Castro', NULL, '201001403', 'Henríquez', 2, 'LOCAL', 'ACTIVE', '$2a$10$N9qo8uLOickgx2ZMRZoMyeIjZAgcfl7p92ldGxad68LnKqaXlbwCe'),
('2ee51931-5f70-5072-bd6a-8bec6ebd643d', '2025-07-12 19:34:09.000000', '2025-07-12 19:34:09.000000', b'1', '1973-12-11', 'gonzalo.bravo68@correo.cl', NULL, 'Gonzalo', 'Bravo', NULL, '201002025', 'Vera', 2, 'LOCAL', 'ACTIVE', '$2a$10$N9qo8uLOickgx2ZMRZoMyeIjZAgcfl7p92ldGxad68LnKqaXlbwCe'),
('2f1487e5-bf55-89dc-f842-4f19eb4d04cf', '2025-09-30 19:34:09.000000', '2025-09-30 19:34:09.000000', b'1', '1979-05-02', 'viviana.caro23@correo.cl', NULL, 'Viviana', 'Caro', NULL, '201000469', 'Torres', 2, 'LOCAL', 'ACTIVE', '$2a$10$N9qo8uLOickgx2ZMRZoMyeIjZAgcfl7p92ldGxad68LnKqaXlbwCe'),
('2f5ee4ba-9593-1c00-621b-d5f0d3221123', '2026-03-19 19:34:09.000000', '2026-03-19 19:34:09.000000', b'1', '1991-04-01', 'camila.opazo2@correo.cl', NULL, 'Camila', 'Opazo', NULL, '201000125', 'Espinoza', 2, 'LOCAL', 'ACTIVE', '$2a$10$N9qo8uLOickgx2ZMRZoMyeIjZAgcfl7p92ldGxad68LnKqaXlbwCe'),
('3014af6f-5b68-a4ef-ccab-ed5ee5de986e', '2024-08-16 19:34:09.000000', '2024-08-16 19:34:09.000000', b'1', '1975-09-04', 'alejandra.morales82@correo.cl', NULL, 'Alejandra', 'Morales', NULL, '201004081', 'Pérez', 2, 'LOCAL', 'ACTIVE', '$2a$10$N9qo8uLOickgx2ZMRZoMyeIjZAgcfl7p92ldGxad68LnKqaXlbwCe'),
('3072409f-8172-f0d7-4578-9cd75a945a6a', '2024-12-29 19:34:09.000000', '2024-12-29 19:34:09.000000', b'1', '1984-09-12', 'lorena.leiva88@correo.cl', NULL, 'Lorena', 'Leiva', NULL, '201001014', 'Muñoz', 2, 'LOCAL', 'ACTIVE', '$2a$10$N9qo8uLOickgx2ZMRZoMyeIjZAgcfl7p92ldGxad68LnKqaXlbwCe'),
('307d9f46-917e-2044-5928-97a305c05e06', '2024-09-25 19:34:09.000000', '2024-09-25 19:34:09.000000', b'1', '1978-01-15', 'javier.diaz50@correo.cl', NULL, 'Javier', 'Díaz', NULL, '201001203', 'Quijada', 2, 'LOCAL', 'ACTIVE', '$2a$10$N9qo8uLOickgx2ZMRZoMyeIjZAgcfl7p92ldGxad68LnKqaXlbwCe'),
('316b1e57-7e00-45e9-c16a-32e2a09f59ab', '2025-07-27 19:34:09.000000', '2025-07-27 19:34:09.000000', b'1', '1975-03-20', 'arturo.cortes56@correo.cl', NULL, 'Arturo', 'Cortés', NULL, '201003392', 'Henríquez', 2, 'LOCAL', 'ACTIVE', '$2a$10$N9qo8uLOickgx2ZMRZoMyeIjZAgcfl7p92ldGxad68LnKqaXlbwCe'),
('3293476b-342b-2b97-b2e4-b5d6cf53ff06', '2025-08-21 19:34:09.000000', '2025-08-21 19:34:09.000000', b'1', '1976-12-19', 'fernando.vega20@correo.cl', NULL, 'Fernando', 'Vega', NULL, '201003347', 'Ramírez', 2, 'LOCAL', 'ACTIVE', '$2a$10$N9qo8uLOickgx2ZMRZoMyeIjZAgcfl7p92ldGxad68LnKqaXlbwCe'),
('32fe584f-36a2-e3bd-07b1-59f15c68b49f', '2024-06-27 19:34:09.000000', '2024-06-27 19:34:09.000000', b'1', '1971-12-14', 'diego.silva49@correo.cl', NULL, 'Diego', 'Silva', NULL, '201002781', 'García', 2, 'LOCAL', 'ACTIVE', '$2a$10$N9qo8uLOickgx2ZMRZoMyeIjZAgcfl7p92ldGxad68LnKqaXlbwCe'),
('3311746a-1af8-9f32-7e6a-be4e4ea40b3b', '2025-08-11 19:34:09.000000', '2025-08-11 19:34:09.000000', b'1', '1976-01-18', 'maximiliano.reyes71@correo.cl', NULL, 'Maximiliano', 'Reyes', NULL, '201001969', 'Sánchez', 2, 'LOCAL', 'ACTIVE', '$2a$10$N9qo8uLOickgx2ZMRZoMyeIjZAgcfl7p92ldGxad68LnKqaXlbwCe'),
('331efa72-beb5-3dc3-3976-32bce4869f9e', '2025-06-02 19:34:09.000000', '2025-06-02 19:34:09.000000', b'1', '1971-02-21', 'lorena.garcia11@correo.cl', NULL, 'Lorena', 'García', NULL, '201002103', 'López', 2, 'LOCAL', 'ACTIVE', '$2a$10$N9qo8uLOickgx2ZMRZoMyeIjZAgcfl7p92ldGxad68LnKqaXlbwCe'),
('33863809-30a8-237e-b330-4699369edb35', '2025-07-27 19:34:09.000000', '2025-07-27 19:34:09.000000', b'1', '1974-12-30', 'camila.bravo25@correo.cl', NULL, 'Camila', 'Bravo', NULL, '201001992', 'Vega', 2, 'LOCAL', 'ACTIVE', '$2a$10$N9qo8uLOickgx2ZMRZoMyeIjZAgcfl7p92ldGxad68LnKqaXlbwCe'),
('355b02b0-d7a6-6c3f-2897-ba6086faba87', '2024-11-09 19:34:09.000000', '2024-11-09 19:34:09.000000', b'1', '1981-08-19', 'francisca.flores17@correo.cl', NULL, 'Francisca', 'Flores', NULL, '201003914', 'Aravena', 2, 'LOCAL', 'ACTIVE', '$2a$10$N9qo8uLOickgx2ZMRZoMyeIjZAgcfl7p92ldGxad68LnKqaXlbwCe'),
('36a60f83-d0c6-297f-0abc-9f36c0f91cc1', '2025-04-13 19:34:09.000000', '2025-04-13 19:34:09.000000', b'1', '1992-01-22', 'carmen.soto23@correo.cl', NULL, 'Carmen', 'Soto', NULL, '201000803', 'Bustamante', 2, 'LOCAL', 'ACTIVE', '$2a$10$N9qo8uLOickgx2ZMRZoMyeIjZAgcfl7p92ldGxad68LnKqaXlbwCe'),
('3818a058-cdc3-f9e3-7529-3e1ba9843b82', '2025-12-29 19:34:09.000000', '2025-12-29 19:34:09.000000', b'1', '1985-11-10', 'jorge.navarrete59@correo.cl', NULL, 'Jorge', 'Navarrete', NULL, '201001681', 'Martínez', 2, 'LOCAL', 'ACTIVE', '$2a$10$N9qo8uLOickgx2ZMRZoMyeIjZAgcfl7p92ldGxad68LnKqaXlbwCe'),
('3873aecb-8da8-f35e-846c-59d3128d7261', '2024-11-04 19:34:09.000000', '2024-11-04 19:34:09.000000', b'1', '1981-04-13', 'rene.diaz70@correo.cl', NULL, 'René', 'Díaz', NULL, '201003925', 'Torres', 2, 'LOCAL', 'ACTIVE', '$2a$10$N9qo8uLOickgx2ZMRZoMyeIjZAgcfl7p92ldGxad68LnKqaXlbwCe'),
('38bbcaa2-4b94-cee9-a048-0e5ddefdc403', '2026-02-07 19:34:09.000000', '2026-02-07 19:34:09.000000', b'1', '1988-11-18', 'carolina.medina91@correo.cl', NULL, 'Carolina', 'Medina', NULL, '201003003', 'Acuña', 2, 'LOCAL', 'ACTIVE', '$2a$10$N9qo8uLOickgx2ZMRZoMyeIjZAgcfl7p92ldGxad68LnKqaXlbwCe'),
('3995c124-548e-1b1d-ef82-9fbf3a6c446e', '2025-12-19 19:34:09.000000', '2025-12-19 19:34:09.000000', b'1', '1985-02-27', 'daniel.rojas29@correo.cl', NULL, 'Daniel', 'Rojas', NULL, '201001703', 'Reyes', 2, 'LOCAL', 'ACTIVE', '$2a$10$N9qo8uLOickgx2ZMRZoMyeIjZAgcfl7p92ldGxad68LnKqaXlbwCe'),
('39e3708f-4ee6-2488-5354-3c74f0c4fc3e', '2026-04-13 19:34:09.000000', '2026-04-13 19:34:09.000000', b'1', '1993-06-09', 'natalia.henriquez2@correo.cl', NULL, 'Natalia', 'Henríquez', NULL, '201002870', 'Silva', 2, 'LOCAL', 'ACTIVE', '$2a$10$N9qo8uLOickgx2ZMRZoMyeIjZAgcfl7p92ldGxad68LnKqaXlbwCe'),
('3a0b476a-e316-b4dc-c73e-1e44288f762e', '2024-12-24 19:34:09.000000', '2024-12-24 19:34:09.000000', b'1', '1984-07-26', 'jorge.garcia91@correo.cl', NULL, 'Jorge', 'García', NULL, '201002425', 'Sandoval', 2, 'LOCAL', 'ACTIVE', '$2a$10$N9qo8uLOickgx2ZMRZoMyeIjZAgcfl7p92ldGxad68LnKqaXlbwCe'),
('3a89f345-57e4-9bbc-a708-165d3a3c733e', '2024-08-11 19:34:09.000000', '2024-08-11 19:34:09.000000', b'1', '1975-04-29', 'francisca.navarrete29@correo.cl', NULL, 'Francisca', 'Navarrete', NULL, '201004092', 'Ramos', 2, 'LOCAL', 'ACTIVE', '$2a$10$N9qo8uLOickgx2ZMRZoMyeIjZAgcfl7p92ldGxad68LnKqaXlbwCe'),
('3b130c84-66ce-42d8-43e6-d01579836d5c', '2025-09-05 19:34:09.000000', '2025-09-05 19:34:09.000000', b'1', '1977-10-19', 'david.palma50@correo.cl', NULL, 'David', 'Palma', NULL, '201001914', 'Medina', 2, 'LOCAL', 'ACTIVE', '$2a$10$N9qo8uLOickgx2ZMRZoMyeIjZAgcfl7p92ldGxad68LnKqaXlbwCe'),
('3b16bc5e-7235-6dfa-8780-532286f9a120', '2025-04-23 19:34:09.000000', '2025-04-23 19:34:09.000000', b'1', '1992-10-04', 'victor.rojas93@correo.cl', NULL, 'Víctor', 'Rojas', NULL, '201000781', 'Vargas', 2, 'LOCAL', 'ACTIVE', '$2a$10$N9qo8uLOickgx2ZMRZoMyeIjZAgcfl7p92ldGxad68LnKqaXlbwCe'),
('3b366709-a55b-276b-9153-5b4ffb2685a2', '2026-05-08 19:34:09.000000', '2026-05-08 19:34:09.000000', b'1', '1994-12-21', 'esteban.leiva67@correo.cl', NULL, 'Esteban', 'Leiva', NULL, '201001425', 'Opazo', 2, 'LOCAL', 'ACTIVE', '$2a$10$N9qo8uLOickgx2ZMRZoMyeIjZAgcfl7p92ldGxad68LnKqaXlbwCe'),
('3b46661a-58be-7a49-a911-b4c48627ecb7', '2025-04-18 19:34:09.000000', '2025-04-18 19:34:09.000000', b'1', '1993-01-24', 'hugo.espinoza18@correo.cl', NULL, 'Hugo', 'Espinoza', NULL, '201004992', 'Silva', 2, 'LOCAL', 'ACTIVE', '$2a$10$N9qo8uLOickgx2ZMRZoMyeIjZAgcfl7p92ldGxad68LnKqaXlbwCe'),
('3bb98727-e4e8-b351-2e08-4d3c017c58b7', '2025-12-14 19:34:09.000000', '2025-12-14 19:34:09.000000', b'1', '1984-08-03', 'mauricio.opazo16@correo.cl', NULL, 'Mauricio', 'Opazo', NULL, '201000314', 'Vega', 2, 'LOCAL', 'ACTIVE', '$2a$10$N9qo8uLOickgx2ZMRZoMyeIjZAgcfl7p92ldGxad68LnKqaXlbwCe'),
('3bf9ceed-d104-fa3c-2147-ac89f3c9f85c', '2026-02-22 19:34:09.000000', '2026-02-22 19:34:09.000000', b'1', '1989-09-18', 'pablo.diaz48@correo.cl', NULL, 'Pablo', 'Díaz', NULL, '201001570', 'Orellana', 2, 'LOCAL', 'ACTIVE', '$2a$10$N9qo8uLOickgx2ZMRZoMyeIjZAgcfl7p92ldGxad68LnKqaXlbwCe'),
('3c205c07-f4e1-0ae7-98fd-456708ae79ea', '2025-07-12 19:34:09.000000', '2025-07-12 19:34:09.000000', b'1', '1973-09-22', 'daniela.rubio13@correo.cl', NULL, 'Daniela', 'Rubio', NULL, '201000625', 'Díaz', 2, 'LOCAL', 'ACTIVE', '$2a$10$N9qo8uLOickgx2ZMRZoMyeIjZAgcfl7p92ldGxad68LnKqaXlbwCe'),
('3c803b14-fff1-cc9b-28f3-2f1d21ef92a5', '2025-12-24 19:34:09.000000', '2025-12-24 19:34:09.000000', b'1', '1985-12-12', 'eduardo.perez73@correo.cl', NULL, 'Eduardo', 'Pérez', NULL, '201004492', 'Sandoval', 2, 'LOCAL', 'ACTIVE', '$2a$10$N9qo8uLOickgx2ZMRZoMyeIjZAgcfl7p92ldGxad68LnKqaXlbwCe'),
('3cfedfc2-3b58-b9c1-a6a8-f4b7c0bd18a8', '2025-01-28 19:34:09.000000', '2025-01-28 19:34:09.000000', b'1', '1986-10-20', 'antonia.caro3@correo.cl', NULL, 'Antonia', 'Caro', NULL, '201000958', 'Fernández', 2, 'LOCAL', 'ACTIVE', '$2a$10$N9qo8uLOickgx2ZMRZoMyeIjZAgcfl7p92ldGxad68LnKqaXlbwCe'),
('3d3627fa-b5ef-356f-3810-0b8232b67d24', '2024-12-29 19:34:09.000000', '2024-12-29 19:34:09.000000', b'1', '1984-12-01', 'rosa.valenzuela45@correo.cl', NULL, 'Rosa', 'Valenzuela', NULL, '201002414', 'Pizarro', 2, 'LOCAL', 'ACTIVE', '$2a$10$N9qo8uLOickgx2ZMRZoMyeIjZAgcfl7p92ldGxad68LnKqaXlbwCe'),
('3d47202d-a68a-6cfc-c8e3-d742d04b6326', '2025-04-23 19:34:09.000000', '2025-04-23 19:34:09.000000', b'1', '1993-06-01', 'jose.inostroza67@correo.cl', NULL, 'José', 'Inostroza', NULL, '201004981', 'Cortés', 2, 'LOCAL', 'ACTIVE', '$2a$10$N9qo8uLOickgx2ZMRZoMyeIjZAgcfl7p92ldGxad68LnKqaXlbwCe'),
('3e2168a2-6d97-3764-a307-e94f904add85', '2024-08-21 19:34:09.000000', '2024-08-21 19:34:09.000000', b'1', '1975-10-22', 'pamela.cardenas7@correo.cl', NULL, 'Pamela', 'Cárdenas', NULL, '201002670', 'Rojas', 2, 'LOCAL', 'ACTIVE', '$2a$10$N9qo8uLOickgx2ZMRZoMyeIjZAgcfl7p92ldGxad68LnKqaXlbwCe'),
('3e943bb4-0ef5-0be2-a119-57959fbdb034', '2026-03-14 19:34:09.000000', '2026-03-14 19:34:09.000000', b'1', '1990-11-24', 'jorge.henriquez51@correo.cl', NULL, 'Jorge', 'Henríquez', NULL, '201000136', 'Aravena', 2, 'LOCAL', 'ACTIVE', '$2a$10$N9qo8uLOickgx2ZMRZoMyeIjZAgcfl7p92ldGxad68LnKqaXlbwCe'),
('3e97f88a-074b-2fa7-1078-7ee1a5ddb493', '2024-10-25 19:34:09.000000', '2024-10-25 19:34:09.000000', b'1', '1980-05-12', 'maximiliano.reyes42@correo.cl', NULL, 'Maximiliano', 'Reyes', NULL, '201002547', 'Valenzuela', 2, 'LOCAL', 'ACTIVE', '$2a$10$N9qo8uLOickgx2ZMRZoMyeIjZAgcfl7p92ldGxad68LnKqaXlbwCe'),
('3ecc6aba-5afd-c8c2-c25d-dde0a0b9debe', '2024-11-19 19:34:09.000000', '2024-11-19 19:34:09.000000', b'1', '1982-05-02', 'gonzalo.reyes36@correo.cl', NULL, 'Gonzalo', 'Reyes', NULL, '201003892', 'Pizarro', 2, 'LOCAL', 'ACTIVE', '$2a$10$N9qo8uLOickgx2ZMRZoMyeIjZAgcfl7p92ldGxad68LnKqaXlbwCe'),
('3f0f3898-13b2-cab1-765b-8516964cd34a', '2024-09-05 19:34:09.000000', '2024-09-05 19:34:09.000000', b'1', '1977-01-28', 'pamela.vargas41@correo.cl', NULL, 'Pamela', 'Vargas', NULL, '201004047', 'Orellana', 2, 'LOCAL', 'ACTIVE', '$2a$10$N9qo8uLOickgx2ZMRZoMyeIjZAgcfl7p92ldGxad68LnKqaXlbwCe'),
('3f4c1917-ddc9-7a6b-7924-077781ea8178', '2026-02-02 19:34:09.000000', '2026-02-02 19:34:09.000000', b'1', '1988-04-24', 'gonzalo.leiva11@correo.cl', NULL, 'Gonzalo', 'Leiva', NULL, '201001614', 'Soto', 2, 'LOCAL', 'ACTIVE', '$2a$10$N9qo8uLOickgx2ZMRZoMyeIjZAgcfl7p92ldGxad68LnKqaXlbwCe'),
('3f9a0890-f96a-51d3-6f93-c279684f21b6', '2026-05-03 19:34:09.000000', '2026-05-03 19:34:09.000000', b'1', '1994-08-15', 'isabel.castro24@correo.cl', NULL, 'Isabel', 'Castro', NULL, '201001436', 'Vargas', 2, 'LOCAL', 'ACTIVE', '$2a$10$N9qo8uLOickgx2ZMRZoMyeIjZAgcfl7p92ldGxad68LnKqaXlbwCe'),
('4050a012-5d99-a1d0-fdc3-d2a67ac67f3f', '2026-03-29 19:34:09.000000', '2026-03-29 19:34:09.000000', b'1', '1992-05-21', 'jorge.soto81@correo.cl', NULL, 'Jorge', 'Soto', NULL, '201002903', 'Fernández', 2, 'LOCAL', 'ACTIVE', '$2a$10$N9qo8uLOickgx2ZMRZoMyeIjZAgcfl7p92ldGxad68LnKqaXlbwCe'),
('4061dc98-dc8f-4d5c-a6ab-7199729ee219', '2026-05-19 13:01:02.000000', '2026-05-19 23:01:56.000000', b'1', '2000-01-13', 'fran.carrascolozano@gmail.com', '4jPF2NxPv1hzbdmswVNrYluWNjd2', 'Francisco', 'Test', NULL, '214272601', NULL, 2, 'GOOGLE', 'ACTIVE', NULL),
('40ad70b6-2f43-f7c2-0109-c910075e38ce', '2024-10-25 19:34:09.000000', '2024-10-25 19:34:09.000000', b'1', '1980-02-22', 'natalia.quijada65@correo.cl', NULL, 'Natalia', 'Quijada', NULL, '201001147', 'Vidal', 2, 'LOCAL', 'ACTIVE', '$2a$10$N9qo8uLOickgx2ZMRZoMyeIjZAgcfl7p92ldGxad68LnKqaXlbwCe'),
('41773e10-c2ee-877b-9369-a685ebb7b3f6', '2025-07-12 19:34:09.000000', '2025-07-12 19:34:09.000000', b'1', '1974-05-20', 'raul.sepulveda4@correo.cl', NULL, 'Raúl', 'Sepúlveda', NULL, '201004825', 'Rubio', 2, 'LOCAL', 'ACTIVE', '$2a$10$N9qo8uLOickgx2ZMRZoMyeIjZAgcfl7p92ldGxad68LnKqaXlbwCe'),
('41937bb8-8fc1-71a2-b8f4-a9618d58ea2c', '2025-07-07 19:34:09.000000', '2025-07-07 19:34:09.000000', b'1', '1973-05-17', 'valeria.perez24@correo.cl', NULL, 'Valeria', 'Pérez', NULL, '201000636', 'Soto', 2, 'LOCAL', 'ACTIVE', '$2a$10$N9qo8uLOickgx2ZMRZoMyeIjZAgcfl7p92ldGxad68LnKqaXlbwCe'),
('423434fa-db7c-3a11-6c0c-4d1fedb63293', '2025-04-08 19:34:09.000000', '2025-04-08 19:34:09.000000', b'1', '1991-12-05', 'gabriela.cardenas57@correo.cl', NULL, 'Gabriela', 'Cárdenas', NULL, '201002214', 'González', 2, 'LOCAL', 'ACTIVE', '$2a$10$N9qo8uLOickgx2ZMRZoMyeIjZAgcfl7p92ldGxad68LnKqaXlbwCe'),
('42ae7dd3-7bbb-9313-b766-0f9d7d3696dd', '2025-10-15 19:34:09.000000', '2025-10-15 19:34:09.000000', b'1', '1980-08-08', 'francisco.torres62@correo.cl', NULL, 'Francisco', 'Torres', NULL, '201001836', 'Leiva', 2, 'LOCAL', 'ACTIVE', '$2a$10$N9qo8uLOickgx2ZMRZoMyeIjZAgcfl7p92ldGxad68LnKqaXlbwCe'),
('42ba782d-424d-323f-ed66-1da5faf6872c', '2025-09-20 19:34:09.000000', '2025-09-20 19:34:09.000000', b'1', '1979-01-26', 'rene.silva9@correo.cl', NULL, 'René', 'Silva', NULL, '201003281', 'Tapia', 2, 'LOCAL', 'ACTIVE', '$2a$10$N9qo8uLOickgx2ZMRZoMyeIjZAgcfl7p92ldGxad68LnKqaXlbwCe'),
('43326b86-5231-8785-f8f8-1e2080d970aa', '2024-12-09 19:34:09.000000', '2024-12-09 19:34:09.000000', b'1', '1983-07-08', 'ximena.flores85@correo.cl', NULL, 'Ximena', 'Flores', NULL, '201002458', 'Jara', 2, 'LOCAL', 'ACTIVE', '$2a$10$N9qo8uLOickgx2ZMRZoMyeIjZAgcfl7p92ldGxad68LnKqaXlbwCe'),
('434de3f7-345e-c57c-1c67-e8cb3bb24854', '2025-02-02 19:34:09.000000', '2025-02-02 19:34:09.000000', b'1', '1987-08-04', 'valentina.munoz23@correo.cl', NULL, 'Valentina', 'Muñoz', NULL, '201003747', 'Pérez', 2, 'LOCAL', 'ACTIVE', '$2a$10$N9qo8uLOickgx2ZMRZoMyeIjZAgcfl7p92ldGxad68LnKqaXlbwCe'),
('437223b0-4669-ec51-9c3d-0fee29e03d6a', '2025-06-27 19:34:09.000000', '2025-06-27 19:34:09.000000', b'1', '1973-05-01', 'raul.castro35@correo.cl', NULL, 'Raúl', 'Castro', NULL, '201004858', 'Bravo', 2, 'LOCAL', 'ACTIVE', '$2a$10$N9qo8uLOickgx2ZMRZoMyeIjZAgcfl7p92ldGxad68LnKqaXlbwCe'),
('455833a6-b1af-9b59-6ab9-64da6e537364', '2026-01-03 19:34:09.000000', '2026-01-03 19:34:09.000000', b'1', '1986-06-06', 'francisco.pizarro95@correo.cl', NULL, 'Francisco', 'Pizarro', NULL, '201003070', 'Medina', 2, 'LOCAL', 'ACTIVE', '$2a$10$N9qo8uLOickgx2ZMRZoMyeIjZAgcfl7p92ldGxad68LnKqaXlbwCe'),
('45608b23-20dd-e755-1637-d1606c6751e2', '2025-02-27 19:34:09.000000', '2025-02-27 19:34:09.000000', b'1', '1989-05-05', 'jaime.lopez95@correo.cl', NULL, 'Jaime', 'López', NULL, '201003692', 'Muñoz', 2, 'LOCAL', 'ACTIVE', '$2a$10$N9qo8uLOickgx2ZMRZoMyeIjZAgcfl7p92ldGxad68LnKqaXlbwCe'),
('4563b269-ace7-0c63-f0df-54c1193b8b15', '2026-01-18 19:34:09.000000', '2026-01-18 19:34:09.000000', b'1', '1987-09-13', 'tomas.caro95@correo.cl', NULL, 'Tomás', 'Caro', NULL, '201004447', 'Espinoza', 2, 'LOCAL', 'ACTIVE', '$2a$10$N9qo8uLOickgx2ZMRZoMyeIjZAgcfl7p92ldGxad68LnKqaXlbwCe'),
('45f0b340-30b2-6f8e-276a-b1bced1c2b76', '2025-09-10 19:34:09.000000', '2025-09-10 19:34:09.000000', b'1', '1977-12-06', 'sergio.gonzalez21@correo.cl', NULL, 'Sergio', 'González', NULL, '201000503', 'Quijada', 2, 'LOCAL', 'ACTIVE', '$2a$10$N9qo8uLOickgx2ZMRZoMyeIjZAgcfl7p92ldGxad68LnKqaXlbwCe'),
('462fed72-0f34-fdcb-365f-d1344d7f9776', '2024-07-17 19:34:09.000000', '2024-07-17 19:34:09.000000', b'1', '1973-07-28', 'andrea.rubio4@correo.cl', NULL, 'Andrea', 'Rubio', NULL, '201004147', 'Medina', 2, 'LOCAL', 'ACTIVE', '$2a$10$N9qo8uLOickgx2ZMRZoMyeIjZAgcfl7p92ldGxad68LnKqaXlbwCe'),
('466e5a7e-fe83-4c7c-5f6a-5464024f313a', '2026-02-12 19:34:09.000000', '2026-02-12 19:34:09.000000', b'1', '1989-01-05', 'victor.quijada18@correo.cl', NULL, 'Víctor', 'Quijada', NULL, '201001592', 'Vidal', 2, 'LOCAL', 'ACTIVE', '$2a$10$N9qo8uLOickgx2ZMRZoMyeIjZAgcfl7p92ldGxad68LnKqaXlbwCe'),
('4776464d-f48c-58ba-735f-3e7204c66170', '2025-08-11 19:34:09.000000', '2025-08-11 19:34:09.000000', b'1', '1975-10-30', 'gabriel.cardenas43@correo.cl', NULL, 'Gabriel', 'Cárdenas', NULL, '201000569', 'Soto', 2, 'LOCAL', 'ACTIVE', '$2a$10$N9qo8uLOickgx2ZMRZoMyeIjZAgcfl7p92ldGxad68LnKqaXlbwCe'),
('47fa21f9-2098-b058-7457-424bb85e9fd9', '2025-11-29 19:34:09.000000', '2025-11-29 19:34:09.000000', b'1', '1983-07-16', 'monica.opazo86@correo.cl', NULL, 'Mónica', 'Opazo', NULL, '201000347', 'Orellana', 2, 'LOCAL', 'ACTIVE', '$2a$10$N9qo8uLOickgx2ZMRZoMyeIjZAgcfl7p92ldGxad68LnKqaXlbwCe'),
('4869916a-ddbf-e34a-08ba-97c09cdfc45d', '2024-06-27 19:34:09.000000', '2024-06-27 19:34:09.000000', b'1', '1972-03-03', 'jose.araya7@correo.cl', NULL, 'José', 'Araya', NULL, '201004181', 'Vargas', 2, 'LOCAL', 'ACTIVE', '$2a$10$N9qo8uLOickgx2ZMRZoMyeIjZAgcfl7p92ldGxad68LnKqaXlbwCe'),
('49e8945b-e5cb-baaf-441e-77b84cb39a71', '2024-10-30 19:34:09.000000', '2024-10-30 19:34:09.000000', b'1', '1980-12-06', 'antonia.rojas27@correo.cl', NULL, 'Antonia', 'Rojas', NULL, '201003936', 'Opazo', 2, 'LOCAL', 'ACTIVE', '$2a$10$N9qo8uLOickgx2ZMRZoMyeIjZAgcfl7p92ldGxad68LnKqaXlbwCe'),
('4a4d3b20-07f0-2bf0-edf9-a0bcd8e255e7', '2024-08-26 19:34:09.000000', '2024-08-26 19:34:09.000000', b'1', '1975-12-09', 'rodrigo.bravo81@correo.cl', NULL, 'Rodrigo', 'Bravo', NULL, '201001269', 'Vera', 2, 'LOCAL', 'ACTIVE', '$2a$10$N9qo8uLOickgx2ZMRZoMyeIjZAgcfl7p92ldGxad68LnKqaXlbwCe'),
('4af6d1c9-dded-3783-e788-588acda8ca26', '2025-04-23 19:34:09.000000', '2025-04-23 19:34:09.000000', b'1', '1993-03-13', 'isabel.sepulveda81@correo.cl', NULL, 'Isabel', 'Sepúlveda', NULL, '201003581', 'Navarrete', 2, 'LOCAL', 'ACTIVE', '$2a$10$N9qo8uLOickgx2ZMRZoMyeIjZAgcfl7p92ldGxad68LnKqaXlbwCe'),
('4b10a2d0-d0f5-e2c7-44d7-064262eeed53', '2024-12-04 19:34:09.000000', '2024-12-04 19:34:09.000000', b'1', '1983-03-02', 'antonia.rodriguez50@correo.cl', NULL, 'Antonia', 'Rodríguez', NULL, '201002469', 'Torres', 2, 'LOCAL', 'ACTIVE', '$2a$10$N9qo8uLOickgx2ZMRZoMyeIjZAgcfl7p92ldGxad68LnKqaXlbwCe'),
('4b141ba9-b705-8ace-807c-a19c67e60958', '2025-08-21 19:34:09.000000', '2025-08-21 19:34:09.000000', b'1', '1977-03-09', 'natalia.medina21@correo.cl', NULL, 'Natalia', 'Medina', NULL, '201004747', 'Opazo', 2, 'LOCAL', 'ACTIVE', '$2a$10$N9qo8uLOickgx2ZMRZoMyeIjZAgcfl7p92ldGxad68LnKqaXlbwCe'),
('4b1fb7e7-89ab-c21e-5018-27fe68761f60', '2025-08-06 19:34:09.000000', '2025-08-06 19:34:09.000000', b'1', '1975-06-24', 'mauricio.inostroza75@correo.cl', NULL, 'Mauricio', 'Inostroza', NULL, '201000570', 'Sánchez', 2, 'LOCAL', 'ACTIVE', '$2a$10$N9qo8uLOickgx2ZMRZoMyeIjZAgcfl7p92ldGxad68LnKqaXlbwCe'),
('4b534841-79ec-9086-c75c-3f6085e4b686', '2026-03-29 19:34:09.000000', '2026-03-29 19:34:09.000000', b'1', '1992-08-09', 'cecilia.vega78@correo.cl', NULL, 'Cecilia', 'Vega', NULL, '201004303', 'Pizarro', 2, 'LOCAL', 'ACTIVE', '$2a$10$N9qo8uLOickgx2ZMRZoMyeIjZAgcfl7p92ldGxad68LnKqaXlbwCe'),
('4be7d916-74a9-c467-01d8-aa07b0c78a0d', '2024-12-29 19:34:09.000000', '2024-12-29 19:34:09.000000', b'1', '1985-02-19', 'barbara.munoz31@correo.cl', NULL, 'Bárbara', 'Muñoz', NULL, '201003814', 'Poblete', 2, 'LOCAL', 'ACTIVE', '$2a$10$N9qo8uLOickgx2ZMRZoMyeIjZAgcfl7p92ldGxad68LnKqaXlbwCe'),
('4c30f20f-7cd5-866f-b13e-5c08e782ef78', '2025-05-13 19:34:09.000000', '2025-05-13 19:34:09.000000', b'1', '1994-05-19', 'daniel.leiva63@correo.cl', NULL, 'Daniel', 'Leiva', NULL, '201002147', 'González', 2, 'LOCAL', 'ACTIVE', '$2a$10$N9qo8uLOickgx2ZMRZoMyeIjZAgcfl7p92ldGxad68LnKqaXlbwCe'),
('4d91f9be-850a-0c2f-5790-4384a75cb51d', '2025-03-29 19:34:09.000000', '2025-03-29 19:34:09.000000', b'1', '1991-01-03', 'daniela.munoz1@correo.cl', NULL, 'Daniela', 'Muñoz', NULL, '201000836', 'Quijada', 2, 'LOCAL', 'ACTIVE', '$2a$10$N9qo8uLOickgx2ZMRZoMyeIjZAgcfl7p92ldGxad68LnKqaXlbwCe'),
('4e2cc3db-04c4-d722-a394-28dcff9d81e7', '2026-01-18 19:34:09.000000', '2026-01-18 19:34:09.000000', b'1', '1987-01-16', 'alejandro.sanchez46@correo.cl', NULL, 'Alejandro', 'Sánchez', NULL, '201000247', 'Henríquez', 2, 'LOCAL', 'ACTIVE', '$2a$10$N9qo8uLOickgx2ZMRZoMyeIjZAgcfl7p92ldGxad68LnKqaXlbwCe'),
('4e79f33d-cba1-64a4-e0f1-05c081b96da2', '2025-04-13 19:34:09.000000', '2025-04-13 19:34:09.000000', b'1', '1992-06-30', 'patricia.herrera22@correo.cl', NULL, 'Patricia', 'Herrera', NULL, '201003603', 'Bustamante', 2, 'LOCAL', 'ACTIVE', '$2a$10$N9qo8uLOickgx2ZMRZoMyeIjZAgcfl7p92ldGxad68LnKqaXlbwCe'),
('4eafcdeb-5753-ccfa-f538-b59cff911a9a', '2026-04-03 19:34:09.000000', '2026-04-03 19:34:09.000000', b'1', '1992-09-26', 'sofia.caro70@correo.cl', NULL, 'Sofía', 'Caro', NULL, '201002892', 'Cárdenas', 2, 'LOCAL', 'ACTIVE', '$2a$10$N9qo8uLOickgx2ZMRZoMyeIjZAgcfl7p92ldGxad68LnKqaXlbwCe'),
('4f494cc0-ee45-bf5a-fb7b-29f4c6082f80', '2024-07-22 19:34:09.000000', '2024-07-22 19:34:09.000000', b'1', '1973-12-03', 'bruno.contreras76@correo.cl', NULL, 'Bruno', 'Contreras', NULL, '201004136', 'Soto', 2, 'LOCAL', 'ACTIVE', '$2a$10$N9qo8uLOickgx2ZMRZoMyeIjZAgcfl7p92ldGxad68LnKqaXlbwCe'),
('4f977e69-86ca-c4ff-e3ba-aed744c368b4', '2025-02-17 19:34:09.000000', '2025-02-17 19:34:09.000000', b'1', '1988-06-03', 'fernando.sandoval10@correo.cl', NULL, 'Fernando', 'Sandoval', NULL, '201002314', 'García', 2, 'LOCAL', 'ACTIVE', '$2a$10$N9qo8uLOickgx2ZMRZoMyeIjZAgcfl7p92ldGxad68LnKqaXlbwCe'),
('505017ed-8148-1e68-c03f-b9cc133042b0', '2025-06-12 19:34:09.000000', '2025-06-12 19:34:09.000000', b'1', '1972-04-12', 'pamela.vera32@correo.cl', NULL, 'Pamela', 'Vera', NULL, '201004881', 'Palma', 2, 'LOCAL', 'ACTIVE', '$2a$10$N9qo8uLOickgx2ZMRZoMyeIjZAgcfl7p92ldGxad68LnKqaXlbwCe'),
('507e4c3e-16bf-df3b-213e-9988e71dec21', '2025-09-30 19:34:09.000000', '2025-09-30 19:34:09.000000', b'1', '1979-12-28', 'diego.reyes88@correo.cl', NULL, 'Diego', 'Reyes', NULL, '201004669', 'Vega', 2, 'LOCAL', 'ACTIVE', '$2a$10$N9qo8uLOickgx2ZMRZoMyeIjZAgcfl7p92ldGxad68LnKqaXlbwCe'),
('50cab1c9-ffea-5c26-3b07-47e8939047c1', '2025-12-19 19:34:09.000000', '2025-12-19 19:34:09.000000', b'1', '1985-08-06', 'carolina.inostroza23@correo.cl', NULL, 'Carolina', 'Inostroza', NULL, '201004503', 'Valenzuela', 2, 'LOCAL', 'ACTIVE', '$2a$10$N9qo8uLOickgx2ZMRZoMyeIjZAgcfl7p92ldGxad68LnKqaXlbwCe'),
('52414f1a-f733-2183-1829-0a2ac27dbb3a', '2025-04-18 19:34:09.000000', '2025-04-18 19:34:09.000000', b'1', '1992-11-05', 'david.cortes86@correo.cl', NULL, 'David', 'Cortés', NULL, '201003592', 'Núñez', 2, 'LOCAL', 'ACTIVE', '$2a$10$N9qo8uLOickgx2ZMRZoMyeIjZAgcfl7p92ldGxad68LnKqaXlbwCe'),
('52477cf2-1704-30e9-b219-940109ab6ca5', '2025-08-16 19:34:09.000000', '2025-08-16 19:34:09.000000', b'1', '1976-03-06', 'rene.ramirez52@correo.cl', NULL, 'René', 'Ramírez', NULL, '201000558', 'Pérez', 2, 'LOCAL', 'ACTIVE', '$2a$10$N9qo8uLOickgx2ZMRZoMyeIjZAgcfl7p92ldGxad68LnKqaXlbwCe'),
('53eb9658-cb47-1155-cfd1-5d42b6c96a20', '2025-09-20 19:34:09.000000', '2025-09-20 19:34:09.000000', b'1', '1978-11-07', 'alejandro.acuna31@correo.cl', NULL, 'Alejandro', 'Acuña', NULL, '201001881', 'Espinoza', 2, 'LOCAL', 'ACTIVE', '$2a$10$N9qo8uLOickgx2ZMRZoMyeIjZAgcfl7p92ldGxad68LnKqaXlbwCe'),
('553e9949-7181-de43-7753-f9a7961faa7e', '2025-06-27 19:34:09.000000', '2025-06-27 19:34:09.000000', b'1', '1973-02-10', 'gabriel.ramos53@correo.cl', NULL, 'Gabriel', 'Ramos', NULL, '201003458', 'Inostroza', 2, 'LOCAL', 'ACTIVE', '$2a$10$N9qo8uLOickgx2ZMRZoMyeIjZAgcfl7p92ldGxad68LnKqaXlbwCe'),
('56640644-5ea2-69c9-cf82-d1921d1dfa52', '2025-01-03 19:34:09.000000', '2025-01-03 19:34:09.000000', b'1', '1985-01-18', 'alejandro.jara94@correo.cl', NULL, 'Alejandro', 'Jara', NULL, '201001003', 'Vidal', 2, 'LOCAL', 'ACTIVE', '$2a$10$N9qo8uLOickgx2ZMRZoMyeIjZAgcfl7p92ldGxad68LnKqaXlbwCe');
INSERT IGNORE INTO `user` (`id`, `created_at`, `updated_at`, `active`, `birth_date`, `email`, `firebase_uid`, `first_name`, `last_name`, `middle_name`, `rut`, `second_last_name`, `role_id`, `auth_provider`, `status`, `password_hash`) VALUES
('569bd209-20a8-68c3-fe59-2e3dc3d455ad', '2025-05-18 19:34:09.000000', '2025-05-18 19:34:09.000000', b'1', '1994-12-13', 'isidora.nunez86@correo.cl', NULL, 'Isidora', 'Núñez', NULL, '201003536', 'Jiménez', 2, 'LOCAL', 'ACTIVE', '$2a$10$N9qo8uLOickgx2ZMRZoMyeIjZAgcfl7p92ldGxad68LnKqaXlbwCe'),
('5750d9e6-7766-5853-f4ce-8e66a7d002d3', '2025-08-21 19:34:09.000000', '2025-08-21 19:34:09.000000', b'1', '1976-07-12', 'susana.caro81@correo.cl', NULL, 'Susana', 'Caro', NULL, '201000547', 'Cárdenas', 2, 'LOCAL', 'ACTIVE', '$2a$10$N9qo8uLOickgx2ZMRZoMyeIjZAgcfl7p92ldGxad68LnKqaXlbwCe'),
('578e7374-e6b3-d35c-08a4-6bc6473d248e', '2025-10-05 19:34:09.000000', '2025-10-05 19:34:09.000000', b'1', '1979-11-26', 'arturo.espinoza29@correo.cl', NULL, 'Arturo', 'Espinoza', NULL, '201001858', 'Palma', 2, 'LOCAL', 'ACTIVE', '$2a$10$N9qo8uLOickgx2ZMRZoMyeIjZAgcfl7p92ldGxad68LnKqaXlbwCe'),
('579f93db-5d2a-cf9c-fbf3-f5c8375cf58d', '2026-02-27 19:34:09.000000', '2026-02-27 19:34:09.000000', b'1', '1989-11-05', 'constanza.torres4@correo.cl', NULL, 'Constanza', 'Torres', NULL, '201000169', 'López', 2, 'LOCAL', 'ACTIVE', '$2a$10$N9qo8uLOickgx2ZMRZoMyeIjZAgcfl7p92ldGxad68LnKqaXlbwCe'),
('584352e8-d62a-db86-bd97-c4b7d79f2a57', '2024-08-01 19:34:09.000000', '2024-08-01 19:34:09.000000', b'1', '1974-05-28', 'viviana.araya16@correo.cl', NULL, 'Viviana', 'Araya', NULL, '201002714', 'Jiménez', 2, 'LOCAL', 'ACTIVE', '$2a$10$N9qo8uLOickgx2ZMRZoMyeIjZAgcfl7p92ldGxad68LnKqaXlbwCe'),
('59658342-6b65-9089-e455-57791c091095', '2026-01-23 19:34:09.000000', '2026-01-23 19:34:09.000000', b'1', '1987-10-31', 'daniel.perez26@correo.cl', NULL, 'Daniel', 'Pérez', NULL, '201003036', 'Vidal', 2, 'LOCAL', 'ACTIVE', '$2a$10$N9qo8uLOickgx2ZMRZoMyeIjZAgcfl7p92ldGxad68LnKqaXlbwCe'),
('59ed48c6-d3ee-ab18-238e-cc0585e6c05e', '2025-10-05 19:34:09.000000', '2025-10-05 19:34:09.000000', b'1', '1980-05-04', 'nicolas.morales36@correo.cl', NULL, 'Nicolás', 'Morales', NULL, '201004658', 'López', 2, 'LOCAL', 'ACTIVE', '$2a$10$N9qo8uLOickgx2ZMRZoMyeIjZAgcfl7p92ldGxad68LnKqaXlbwCe'),
('5a5589b9-b13f-97cb-e83c-858934bfe8b8', '2026-03-14 19:34:09.000000', '2026-03-14 19:34:09.000000', b'1', '1991-02-12', 'isabel.poblete29@correo.cl', NULL, 'Isabel', 'Poblete', NULL, '201001536', 'Contreras', 2, 'LOCAL', 'ACTIVE', '$2a$10$N9qo8uLOickgx2ZMRZoMyeIjZAgcfl7p92ldGxad68LnKqaXlbwCe'),
('5ab6f74c-c765-6d0f-c913-c95d837a19e2', '2024-08-26 19:34:09.000000', '2024-08-26 19:34:09.000000', b'1', '1976-02-27', 'yasna.flores35@correo.cl', NULL, 'Yasna', 'Flores', NULL, '201002669', 'Valenzuela', 2, 'LOCAL', 'ACTIVE', '$2a$10$N9qo8uLOickgx2ZMRZoMyeIjZAgcfl7p92ldGxad68LnKqaXlbwCe'),
('5c547181-8229-1bff-ec92-b3ef588e051d', '2025-11-09 19:34:09.000000', '2025-11-09 19:34:09.000000', b'1', '1982-02-19', 'antonia.inostroza86@correo.cl', NULL, 'Antonia', 'Inostroza', NULL, '201000381', 'Ramírez', 2, 'LOCAL', 'ACTIVE', '$2a$10$N9qo8uLOickgx2ZMRZoMyeIjZAgcfl7p92ldGxad68LnKqaXlbwCe'),
('5cd5e5dc-818b-c8bd-d043-8c048e84aadb', '2024-09-10 19:34:09.000000', '2024-09-10 19:34:09.000000', b'1', '1977-06-05', 'mauricio.soto99@correo.cl', NULL, 'Mauricio', 'Soto', NULL, '201004036', 'Herrera', 2, 'LOCAL', 'ACTIVE', '$2a$10$N9qo8uLOickgx2ZMRZoMyeIjZAgcfl7p92ldGxad68LnKqaXlbwCe'),
('5dc16d3e-fe71-9862-3942-2fe08b90cc8d', '2026-01-03 19:34:09.000000', '2026-01-03 19:34:09.000000', b'1', '1986-08-25', 'javiera.vidal43@correo.cl', NULL, 'Javiera', 'Vidal', NULL, '201004470', 'Reyes', 2, 'LOCAL', 'ACTIVE', '$2a$10$N9qo8uLOickgx2ZMRZoMyeIjZAgcfl7p92ldGxad68LnKqaXlbwCe'),
('5df11b56-a45e-b6ed-afe1-9362e9903783', '2024-08-16 19:34:09.000000', '2024-08-16 19:34:09.000000', b'1', '1975-06-16', 'paula.pizarro87@correo.cl', NULL, 'Paula', 'Pizarro', NULL, '201002681', 'Vega', 2, 'LOCAL', 'ACTIVE', '$2a$10$N9qo8uLOickgx2ZMRZoMyeIjZAgcfl7p92ldGxad68LnKqaXlbwCe'),
('5e42ce79-fc06-cf0d-803a-eda4d9b2d8c1', '2024-10-20 19:34:09.000000', '2024-10-20 19:34:09.000000', b'1', '1979-10-17', 'marcela.vega80@correo.cl', NULL, 'Marcela', 'Vega', NULL, '201001158', 'Fuentes', 2, 'LOCAL', 'ACTIVE', '$2a$10$N9qo8uLOickgx2ZMRZoMyeIjZAgcfl7p92ldGxad68LnKqaXlbwCe'),
('5e54c1bb-3fee-2804-fbcd-ff385969c003', '2025-09-25 19:34:09.000000', '2025-09-25 19:34:09.000000', b'1', '1979-03-15', 'sebastian.henriquez94@correo.cl', NULL, 'Sebastián', 'Henríquez', NULL, '201001870', 'Vega', 2, 'LOCAL', 'ACTIVE', '$2a$10$N9qo8uLOickgx2ZMRZoMyeIjZAgcfl7p92ldGxad68LnKqaXlbwCe'),
('5f0aa554-f6f9-40f6-ab24-88b7a4bd8889', '2026-05-21 20:16:27.000000', '2026-05-21 20:16:27.000000', b'1', '2000-01-18', 'a@gmail.com', NULL, 'f', 'f', NULL, '58292184', 'f', 2, 'LOCAL', 'ACTIVE', '$2a$10$GPpKrvIPIDxD15UfkBTzuexOpMxwJK.BLGZKxf0uia4IQoy1Hv1VW'),
('5f64db14-1752-e726-6ee4-a12b2be86b5c', '2025-12-09 19:34:09.000000', '2025-12-09 19:34:09.000000', b'1', '1984-06-16', 'alejandro.jara65@correo.cl', NULL, 'Alejandro', 'Jara', NULL, '201001725', 'Jiménez', 2, 'LOCAL', 'ACTIVE', '$2a$10$N9qo8uLOickgx2ZMRZoMyeIjZAgcfl7p92ldGxad68LnKqaXlbwCe'),
('6057b4da-d43c-1fd3-e28a-5e96777c286f', '2026-01-18 19:34:09.000000', '2026-01-18 19:34:09.000000', b'1', '1987-06-25', 'maximiliano.cisternas71@correo.cl', NULL, 'Maximiliano', 'Cisternas', NULL, '201003047', 'Fuentes', 2, 'LOCAL', 'ACTIVE', '$2a$10$N9qo8uLOickgx2ZMRZoMyeIjZAgcfl7p92ldGxad68LnKqaXlbwCe'),
('60c5d1ea-9963-8ba7-5537-61af5a6d1913', '2025-01-23 19:34:09.000000', '2025-01-23 19:34:09.000000', b'1', '1986-06-14', 'andrea.orellana74@correo.cl', NULL, 'Andrea', 'Orellana', NULL, '201000969', 'Sepúlveda', 2, 'LOCAL', 'ACTIVE', '$2a$10$N9qo8uLOickgx2ZMRZoMyeIjZAgcfl7p92ldGxad68LnKqaXlbwCe'),
('614c128c-ff20-10ee-a7a4-7e15708fb50e', '2025-12-04 19:34:09.000000', '2025-12-04 19:34:09.000000', b'1', '1984-07-18', 'marcela.cortes5@correo.cl', NULL, 'Marcela', 'Cortés', NULL, '201004536', 'Castro', 2, 'LOCAL', 'ACTIVE', '$2a$10$N9qo8uLOickgx2ZMRZoMyeIjZAgcfl7p92ldGxad68LnKqaXlbwCe'),
('636ae55f-3102-3311-1f45-308752c7e04e', '2026-04-03 19:34:09.000000', '2026-04-03 19:34:09.000000', b'1', '1992-07-08', 'rosa.inostroza95@correo.cl', NULL, 'Rosa', 'Inostroza', NULL, '201001492', 'Espinoza', 2, 'LOCAL', 'ACTIVE', '$2a$10$N9qo8uLOickgx2ZMRZoMyeIjZAgcfl7p92ldGxad68LnKqaXlbwCe'),
('636b2069-1e2b-b2b5-d208-d3ecc9f09ddf', '2025-03-04 19:34:09.000000', '2025-03-04 19:34:09.000000', b'1', '1989-09-10', 'patricia.espinoza34@correo.cl', NULL, 'Patricia', 'Espinoza', NULL, '201003681', 'Orellana', 2, 'LOCAL', 'ACTIVE', '$2a$10$N9qo8uLOickgx2ZMRZoMyeIjZAgcfl7p92ldGxad68LnKqaXlbwCe'),
('63ceb778-5aad-a8c0-b6ff-2fc1f78f32aa', '2025-08-01 19:34:09.000000', '2025-08-01 19:34:09.000000', b'1', '1975-05-07', 'andres.valenzuela44@correo.cl', NULL, 'Andrés', 'Valenzuela', NULL, '201001981', 'Cárdenas', 2, 'LOCAL', 'ACTIVE', '$2a$10$N9qo8uLOickgx2ZMRZoMyeIjZAgcfl7p92ldGxad68LnKqaXlbwCe'),
('64808521-cf35-805c-aa2e-a0591f6901a3', '2024-10-15 19:34:09.000000', '2024-10-15 19:34:09.000000', b'1', '1979-08-30', 'agustin.munoz47@correo.cl', NULL, 'Agustín', 'Muñoz', NULL, '201002569', 'Poblete', 2, 'LOCAL', 'ACTIVE', '$2a$10$N9qo8uLOickgx2ZMRZoMyeIjZAgcfl7p92ldGxad68LnKqaXlbwCe'),
('648d28c6-1674-9c3d-8773-4368accef4ec', '2024-11-04 19:34:09.000000', '2024-11-04 19:34:09.000000', b'1', '1981-01-23', 'eduardo.soto84@correo.cl', NULL, 'Eduardo', 'Soto', NULL, '201002525', 'Martínez', 2, 'LOCAL', 'ACTIVE', '$2a$10$N9qo8uLOickgx2ZMRZoMyeIjZAgcfl7p92ldGxad68LnKqaXlbwCe'),
('6542d2de-d392-0907-3b18-a1951dbb5c8a', '2026-01-28 19:34:09.000000', '2026-01-28 19:34:09.000000', b'1', '1987-09-29', 'andrea.martinez79@correo.cl', NULL, 'Andrea', 'Martínez', NULL, '201000225', 'Opazo', 2, 'LOCAL', 'ACTIVE', '$2a$10$N9qo8uLOickgx2ZMRZoMyeIjZAgcfl7p92ldGxad68LnKqaXlbwCe'),
('6567c2ad-415f-3d32-49b6-23712958072e', '2026-05-13 19:34:09.000000', '2026-05-13 19:34:09.000000', b'1', '1971-02-13', 'sergio.contreras36@correo.cl', NULL, 'Sergio', 'Contreras', NULL, '201004214', 'Quijada', 2, 'LOCAL', 'ACTIVE', '$2a$10$N9qo8uLOickgx2ZMRZoMyeIjZAgcfl7p92ldGxad68LnKqaXlbwCe'),
('664d8f48-7497-372c-ffcf-1dfd3eb75891', '2025-07-27 19:34:09.000000', '2025-07-27 19:34:09.000000', b'1', '1975-06-08', 'rosa.palma38@correo.cl', NULL, 'Rosa', 'Palma', NULL, '201004792', 'Sandoval', 2, 'LOCAL', 'ACTIVE', '$2a$10$N9qo8uLOickgx2ZMRZoMyeIjZAgcfl7p92ldGxad68LnKqaXlbwCe'),
('66913090-f1cd-5b63-ce8e-fcdd17e67387', '2024-09-25 19:34:09.000000', '2024-09-25 19:34:09.000000', b'1', '1978-04-05', 'marcela.perez18@correo.cl', NULL, 'Marcela', 'Pérez', NULL, '201002603', 'Vera', 2, 'LOCAL', 'ACTIVE', '$2a$10$N9qo8uLOickgx2ZMRZoMyeIjZAgcfl7p92ldGxad68LnKqaXlbwCe'),
('6762685e-3929-7405-8c35-af96cdf03dfe', '2025-06-17 19:34:09.000000', '2025-06-17 19:34:09.000000', b'1', '1972-08-18', 'fernando.caro50@correo.cl', NULL, 'Fernando', 'Caro', NULL, '201004870', 'Henríquez', 2, 'LOCAL', 'ACTIVE', '$2a$10$N9qo8uLOickgx2ZMRZoMyeIjZAgcfl7p92ldGxad68LnKqaXlbwCe'),
('687b9603-0438-30c2-c15b-126525782d72', '2026-03-19 19:34:09.000000', '2026-03-19 19:34:09.000000', b'1', '1991-06-20', 'andrea.sepulveda16@correo.cl', NULL, 'Andrea', 'Sepúlveda', NULL, '201001525', 'Olivares', 2, 'LOCAL', 'ACTIVE', '$2a$10$N9qo8uLOickgx2ZMRZoMyeIjZAgcfl7p92ldGxad68LnKqaXlbwCe'),
('69c40dde-83de-55ac-8af7-969179eda9cc', '2025-07-07 19:34:09.000000', '2025-07-07 19:34:09.000000', b'1', '1973-10-24', 'susana.caro73@correo.cl', NULL, 'Susana', 'Caro', NULL, '201003436', 'Ramos', 2, 'LOCAL', 'ACTIVE', '$2a$10$N9qo8uLOickgx2ZMRZoMyeIjZAgcfl7p92ldGxad68LnKqaXlbwCe'),
('6a479b3f-3cce-e7ad-e2a1-2b0495d6bb12', '2025-09-10 19:34:09.000000', '2025-09-10 19:34:09.000000', b'1', '1978-02-24', 'paula.jimenez70@correo.cl', NULL, 'Paula', 'Jiménez', NULL, '201001903', 'Acuña', 2, 'LOCAL', 'ACTIVE', '$2a$10$N9qo8uLOickgx2ZMRZoMyeIjZAgcfl7p92ldGxad68LnKqaXlbwCe'),
('6a62ebff-8355-7975-bd34-9f02c58c63d4', '2025-11-19 19:34:09.000000', '2025-11-19 19:34:09.000000', b'1', '1983-04-11', 'fernanda.sepulveda79@correo.cl', NULL, 'Fernanda', 'Sepúlveda', NULL, '201003169', 'Morales', 2, 'LOCAL', 'ACTIVE', '$2a$10$N9qo8uLOickgx2ZMRZoMyeIjZAgcfl7p92ldGxad68LnKqaXlbwCe'),
('6af2568d-297a-dfd4-ddd6-fe77b6b8be6d', '2025-05-28 19:34:09.000000', '2025-05-28 19:34:09.000000', b'1', '1971-01-04', 'maximiliano.aravena58@correo.cl', NULL, 'Maximiliano', 'Aravena', NULL, '201003514', 'Tapia', 2, 'LOCAL', 'ACTIVE', '$2a$10$N9qo8uLOickgx2ZMRZoMyeIjZAgcfl7p92ldGxad68LnKqaXlbwCe'),
('6b6c8743-9142-5238-7747-ea4bbf642174', '2024-07-12 19:34:09.000000', '2024-07-12 19:34:09.000000', b'1', '1973-03-22', 'constanza.sanchez87@correo.cl', NULL, 'Constanza', 'Sánchez', NULL, '201004158', 'Silva', 2, 'LOCAL', 'ACTIVE', '$2a$10$N9qo8uLOickgx2ZMRZoMyeIjZAgcfl7p92ldGxad68LnKqaXlbwCe'),
('6b921f52-5c99-9967-c8fe-d1e349110f2d', '2026-04-28 19:34:09.000000', '2026-04-28 19:34:09.000000', b'1', '1994-06-28', 'sergio.munoz51@correo.cl', NULL, 'Sergio', 'Muñoz', NULL, '201002847', 'Silva', 2, 'LOCAL', 'ACTIVE', '$2a$10$N9qo8uLOickgx2ZMRZoMyeIjZAgcfl7p92ldGxad68LnKqaXlbwCe'),
('6bc8fdd4-7ae9-916e-36e0-56bc91f0199e', '2025-11-14 19:34:09.000000', '2025-11-14 19:34:09.000000', b'1', '1983-02-22', 'camila.garcia9@correo.cl', NULL, 'Camila', 'García', NULL, '201004570', 'Sandoval', 2, 'LOCAL', 'ACTIVE', '$2a$10$N9qo8uLOickgx2ZMRZoMyeIjZAgcfl7p92ldGxad68LnKqaXlbwCe'),
('6bf323d9-cdf6-6f14-89b4-97b837e53dd2', '2025-02-02 19:34:09.000000', '2025-02-02 19:34:09.000000', b'1', '1987-05-16', 'victor.henriquez54@correo.cl', NULL, 'Víctor', 'Henríquez', NULL, '201002347', 'Inostroza', 2, 'LOCAL', 'ACTIVE', '$2a$10$N9qo8uLOickgx2ZMRZoMyeIjZAgcfl7p92ldGxad68LnKqaXlbwCe'),
('6c674176-5097-c95b-1765-4ba04139a562', '2026-03-04 19:34:09.000000', '2026-03-04 19:34:09.000000', b'1', '1990-06-01', 'andres.vera71@correo.cl', NULL, 'Andrés', 'Vera', NULL, '201001558', 'Cisternas', 2, 'LOCAL', 'ACTIVE', '$2a$10$N9qo8uLOickgx2ZMRZoMyeIjZAgcfl7p92ldGxad68LnKqaXlbwCe'),
('6c711020-15df-b212-1620-15f5c8b2c1f5', '2025-05-03 19:34:09.000000', '2025-05-03 19:34:09.000000', b'1', '1993-09-05', 'valeria.vega24@correo.cl', NULL, 'Valeria', 'Vega', NULL, '201002169', 'Ramírez', 2, 'LOCAL', 'ACTIVE', '$2a$10$N9qo8uLOickgx2ZMRZoMyeIjZAgcfl7p92ldGxad68LnKqaXlbwCe'),
('6cb70079-e3de-7bfc-6a36-469edb8e18b0', '2024-12-09 19:34:09.000000', '2024-12-09 19:34:09.000000', b'1', '1983-04-19', 'sergio.navarrete49@correo.cl', NULL, 'Sergio', 'Navarrete', NULL, '201001058', 'Contreras', 2, 'LOCAL', 'ACTIVE', '$2a$10$N9qo8uLOickgx2ZMRZoMyeIjZAgcfl7p92ldGxad68LnKqaXlbwCe'),
('6d1f4c63-e64c-e882-b26e-aae2cf51f7cc', '2025-05-03 19:34:09.000000', '2025-05-03 19:34:09.000000', b'1', '1993-06-17', 'patricio.henriquez77@correo.cl', NULL, 'Patricio', 'Henríquez', NULL, '201000769', 'González', 2, 'LOCAL', 'ACTIVE', '$2a$10$N9qo8uLOickgx2ZMRZoMyeIjZAgcfl7p92ldGxad68LnKqaXlbwCe'),
('6e485c1b-18e0-1939-2bfa-01fe7f9f2fbe', '2024-08-11 19:34:09.000000', '2024-08-11 19:34:09.000000', b'1', '1975-02-08', 'matias.martinez3@correo.cl', NULL, 'Matías', 'Martínez', NULL, '201002692', 'Núñez', 2, 'LOCAL', 'ACTIVE', '$2a$10$N9qo8uLOickgx2ZMRZoMyeIjZAgcfl7p92ldGxad68LnKqaXlbwCe'),
('6ebf10df-c0ec-3676-f9b0-58371eafc71c', '2025-06-22 19:34:09.000000', '2025-06-22 19:34:09.000000', b'1', '1972-10-05', 'sofia.munoz92@correo.cl', NULL, 'Sofía', 'Muñoz', NULL, '201003469', 'Opazo', 2, 'LOCAL', 'ACTIVE', '$2a$10$N9qo8uLOickgx2ZMRZoMyeIjZAgcfl7p92ldGxad68LnKqaXlbwCe'),
('6f919dc0-0652-bd84-d9f7-516404fd53ca', '2025-01-18 19:34:09.000000', '2025-01-18 19:34:09.000000', b'1', '1986-02-06', 'marco.diaz85@correo.cl', NULL, 'Marco', 'Díaz', NULL, '201000970', 'Castro', 2, 'LOCAL', 'ACTIVE', '$2a$10$N9qo8uLOickgx2ZMRZoMyeIjZAgcfl7p92ldGxad68LnKqaXlbwCe'),
('6fdcefbc-0513-7b6c-e8c2-7a50c075e534', '2025-09-10 19:34:09.000000', '2025-09-10 19:34:09.000000', b'1', '1978-08-03', 'macarena.henriquez31@correo.cl', NULL, 'Macarena', 'Henríquez', NULL, '201004703', 'Sandoval', 2, 'LOCAL', 'ACTIVE', '$2a$10$N9qo8uLOickgx2ZMRZoMyeIjZAgcfl7p92ldGxad68LnKqaXlbwCe'),
('71211588-0183-bdc0-21ad-05a3debf019a', '2025-04-03 19:34:09.000000', '2025-04-03 19:34:09.000000', b'1', '1991-07-30', 'esteban.bustamante30@correo.cl', NULL, 'Esteban', 'Bustamante', NULL, '201002225', 'Cisternas', 2, 'LOCAL', 'ACTIVE', '$2a$10$N9qo8uLOickgx2ZMRZoMyeIjZAgcfl7p92ldGxad68LnKqaXlbwCe'),
('714f2c90-5819-815d-5ac7-71c29832ace9', '2025-01-28 19:34:09.000000', '2025-01-28 19:34:09.000000', b'1', '1987-01-08', 'camila.olivares91@correo.cl', NULL, 'Camila', 'Olivares', NULL, '201002358', 'Medina', 2, 'LOCAL', 'ACTIVE', '$2a$10$N9qo8uLOickgx2ZMRZoMyeIjZAgcfl7p92ldGxad68LnKqaXlbwCe'),
('71503a7f-62f9-39ab-dd16-9831a055812a', '2025-03-09 19:34:09.000000', '2025-03-09 19:34:09.000000', b'1', '1989-08-09', 'cristobal.jara27@correo.cl', NULL, 'Cristóbal', 'Jara', NULL, '201000870', 'Vargas', 2, 'LOCAL', 'ACTIVE', '$2a$10$N9qo8uLOickgx2ZMRZoMyeIjZAgcfl7p92ldGxad68LnKqaXlbwCe'),
('71dc4201-ad74-2661-8432-ae3d412c24e3', '2025-12-04 19:34:09.000000', '2025-12-04 19:34:09.000000', b'1', '1984-04-29', 'macarena.cisternas39@correo.cl', NULL, 'Macarena', 'Cisternas', NULL, '201003136', 'García', 2, 'LOCAL', 'ACTIVE', '$2a$10$N9qo8uLOickgx2ZMRZoMyeIjZAgcfl7p92ldGxad68LnKqaXlbwCe'),
('735e59b6-b2ac-28af-c738-f387acfaa942', '2025-11-24 19:34:09.000000', '2025-11-24 19:34:09.000000', b'1', '1983-11-05', 'hugo.cortes47@correo.cl', NULL, 'Hugo', 'Cortés', NULL, '201004558', 'Orellana', 2, 'LOCAL', 'ACTIVE', '$2a$10$N9qo8uLOickgx2ZMRZoMyeIjZAgcfl7p92ldGxad68LnKqaXlbwCe'),
('738fbb00-1ccc-4739-4b16-f97e5460f96a', '2024-09-30 19:34:09.000000', '2024-09-30 19:34:09.000000', b'1', '1978-05-23', 'ricardo.flores50@correo.cl', NULL, 'Ricardo', 'Flores', NULL, '201001192', 'Cortés', 2, 'LOCAL', 'ACTIVE', '$2a$10$N9qo8uLOickgx2ZMRZoMyeIjZAgcfl7p92ldGxad68LnKqaXlbwCe'),
('73d66419-1862-9837-ffba-3bdb78c28a51', '2026-03-29 19:34:09.000000', '2026-03-29 19:34:09.000000', b'1', '1992-03-02', 'tomas.silva64@correo.cl', NULL, 'Tomás', 'Silva', NULL, '201001503', 'Henríquez', 2, 'LOCAL', 'ACTIVE', '$2a$10$N9qo8uLOickgx2ZMRZoMyeIjZAgcfl7p92ldGxad68LnKqaXlbwCe'),
('73d7725f-4cbd-9de2-f478-5b19652ed23f', '2025-12-14 19:34:09.000000', '2025-12-14 19:34:09.000000', b'1', '1985-03-31', 'paula.cisternas23@correo.cl', NULL, 'Paula', 'Cisternas', NULL, '201004514', 'Núñez', 2, 'LOCAL', 'ACTIVE', '$2a$10$N9qo8uLOickgx2ZMRZoMyeIjZAgcfl7p92ldGxad68LnKqaXlbwCe'),
('7498db15-08a7-b04c-3d15-56d784196d39', '2025-04-08 19:34:09.000000', '2025-04-08 19:34:09.000000', b'1', '1991-09-16', 'esteban.jimenez50@correo.cl', NULL, 'Esteban', 'Jiménez', NULL, '201000814', 'Quijada', 2, 'LOCAL', 'ACTIVE', '$2a$10$N9qo8uLOickgx2ZMRZoMyeIjZAgcfl7p92ldGxad68LnKqaXlbwCe'),
('74fcb6cf-daae-bc50-ed1a-1067a0e8fa50', '2026-02-17 19:34:09.000000', '2026-02-17 19:34:09.000000', b'1', '1989-08-01', 'claudia.sanchez87@correo.cl', NULL, 'Claudia', 'Sánchez', NULL, '201002981', 'Martínez', 2, 'LOCAL', 'ACTIVE', '$2a$10$N9qo8uLOickgx2ZMRZoMyeIjZAgcfl7p92ldGxad68LnKqaXlbwCe'),
('7507b7b6-2636-3145-ab94-6e80d35191cc', '2026-04-28 19:34:09.000000', '2026-04-28 19:34:09.000000', b'1', '1994-04-09', 'tomas.vargas12@correo.cl', NULL, 'Tomás', 'Vargas', NULL, '201001447', 'Rojas', 2, 'LOCAL', 'ACTIVE', '$2a$10$N9qo8uLOickgx2ZMRZoMyeIjZAgcfl7p92ldGxad68LnKqaXlbwCe'),
('7550d79c-0d2e-c696-8cdf-3bec36ffcceb', '2024-08-06 19:34:09.000000', '2024-08-06 19:34:09.000000', b'1', '1974-10-03', 'beatriz.espinoza44@correo.cl', NULL, 'Beatriz', 'Espinoza', NULL, '201002703', 'Torres', 2, 'LOCAL', 'ACTIVE', '$2a$10$N9qo8uLOickgx2ZMRZoMyeIjZAgcfl7p92ldGxad68LnKqaXlbwCe'),
('755c7001-3fec-35ad-7d88-6e2aac5477ab', '2025-03-09 19:34:09.000000', '2025-03-09 19:34:09.000000', b'1', '1990-01-16', 'felipe.reyes50@correo.cl', NULL, 'Felipe', 'Reyes', NULL, '201003670', 'Orellana', 2, 'LOCAL', 'ACTIVE', '$2a$10$N9qo8uLOickgx2ZMRZoMyeIjZAgcfl7p92ldGxad68LnKqaXlbwCe'),
('76fad5e4-8a28-d939-70d4-845cb08b74f2', '2024-07-27 19:34:09.000000', '2024-07-27 19:34:09.000000', b'1', '1974-04-10', 'rodrigo.lopez90@correo.cl', NULL, 'Rodrigo', 'López', NULL, '201004125', 'Henríquez', 2, 'LOCAL', 'ACTIVE', '$2a$10$N9qo8uLOickgx2ZMRZoMyeIjZAgcfl7p92ldGxad68LnKqaXlbwCe'),
('77c49bff-31a0-644b-815b-7e4466772c1c', '2025-01-08 19:34:09.000000', '2025-01-08 19:34:09.000000', b'1', '1985-05-26', 'catalina.opazo84@correo.cl', NULL, 'Catalina', 'Opazo', NULL, '201000992', 'Tapia', 2, 'LOCAL', 'ACTIVE', '$2a$10$N9qo8uLOickgx2ZMRZoMyeIjZAgcfl7p92ldGxad68LnKqaXlbwCe'),
('781839af-3a32-a828-9a8c-6499982913ae', '2025-10-05 19:34:09.000000', '2025-10-05 19:34:09.000000', b'1', '1979-09-07', 'monica.leiva36@correo.cl', NULL, 'Mónica', 'Leiva', NULL, '201000458', 'Orellana', 2, 'LOCAL', 'ACTIVE', '$2a$10$N9qo8uLOickgx2ZMRZoMyeIjZAgcfl7p92ldGxad68LnKqaXlbwCe'),
('7819b470-5369-b75b-4e88-68ae40180c34', '2025-07-22 19:34:09.000000', '2025-07-22 19:34:09.000000', b'1', '1974-11-12', 'patricia.nunez88@correo.cl', NULL, 'Patricia', 'Núñez', NULL, '201003403', 'Poblete', 2, 'LOCAL', 'ACTIVE', '$2a$10$N9qo8uLOickgx2ZMRZoMyeIjZAgcfl7p92ldGxad68LnKqaXlbwCe'),
('7884a321-e133-88c9-499f-3e291d91838a', '2026-03-24 19:34:09.000000', '2026-03-24 19:34:09.000000', b'1', '1992-04-03', 'natalia.rubio52@correo.cl', NULL, 'Natalia', 'Rubio', NULL, '201004314', 'Castro', 2, 'LOCAL', 'ACTIVE', '$2a$10$N9qo8uLOickgx2ZMRZoMyeIjZAgcfl7p92ldGxad68LnKqaXlbwCe'),
('78a55d14-05f6-a18d-f0f5-dd4de1170cd0', '2025-07-02 19:34:09.000000', '2025-07-02 19:34:09.000000', b'1', '1973-03-30', 'barbara.pizarro9@correo.cl', NULL, 'Bárbara', 'Pizarro', NULL, '201002047', 'García', 2, 'LOCAL', 'ACTIVE', '$2a$10$N9qo8uLOickgx2ZMRZoMyeIjZAgcfl7p92ldGxad68LnKqaXlbwCe'),
('78cbe8ac-5bb1-dfad-200e-867cee37827e', '2025-11-24 19:34:09.000000', '2025-11-24 19:34:09.000000', b'1', '1983-05-29', 'arturo.cisternas39@correo.cl', NULL, 'Arturo', 'Cisternas', NULL, '201001758', 'Silva', 2, 'LOCAL', 'ACTIVE', '$2a$10$N9qo8uLOickgx2ZMRZoMyeIjZAgcfl7p92ldGxad68LnKqaXlbwCe'),
('79129a61-5efa-f841-1c41-0bc43537fbb6', '2024-07-17 19:34:09.000000', '2024-07-17 19:34:09.000000', b'1', '1973-02-18', 'ximena.garcia38@correo.cl', NULL, 'Ximena', 'García', NULL, '201001347', 'Cabrera', 2, 'LOCAL', 'ACTIVE', '$2a$10$N9qo8uLOickgx2ZMRZoMyeIjZAgcfl7p92ldGxad68LnKqaXlbwCe'),
('79751825-8996-0632-dc42-19a76a8cbc0e', '2025-07-17 19:34:09.000000', '2025-07-17 19:34:09.000000', b'1', '1974-07-07', 'barbara.fuentes62@correo.cl', NULL, 'Bárbara', 'Fuentes', NULL, '201003414', 'Contreras', 2, 'LOCAL', 'ACTIVE', '$2a$10$N9qo8uLOickgx2ZMRZoMyeIjZAgcfl7p92ldGxad68LnKqaXlbwCe'),
('79a51bd8-183a-cb2a-eaf5-ad723c2e12aa', '2025-03-19 19:34:09.000000', '2025-03-19 19:34:09.000000', b'1', '1990-07-11', 'daniel.olivares89@correo.cl', NULL, 'Daniel', 'Olivares', NULL, '201002258', 'Jara', 2, 'LOCAL', 'ACTIVE', '$2a$10$N9qo8uLOickgx2ZMRZoMyeIjZAgcfl7p92ldGxad68LnKqaXlbwCe'),
('79a7bee3-9c3e-3979-a727-cd35320fa0ae', '2026-03-04 19:34:09.000000', '2026-03-04 19:34:09.000000', b'1', '1990-03-13', 'barbara.acuna59@correo.cl', NULL, 'Bárbara', 'Acuña', NULL, '201000158', 'Cabrera', 2, 'LOCAL', 'ACTIVE', '$2a$10$N9qo8uLOickgx2ZMRZoMyeIjZAgcfl7p92ldGxad68LnKqaXlbwCe'),
('7a07f966-5465-5fbc-2fd0-4de92011b625', '2024-08-16 19:34:09.000000', '2024-08-16 19:34:09.000000', b'1', '1975-03-28', 'victor.vargas20@correo.cl', NULL, 'Víctor', 'Vargas', NULL, '201001281', 'Navarrete', 2, 'LOCAL', 'ACTIVE', '$2a$10$N9qo8uLOickgx2ZMRZoMyeIjZAgcfl7p92ldGxad68LnKqaXlbwCe'),
('7a718bda-6c6b-4f2f-d6a5-01d61118f85b', '2024-07-22 19:34:09.000000', '2024-07-22 19:34:09.000000', b'1', '1973-09-14', 'catalina.martinez56@correo.cl', NULL, 'Catalina', 'Martínez', NULL, '201002736', 'Sandoval', 2, 'LOCAL', 'ACTIVE', '$2a$10$N9qo8uLOickgx2ZMRZoMyeIjZAgcfl7p92ldGxad68LnKqaXlbwCe'),
('7b58454e-da31-56df-4a2f-c7e5d3db67e3', '2025-12-09 19:34:09.000000', '2025-12-09 19:34:09.000000', b'1', '1984-09-04', 'diego.lopez27@correo.cl', NULL, 'Diego', 'López', NULL, '201003125', 'Henríquez', 2, 'LOCAL', 'ACTIVE', '$2a$10$N9qo8uLOickgx2ZMRZoMyeIjZAgcfl7p92ldGxad68LnKqaXlbwCe'),
('7b8b4dea-bcdd-1b4c-04f0-0d5674ac56df', '2025-10-05 19:34:09.000000', '2025-10-05 19:34:09.000000', b'1', '1980-02-14', 'mauricio.cardenas90@correo.cl', NULL, 'Mauricio', 'Cárdenas', NULL, '201003258', 'Jiménez', 2, 'LOCAL', 'ACTIVE', '$2a$10$N9qo8uLOickgx2ZMRZoMyeIjZAgcfl7p92ldGxad68LnKqaXlbwCe'),
('7be08716-348a-519a-f163-789e03906d92', '2025-08-01 19:34:09.000000', '2025-08-01 19:34:09.000000', b'1', '1975-10-14', 'felipe.rubio55@correo.cl', NULL, 'Felipe', 'Rubio', NULL, '201004781', 'Cortés', 2, 'LOCAL', 'ACTIVE', '$2a$10$N9qo8uLOickgx2ZMRZoMyeIjZAgcfl7p92ldGxad68LnKqaXlbwCe'),
('7c2f0246-7b24-be89-c063-d42b70212e2d', '2026-03-24 19:34:09.000000', '2026-03-24 19:34:09.000000', b'1', '1991-08-07', 'hugo.opazo1@correo.cl', NULL, 'Hugo', 'Opazo', NULL, '201000114', 'Cárdenas', 2, 'LOCAL', 'ACTIVE', '$2a$10$N9qo8uLOickgx2ZMRZoMyeIjZAgcfl7p92ldGxad68LnKqaXlbwCe'),
('7c8ea6f2-da6d-5025-117f-d07e09e8058d', '2025-11-29 19:34:09.000000', '2025-11-29 19:34:09.000000', b'1', '1983-10-04', 'daniela.medina13@correo.cl', NULL, 'Daniela', 'Medina', NULL, '201001747', 'Vargas', 2, 'LOCAL', 'ACTIVE', '$2a$10$N9qo8uLOickgx2ZMRZoMyeIjZAgcfl7p92ldGxad68LnKqaXlbwCe'),
('7d61597e-a643-3fa8-a4f2-e71d691e7c88', '2025-12-29 19:34:09.000000', '2025-12-29 19:34:09.000000', b'1', '1985-08-22', 'andrea.rubio13@correo.cl', NULL, 'Andrea', 'Rubio', NULL, '201000281', 'Vega', 2, 'LOCAL', 'ACTIVE', '$2a$10$N9qo8uLOickgx2ZMRZoMyeIjZAgcfl7p92ldGxad68LnKqaXlbwCe'),
('7da83196-6a39-bc99-c364-673742875e2d', '2025-11-24 19:34:09.000000', '2025-11-24 19:34:09.000000', b'1', '1983-08-17', 'agustin.fernandez66@correo.cl', NULL, 'Agustín', 'Fernández', NULL, '201003158', 'Poblete', 2, 'LOCAL', 'ACTIVE', '$2a$10$N9qo8uLOickgx2ZMRZoMyeIjZAgcfl7p92ldGxad68LnKqaXlbwCe'),
('7de4b4da-4e39-24ce-40ca-98ee7ab9b30f', '2025-04-03 19:34:09.000000', '2025-04-03 19:34:09.000000', b'1', '1991-10-18', 'francisco.bustamante40@correo.cl', NULL, 'Francisco', 'Bustamante', NULL, '201003625', 'Navarrete', 2, 'LOCAL', 'ACTIVE', '$2a$10$N9qo8uLOickgx2ZMRZoMyeIjZAgcfl7p92ldGxad68LnKqaXlbwCe'),
('7eb33b68-fd75-153c-f075-32f69851b61e', '2026-03-09 19:34:09.000000', '2026-03-09 19:34:09.000000', b'1', '1990-07-19', 'daniel.ramirez24@correo.cl', NULL, 'Daniel', 'Ramírez', NULL, '201000147', 'Herrera', 2, 'LOCAL', 'ACTIVE', '$2a$10$N9qo8uLOickgx2ZMRZoMyeIjZAgcfl7p92ldGxad68LnKqaXlbwCe'),
('7ee45a7c-8ccf-68cd-60c0-5e486bd31e9b', '2024-11-19 19:34:09.000000', '2024-11-19 19:34:09.000000', b'1', '1982-02-11', 'patricia.olivares73@correo.cl', NULL, 'Patricia', 'Olivares', NULL, '201002492', 'Medina', 2, 'LOCAL', 'ACTIVE', '$2a$10$N9qo8uLOickgx2ZMRZoMyeIjZAgcfl7p92ldGxad68LnKqaXlbwCe'),
('806cd7a6-d5ad-0f09-6deb-60a925b33b80', '2026-02-02 19:34:09.000000', '2026-02-02 19:34:09.000000', b'1', '1988-02-04', 'valeria.ramos14@correo.cl', NULL, 'Valeria', 'Ramos', NULL, '201000214', 'Rodríguez', 2, 'LOCAL', 'ACTIVE', '$2a$10$N9qo8uLOickgx2ZMRZoMyeIjZAgcfl7p92ldGxad68LnKqaXlbwCe'),
('8107c0b2-ecc5-7513-0d5c-60469c2fe843', '2024-08-31 19:34:09.000000', '2024-08-31 19:34:09.000000', b'1', '1976-09-22', 'arturo.vargas82@correo.cl', NULL, 'Arturo', 'Vargas', NULL, '201004058', 'Ramos', 2, 'LOCAL', 'ACTIVE', '$2a$10$N9qo8uLOickgx2ZMRZoMyeIjZAgcfl7p92ldGxad68LnKqaXlbwCe'),
('814b4b5f-74d9-cf42-1f6d-c635c513fec5', '2024-09-05 19:34:09.000000', '2024-09-05 19:34:09.000000', b'1', '1976-08-21', 'david.bustamante58@correo.cl', NULL, 'David', 'Bustamante', NULL, '201001247', 'Pérez', 2, 'LOCAL', 'ACTIVE', '$2a$10$N9qo8uLOickgx2ZMRZoMyeIjZAgcfl7p92ldGxad68LnKqaXlbwCe'),
('814b56c6-37cc-7a54-2e84-02643a396882', '2025-05-18 19:34:09.000000', '2025-05-18 19:34:09.000000', b'1', '1994-09-24', 'diego.fuentes57@correo.cl', NULL, 'Diego', 'Fuentes', NULL, '201002136', 'Morales', 2, 'LOCAL', 'ACTIVE', '$2a$10$N9qo8uLOickgx2ZMRZoMyeIjZAgcfl7p92ldGxad68LnKqaXlbwCe'),
('81ffd6c9-7fd6-3792-be04-3b2aab283220', '2026-02-22 19:34:09.000000', '2026-02-22 19:34:09.000000', b'1', '1989-06-30', 'pamela.fernandez75@correo.cl', NULL, 'Pamela', 'Fernández', NULL, '201000170', 'Palma', 2, 'LOCAL', 'ACTIVE', '$2a$10$N9qo8uLOickgx2ZMRZoMyeIjZAgcfl7p92ldGxad68LnKqaXlbwCe'),
('82226314-a22b-d258-67a4-1f7cbcaaff93', '2025-10-10 19:34:09.000000', '2025-10-10 19:34:09.000000', b'1', '1980-01-13', 'hugo.vega57@correo.cl', NULL, 'Hugo', 'Vega', NULL, '201000447', 'Cárdenas', 2, 'LOCAL', 'ACTIVE', '$2a$10$N9qo8uLOickgx2ZMRZoMyeIjZAgcfl7p92ldGxad68LnKqaXlbwCe'),
('823757fc-bcb1-1982-3a02-9d8eac87738a', '2025-03-24 19:34:09.000000', '2025-03-24 19:34:09.000000', b'1', '1991-02-04', 'isabel.jimenez13@correo.cl', NULL, 'Isabel', 'Jiménez', NULL, '201003647', 'Rodríguez', 2, 'LOCAL', 'ACTIVE', '$2a$10$N9qo8uLOickgx2ZMRZoMyeIjZAgcfl7p92ldGxad68LnKqaXlbwCe'),
('82ceee14-c5a4-5201-da6d-5e14605118c1', '2026-01-08 19:34:09.000000', '2026-01-08 19:34:09.000000', b'1', '1986-07-24', 'susana.araya73@correo.cl', NULL, 'Susana', 'Araya', NULL, '201001669', 'Vargas', 2, 'LOCAL', 'ACTIVE', '$2a$10$N9qo8uLOickgx2ZMRZoMyeIjZAgcfl7p92ldGxad68LnKqaXlbwCe'),
('82f20adf-27e7-0742-b69f-1a971fa3c805', '2025-09-25 19:34:09.000000', '2025-09-25 19:34:09.000000', b'1', '1979-06-03', 'constanza.rubio86@correo.cl', NULL, 'Constanza', 'Rubio', NULL, '201003270', 'Cabrera', 2, 'LOCAL', 'ACTIVE', '$2a$10$N9qo8uLOickgx2ZMRZoMyeIjZAgcfl7p92ldGxad68LnKqaXlbwCe'),
('8367a209-7e89-0b85-66bd-6ebedab1e93e', '2025-03-19 19:34:09.000000', '2025-03-19 19:34:09.000000', b'1', '1990-04-22', 'barbara.lopez7@correo.cl', NULL, 'Bárbara', 'López', NULL, '201000858', 'Núñez', 2, 'LOCAL', 'ACTIVE', '$2a$10$N9qo8uLOickgx2ZMRZoMyeIjZAgcfl7p92ldGxad68LnKqaXlbwCe'),
('8372052c-6ee5-7c5f-7356-a1b39a9b01dd', '2024-09-15 19:34:09.000000', '2024-09-15 19:34:09.000000', b'1', '1977-05-04', 'loreto.inostroza23@correo.cl', NULL, 'Loreto', 'Inostroza', NULL, '201001225', 'Vargas', 2, 'LOCAL', 'ACTIVE', '$2a$10$N9qo8uLOickgx2ZMRZoMyeIjZAgcfl7p92ldGxad68LnKqaXlbwCe'),
('85e60d25-4a69-c200-6376-c5702a5284c9', '2025-11-14 19:34:09.000000', '2025-11-14 19:34:09.000000', b'1', '1982-12-04', 'andres.sanchez89@correo.cl', NULL, 'Andrés', 'Sánchez', NULL, '201003170', 'Vera', 2, 'LOCAL', 'ACTIVE', '$2a$10$N9qo8uLOickgx2ZMRZoMyeIjZAgcfl7p92ldGxad68LnKqaXlbwCe'),
('87383f75-0b32-78b1-c2ef-3c1122f3e935', '2024-11-19 19:34:09.000000', '2024-11-19 19:34:09.000000', b'1', '1981-11-23', 'catalina.jimenez69@correo.cl', NULL, 'Catalina', 'Jiménez', NULL, '201001092', 'Castro', 2, 'LOCAL', 'ACTIVE', '$2a$10$N9qo8uLOickgx2ZMRZoMyeIjZAgcfl7p92ldGxad68LnKqaXlbwCe'),
('88aaecfa-c7b6-0bd7-f285-7bd9f7b7b1b1', '2025-08-31 19:34:09.000000', '2025-08-31 19:34:09.000000', b'1', '1977-09-01', 'loreto.lopez3@correo.cl', NULL, 'Loreto', 'López', NULL, '201003325', 'Ramírez', 2, 'LOCAL', 'ACTIVE', '$2a$10$N9qo8uLOickgx2ZMRZoMyeIjZAgcfl7p92ldGxad68LnKqaXlbwCe'),
('88f0c303-1214-68ed-c282-54ceb1bb2e66', '2025-08-16 19:34:09.000000', '2025-08-16 19:34:09.000000', b'1', '1976-08-13', 'jorge.medina14@correo.cl', NULL, 'Jorge', 'Medina', NULL, '201003358', 'Poblete', 2, 'LOCAL', 'ACTIVE', '$2a$10$N9qo8uLOickgx2ZMRZoMyeIjZAgcfl7p92ldGxad68LnKqaXlbwCe'),
('88fa5880-a18f-e60c-1944-cbca1beda10a', '2026-02-17 19:34:09.000000', '2026-02-17 19:34:09.000000', b'1', '1989-02-22', 'beatriz.orellana9@correo.cl', NULL, 'Beatriz', 'Orellana', NULL, '201000181', 'Leiva', 2, 'LOCAL', 'ACTIVE', '$2a$10$N9qo8uLOickgx2ZMRZoMyeIjZAgcfl7p92ldGxad68LnKqaXlbwCe'),
('89a4a8ef-e594-d576-2dd8-f9f9bfc04bdd', '2025-05-08 19:34:09.000000', '2025-05-08 19:34:09.000000', b'1', '1994-01-11', 'cecilia.vega18@correo.cl', NULL, 'Cecilia', 'Vega', NULL, '201002158', 'Díaz', 2, 'LOCAL', 'ACTIVE', '$2a$10$N9qo8uLOickgx2ZMRZoMyeIjZAgcfl7p92ldGxad68LnKqaXlbwCe'),
('89af0d90-afcb-4028-d5ef-131fbd76671a', '2025-12-24 19:34:09.000000', '2025-12-24 19:34:09.000000', b'1', '1985-07-05', 'barbara.medina32@correo.cl', NULL, 'Bárbara', 'Medina', NULL, '201001692', 'Herrera', 2, 'LOCAL', 'ACTIVE', '$2a$10$N9qo8uLOickgx2ZMRZoMyeIjZAgcfl7p92ldGxad68LnKqaXlbwCe'),
('89b9f6db-e2ef-9fdb-fb0f-ce580212a59a', '2025-12-09 19:34:09.000000', '2025-12-09 19:34:09.000000', b'1', '1984-11-23', 'matias.lopez32@correo.cl', NULL, 'Matías', 'López', NULL, '201004525', 'Flores', 2, 'LOCAL', 'ACTIVE', '$2a$10$N9qo8uLOickgx2ZMRZoMyeIjZAgcfl7p92ldGxad68LnKqaXlbwCe'),
('8a3a7618-943b-81d1-e455-4e0c7c2df4d3', '2024-10-10 19:34:09.000000', '2024-10-10 19:34:09.000000', b'1', '1979-04-24', 'maximiliano.lopez80@correo.cl', NULL, 'Maximiliano', 'López', NULL, '201002570', 'Herrera', 2, 'LOCAL', 'ACTIVE', '$2a$10$N9qo8uLOickgx2ZMRZoMyeIjZAgcfl7p92ldGxad68LnKqaXlbwCe'),
('8adc97f4-3ae0-893f-620a-2e2d5501d933', '2025-11-14 19:34:09.000000', '2025-11-14 19:34:09.000000', b'1', '1982-09-15', 'jaime.jara59@correo.cl', NULL, 'Jaime', 'Jara', NULL, '201001770', 'Vera', 2, 'LOCAL', 'ACTIVE', '$2a$10$N9qo8uLOickgx2ZMRZoMyeIjZAgcfl7p92ldGxad68LnKqaXlbwCe'),
('8b6f1f91-a390-9879-73d3-d11288f1f6bd', '2025-10-25 19:34:09.000000', '2025-10-25 19:34:09.000000', b'1', '1981-04-21', 'gabriela.ramos22@correo.cl', NULL, 'Gabriela', 'Ramos', NULL, '201001814', 'Rojas', 2, 'LOCAL', 'ACTIVE', '$2a$10$N9qo8uLOickgx2ZMRZoMyeIjZAgcfl7p92ldGxad68LnKqaXlbwCe'),
('8be03782-f942-cd6f-e136-df529ac60d08', '2025-02-12 19:34:09.000000', '2025-02-12 19:34:09.000000', b'1', '1988-04-16', 'sofia.jimenez66@correo.cl', NULL, 'Sofía', 'Jiménez', NULL, '201003725', 'Morales', 2, 'LOCAL', 'ACTIVE', '$2a$10$N9qo8uLOickgx2ZMRZoMyeIjZAgcfl7p92ldGxad68LnKqaXlbwCe'),
('8c4e259e-b30e-b983-bc32-1cdb3e244782', '2026-03-14 19:34:09.000000', '2026-03-14 19:34:09.000000', b'1', '1991-07-22', 'javier.inostroza22@correo.cl', NULL, 'Javier', 'Inostroza', NULL, '201004336', 'Medina', 2, 'LOCAL', 'ACTIVE', '$2a$10$N9qo8uLOickgx2ZMRZoMyeIjZAgcfl7p92ldGxad68LnKqaXlbwCe'),
('8cdc2aef-3c58-1167-a332-81e8a596c738', '2024-10-20 19:34:09.000000', '2024-10-20 19:34:09.000000', b'1', '1980-01-05', 'gonzalo.morales56@correo.cl', NULL, 'Gonzalo', 'Morales', NULL, '201002558', 'Martínez', 2, 'LOCAL', 'ACTIVE', '$2a$10$N9qo8uLOickgx2ZMRZoMyeIjZAgcfl7p92ldGxad68LnKqaXlbwCe'),
('8d22a2f2-f699-c165-a4df-09fd349079fa', '2024-09-20 19:34:09.000000', '2024-09-20 19:34:09.000000', b'1', '1977-09-09', 'monica.palma54@correo.cl', NULL, 'Mónica', 'Palma', NULL, '201001214', 'Pizarro', 2, 'LOCAL', 'ACTIVE', '$2a$10$N9qo8uLOickgx2ZMRZoMyeIjZAgcfl7p92ldGxad68LnKqaXlbwCe'),
('8d2f928b-5a17-0537-3e3b-8992e2f68fde', '2024-10-15 19:34:09.000000', '2024-10-15 19:34:09.000000', b'1', '1979-06-11', 'marcela.olivares81@correo.cl', NULL, 'Marcela', 'Olivares', NULL, '201001169', 'Morales', 2, 'LOCAL', 'ACTIVE', '$2a$10$N9qo8uLOickgx2ZMRZoMyeIjZAgcfl7p92ldGxad68LnKqaXlbwCe'),
('8d853555-72b2-fe97-0450-26785c4f22b2', '2025-04-28 19:34:09.000000', '2025-04-28 19:34:09.000000', b'1', '1993-02-09', 'andres.lopez87@correo.cl', NULL, 'Andrés', 'López', NULL, '201000770', 'Rodríguez', 2, 'LOCAL', 'ACTIVE', '$2a$10$N9qo8uLOickgx2ZMRZoMyeIjZAgcfl7p92ldGxad68LnKqaXlbwCe'),
('8d8fc999-cc65-0f7b-42b9-4a7036e3d680', '2025-11-29 19:34:09.000000', '2025-11-29 19:34:09.000000', b'1', '1984-03-12', 'rene.pizarro93@correo.cl', NULL, 'René', 'Pizarro', NULL, '201004547', 'Bravo', 2, 'LOCAL', 'ACTIVE', '$2a$10$N9qo8uLOickgx2ZMRZoMyeIjZAgcfl7p92ldGxad68LnKqaXlbwCe'),
('8eff85e2-ed6b-188f-ff3f-1d50e9647a4a', '2025-02-27 19:34:09.000000', '2025-02-27 19:34:09.000000', b'1', '1989-02-14', 'javier.rodriguez17@correo.cl', NULL, 'Javier', 'Rodríguez', NULL, '201002292', 'Morales', 2, 'LOCAL', 'ACTIVE', '$2a$10$N9qo8uLOickgx2ZMRZoMyeIjZAgcfl7p92ldGxad68LnKqaXlbwCe'),
('8f6d6baf-a4fa-8128-7c96-a32bcacee686', '2026-04-18 19:34:09.000000', '2026-04-18 19:34:09.000000', b'1', '1993-07-27', 'rodrigo.castro24@correo.cl', NULL, 'Rodrigo', 'Castro', NULL, '201001469', 'Jara', 2, 'LOCAL', 'ACTIVE', '$2a$10$N9qo8uLOickgx2ZMRZoMyeIjZAgcfl7p92ldGxad68LnKqaXlbwCe'),
('90d875d1-5cb2-8783-2dc1-65cc0207fe05', '2024-11-14 19:34:09.000000', '2024-11-14 19:34:09.000000', b'1', '1981-12-25', 'carmen.vidal24@correo.cl', NULL, 'Carmen', 'Vidal', NULL, '201003903', 'Vargas', 2, 'LOCAL', 'ACTIVE', '$2a$10$N9qo8uLOickgx2ZMRZoMyeIjZAgcfl7p92ldGxad68LnKqaXlbwCe'),
('90db9772-4877-4194-7eb6-b908f4865e8b', '2024-10-30 19:34:09.000000', '2024-10-30 19:34:09.000000', b'1', '1980-06-29', 'david.lopez14@correo.cl', NULL, 'David', 'López', NULL, '201001136', 'Sánchez', 2, 'LOCAL', 'ACTIVE', '$2a$10$N9qo8uLOickgx2ZMRZoMyeIjZAgcfl7p92ldGxad68LnKqaXlbwCe'),
('9259743e-b25f-a3ab-9a4b-9cc11eb84be4', '2025-08-31 19:34:09.000000', '2025-08-31 19:34:09.000000', b'1', '1977-03-25', 'patricio.flores52@correo.cl', NULL, 'Patricio', 'Flores', NULL, '201000525', 'Torres', 2, 'LOCAL', 'ACTIVE', '$2a$10$N9qo8uLOickgx2ZMRZoMyeIjZAgcfl7p92ldGxad68LnKqaXlbwCe'),
('93091e64-7904-573a-e0b0-1dcfb8c10681', '2026-05-03 19:34:09.000000', '2026-05-03 19:34:09.000000', b'1', '1995-01-22', 'sofia.cisternas56@correo.cl', NULL, 'Sofía', 'Cisternas', NULL, '201004236', 'Opazo', 2, 'LOCAL', 'ACTIVE', '$2a$10$N9qo8uLOickgx2ZMRZoMyeIjZAgcfl7p92ldGxad68LnKqaXlbwCe'),
('936c1bc6-87fc-df6a-4ddf-2adc24c1006c', '2025-04-18 19:34:09.000000', '2025-04-18 19:34:09.000000', b'1', '1992-05-29', 'nataly.gonzalez11@correo.cl', NULL, 'Nataly', 'González', NULL, '201000792', 'Martínez', 2, 'LOCAL', 'ACTIVE', '$2a$10$N9qo8uLOickgx2ZMRZoMyeIjZAgcfl7p92ldGxad68LnKqaXlbwCe'),
('93a76598-a096-a847-4539-5a5beab4f796', '2024-11-09 19:34:09.000000', '2024-11-09 19:34:09.000000', b'1', '1981-05-31', 'francisco.caro34@correo.cl', NULL, 'Francisco', 'Caro', NULL, '201002514', 'Quijada', 2, 'LOCAL', 'ACTIVE', '$2a$10$N9qo8uLOickgx2ZMRZoMyeIjZAgcfl7p92ldGxad68LnKqaXlbwCe'),
('93f6a94e-59c6-13b7-688b-7f39140f10de', '2025-08-31 19:34:09.000000', '2025-08-31 19:34:09.000000', b'1', '1977-06-13', 'patricio.leiva75@correo.cl', NULL, 'Patricio', 'Leiva', NULL, '201001925', 'López', 2, 'LOCAL', 'ACTIVE', '$2a$10$N9qo8uLOickgx2ZMRZoMyeIjZAgcfl7p92ldGxad68LnKqaXlbwCe'),
('94214bcc-b90c-008d-eeff-3c3089db1b85', '2026-04-03 19:34:09.000000', '2026-04-03 19:34:09.000000', b'1', '1992-04-19', 'hugo.tapia40@correo.cl', NULL, 'Hugo', 'Tapia', NULL, '201000092', 'Torres', 2, 'LOCAL', 'ACTIVE', '$2a$10$N9qo8uLOickgx2ZMRZoMyeIjZAgcfl7p92ldGxad68LnKqaXlbwCe'),
('943e145e-43fc-8bad-3701-05b2b16c3758', '2026-05-08 19:34:09.000000', '2026-05-08 19:34:09.000000', b'1', '1995-03-11', 'nataly.quijada10@correo.cl', NULL, 'Nataly', 'Quijada', NULL, '201002825', 'Vidal', 2, 'LOCAL', 'ACTIVE', '$2a$10$N9qo8uLOickgx2ZMRZoMyeIjZAgcfl7p92ldGxad68LnKqaXlbwCe'),
('955d9ff1-5ef7-06c0-c6d7-b2a9f5229c24', '2025-03-14 19:34:09.000000', '2025-03-14 19:34:09.000000', b'1', '1989-12-15', 'natalia.morales34@correo.cl', NULL, 'Natalia', 'Morales', NULL, '201000869', 'Martínez', 2, 'LOCAL', 'ACTIVE', '$2a$10$N9qo8uLOickgx2ZMRZoMyeIjZAgcfl7p92ldGxad68LnKqaXlbwCe'),
('967f3ada-fc49-4e13-e7a7-ed17b40344a9', '2024-09-25 19:34:09.000000', '2024-09-25 19:34:09.000000', b'1', '1978-06-24', 'rene.rojas13@correo.cl', NULL, 'René', 'Rojas', NULL, '201004003', 'Espinoza', 2, 'LOCAL', 'ACTIVE', '$2a$10$N9qo8uLOickgx2ZMRZoMyeIjZAgcfl7p92ldGxad68LnKqaXlbwCe'),
('97bcaf7b-84e4-c871-1c49-eba0c4951534', '2025-09-20 19:34:09.000000', '2025-09-20 19:34:09.000000', b'1', '1979-04-16', 'marco.bustamante21@correo.cl', NULL, 'Marco', 'Bustamante', NULL, '201004681', 'Cárdenas', 2, 'LOCAL', 'ACTIVE', '$2a$10$N9qo8uLOickgx2ZMRZoMyeIjZAgcfl7p92ldGxad68LnKqaXlbwCe'),
('98649b93-6b06-328f-5ac9-8787be4f30f5', '2025-04-28 19:34:09.000000', '2025-04-28 19:34:09.000000', b'1', '1993-07-19', 'rene.rubio13@correo.cl', NULL, 'René', 'Rubio', NULL, '201003570', 'García', 2, 'LOCAL', 'ACTIVE', '$2a$10$N9qo8uLOickgx2ZMRZoMyeIjZAgcfl7p92ldGxad68LnKqaXlbwCe'),
('98f59c0b-4f11-db67-5bd0-2f3ea99ce3fb', '2025-06-27 19:34:09.000000', '2025-06-27 19:34:09.000000', b'1', '1972-11-22', 'yasna.nunez44@correo.cl', NULL, 'Yasna', 'Núñez', NULL, '201002058', 'Reyes', 2, 'LOCAL', 'ACTIVE', '$2a$10$N9qo8uLOickgx2ZMRZoMyeIjZAgcfl7p92ldGxad68LnKqaXlbwCe'),
('99144097-9b68-3075-6168-6bfeed5e9d51', '2026-04-23 19:34:09.000000', '2026-04-23 19:34:09.000000', b'1', '1994-05-11', 'yasna.caro95@correo.cl', NULL, 'Yasna', 'Caro', NULL, '201004258', 'Orellana', 2, 'LOCAL', 'ACTIVE', '$2a$10$N9qo8uLOickgx2ZMRZoMyeIjZAgcfl7p92ldGxad68LnKqaXlbwCe'),
('99229684-a983-3e57-ff3d-627943dbecf9', '2025-05-13 19:34:09.000000', '2025-05-13 19:34:09.000000', b'1', '1994-08-07', 'maximiliano.henriquez31@correo.cl', NULL, 'Maximiliano', 'Henríquez', NULL, '201003547', 'Inostroza', 2, 'LOCAL', 'ACTIVE', '$2a$10$N9qo8uLOickgx2ZMRZoMyeIjZAgcfl7p92ldGxad68LnKqaXlbwCe'),
('9958b8e3-73b3-a67f-d7b7-1077c666616b', '2024-11-24 19:34:09.000000', '2024-11-24 19:34:09.000000', b'1', '1982-03-31', 'hector.leiva3@correo.cl', NULL, 'Héctor', 'Leiva', NULL, '201001081', 'Cisternas', 2, 'LOCAL', 'ACTIVE', '$2a$10$N9qo8uLOickgx2ZMRZoMyeIjZAgcfl7p92ldGxad68LnKqaXlbwCe'),
('99daab37-be90-399a-7000-923f45e15815', '2025-06-22 19:34:09.000000', '2025-06-22 19:34:09.000000', b'1', '1972-07-17', 'ximena.torres93@correo.cl', NULL, 'Ximena', 'Torres', NULL, '201002069', 'Valenzuela', 2, 'LOCAL', 'ACTIVE', '$2a$10$N9qo8uLOickgx2ZMRZoMyeIjZAgcfl7p92ldGxad68LnKqaXlbwCe'),
('99e4650f-564c-7e1a-34ec-3d87b5dc5d8c', '2025-02-22 19:34:09.000000', '2025-02-22 19:34:09.000000', b'1', '1988-12-28', 'monica.soto23@correo.cl', NULL, 'Mónica', 'Soto', NULL, '201003703', 'Inostroza', 2, 'LOCAL', 'ACTIVE', '$2a$10$N9qo8uLOickgx2ZMRZoMyeIjZAgcfl7p92ldGxad68LnKqaXlbwCe'),
('9aba9edf-0f03-021d-d369-5a307d6b2ea0', '2025-04-28 19:34:09.000000', '2025-04-28 19:34:09.000000', b'1', '1993-04-30', 'andres.araya45@correo.cl', NULL, 'Andrés', 'Araya', NULL, '201002170', 'Morales', 2, 'LOCAL', 'ACTIVE', '$2a$10$N9qo8uLOickgx2ZMRZoMyeIjZAgcfl7p92ldGxad68LnKqaXlbwCe'),
('9acb08e9-bceb-7a0a-0354-89b3dcebb632', '2025-09-05 19:34:09.000000', '2025-09-05 19:34:09.000000', b'1', '1978-01-07', 'raul.rubio57@correo.cl', NULL, 'Raúl', 'Rubio', NULL, '201003314', 'Palma', 2, 'LOCAL', 'ACTIVE', '$2a$10$N9qo8uLOickgx2ZMRZoMyeIjZAgcfl7p92ldGxad68LnKqaXlbwCe'),
('9b0cfaec-f9bc-a4c4-e31c-a870a6ec6b6c', '2026-04-28 19:34:09.000000', '2026-04-28 19:34:09.000000', b'1', '1994-01-19', 'nataly.ramirez52@correo.cl', NULL, 'Nataly', 'Ramírez', NULL, '201000047', 'Ramos', 2, 'LOCAL', 'ACTIVE', '$2a$10$N9qo8uLOickgx2ZMRZoMyeIjZAgcfl7p92ldGxad68LnKqaXlbwCe'),
('9c1b1776-08a6-bfe5-951a-62fda94127a4', '2024-10-10 19:34:09.000000', '2024-10-10 19:34:09.000000', b'1', '1979-02-03', 'patricia.silva81@correo.cl', NULL, 'Patricia', 'Silva', NULL, '201001170', 'Rodríguez', 2, 'LOCAL', 'ACTIVE', '$2a$10$N9qo8uLOickgx2ZMRZoMyeIjZAgcfl7p92ldGxad68LnKqaXlbwCe'),
('9c686b20-4db4-ff9b-1c69-77be1d35345c', '2024-08-06 19:34:09.000000', '2024-08-06 19:34:09.000000', b'1', '1974-07-15', 'andres.cisternas16@correo.cl', NULL, 'Andrés', 'Cisternas', NULL, '201001303', 'Vera', 2, 'LOCAL', 'ACTIVE', '$2a$10$N9qo8uLOickgx2ZMRZoMyeIjZAgcfl7p92ldGxad68LnKqaXlbwCe'),
('9d021f0b-80d8-0122-8da9-324a9768ebeb', '2025-01-13 19:34:09.000000', '2025-01-13 19:34:09.000000', b'1', '1985-10-01', 'andres.fuentes97@correo.cl', NULL, 'Andrés', 'Fuentes', NULL, '201000981', 'Torres', 2, 'LOCAL', 'ACTIVE', '$2a$10$N9qo8uLOickgx2ZMRZoMyeIjZAgcfl7p92ldGxad68LnKqaXlbwCe'),
('9d5e976d-9fd9-4dd1-ab65-76c251877fd3', '2026-05-20 17:21:22.000000', '2026-05-20 17:21:22.000000', b'1', '1990-01-01', 'admin.local@fuelonline.cl', NULL, 'Admin', 'CercanIA', NULL, '333333333', 'Fuel', 1, 'LOCAL', 'ACTIVE', '$2a$10$gabgJXpS4Q1ZRjQevPKBgOwaxarqPbNY1UB8ZF90iVJEvBcruDBH.'),
('9e3956e7-a8dc-3ff9-614c-7ad19d1ad5b4', '2024-12-19 19:34:09.000000', '2024-12-19 19:34:09.000000', b'1', '1984-06-08', 'pamela.orellana4@correo.cl', NULL, 'Pamela', 'Orellana', NULL, '201003836', 'Cortés', 2, 'LOCAL', 'ACTIVE', '$2a$10$N9qo8uLOickgx2ZMRZoMyeIjZAgcfl7p92ldGxad68LnKqaXlbwCe'),
('9e725007-b397-a7ce-ca52-b8987fc02eeb', '2025-03-24 19:34:09.000000', '2025-03-24 19:34:09.000000', b'1', '1990-08-28', 'cristobal.bustamante7@correo.cl', NULL, 'Cristóbal', 'Bustamante', NULL, '201000847', 'Flores', 2, 'LOCAL', 'ACTIVE', '$2a$10$N9qo8uLOickgx2ZMRZoMyeIjZAgcfl7p92ldGxad68LnKqaXlbwCe'),
('9f01dbfb-0696-43de-30c2-22344ea1435b', '2025-09-05 19:34:09.000000', '2025-09-05 19:34:09.000000', b'1', '1978-03-28', 'veronica.nunez97@correo.cl', NULL, 'Verónica', 'Núñez', NULL, '201004714', 'Medina', 2, 'LOCAL', 'ACTIVE', '$2a$10$N9qo8uLOickgx2ZMRZoMyeIjZAgcfl7p92ldGxad68LnKqaXlbwCe'),
('a00b1934-7c45-90a5-6e6b-6abfaf4c09c1', '2025-06-17 19:34:09.000000', '2025-06-17 19:34:09.000000', b'1', '1972-05-30', 'valeria.valenzuela7@correo.cl', NULL, 'Valeria', 'Valenzuela', NULL, '201003470', 'Sepúlveda', 2, 'LOCAL', 'ACTIVE', '$2a$10$N9qo8uLOickgx2ZMRZoMyeIjZAgcfl7p92ldGxad68LnKqaXlbwCe'),
('a02d0dec-486b-6001-91a7-195d48ef6825', '2025-07-02 19:34:09.000000', '2025-07-02 19:34:09.000000', b'1', '1973-06-18', 'pamela.fernandez38@correo.cl', NULL, 'Pamela', 'Fernández', NULL, '201003447', 'Vega', 2, 'LOCAL', 'ACTIVE', '$2a$10$N9qo8uLOickgx2ZMRZoMyeIjZAgcfl7p92ldGxad68LnKqaXlbwCe'),
('a058d555-8d7f-25f9-3559-895c42afe75b', '2025-10-20 19:34:09.000000', '2025-10-20 19:34:09.000000', b'1', '1980-09-25', 'jorge.silva1@correo.cl', NULL, 'Jorge', 'Silva', NULL, '201000425', 'Araya', 2, 'LOCAL', 'ACTIVE', '$2a$10$N9qo8uLOickgx2ZMRZoMyeIjZAgcfl7p92ldGxad68LnKqaXlbwCe'),
('a08252e9-824c-bacd-0e18-21b43519a7cd', '2024-10-15 19:34:09.000000', '2024-10-15 19:34:09.000000', b'1', '1979-11-18', 'constanza.rojas82@correo.cl', NULL, 'Constanza', 'Rojas', NULL, '201003969', 'Contreras', 2, 'LOCAL', 'ACTIVE', '$2a$10$N9qo8uLOickgx2ZMRZoMyeIjZAgcfl7p92ldGxad68LnKqaXlbwCe'),
('a137032e-407b-7cf7-0c3f-b11ca4144734', '2024-11-24 19:34:09.000000', '2024-11-24 19:34:09.000000', b'1', '1982-09-07', 'andres.acuna48@correo.cl', NULL, 'Andrés', 'Acuña', NULL, '201003881', 'Torres', 2, 'LOCAL', 'ACTIVE', '$2a$10$N9qo8uLOickgx2ZMRZoMyeIjZAgcfl7p92ldGxad68LnKqaXlbwCe'),
('a21578e2-f294-4f05-a204-24b0a63efccd', '2026-04-08 19:34:09.000000', '2026-04-08 19:34:09.000000', b'1', '1993-04-22', 'nataly.opazo51@correo.cl', NULL, 'Nataly', 'Opazo', NULL, '201004281', 'Pizarro', 2, 'LOCAL', 'ACTIVE', '$2a$10$N9qo8uLOickgx2ZMRZoMyeIjZAgcfl7p92ldGxad68LnKqaXlbwCe'),
('a288cbbe-7130-e493-97bd-40c0d30d3c0e', '2024-12-04 19:34:09.000000', '2024-12-04 19:34:09.000000', b'1', '1983-05-21', 'sofia.cardenas48@correo.cl', NULL, 'Sofía', 'Cárdenas', NULL, '201003869', 'Jiménez', 2, 'LOCAL', 'ACTIVE', '$2a$10$N9qo8uLOickgx2ZMRZoMyeIjZAgcfl7p92ldGxad68LnKqaXlbwCe'),
('a3a397b8-ad89-c8e7-6b1a-fc76f0894e18', '2024-09-20 19:34:09.000000', '2024-09-20 19:34:09.000000', b'1', '1978-02-16', 'felipe.cortes87@correo.cl', NULL, 'Felipe', 'Cortés', NULL, '201004014', 'Valenzuela', 2, 'LOCAL', 'ACTIVE', '$2a$10$N9qo8uLOickgx2ZMRZoMyeIjZAgcfl7p92ldGxad68LnKqaXlbwCe'),
('a4f466d3-bd26-d43b-c73d-c73cb9853eb6', '2025-01-08 19:34:09.000000', '2025-01-08 19:34:09.000000', b'1', '1985-08-14', 'maximiliano.orellana75@correo.cl', NULL, 'Maximiliano', 'Orellana', NULL, '201002392', 'Ramírez', 2, 'LOCAL', 'ACTIVE', '$2a$10$N9qo8uLOickgx2ZMRZoMyeIjZAgcfl7p92ldGxad68LnKqaXlbwCe'),
('a50a1c60-e904-0eda-dec1-4919fd56d29d', '2026-05-03 19:34:09.000000', '2026-05-03 19:34:09.000000', b'1', '1994-11-03', 'mauricio.torres95@correo.cl', NULL, 'Mauricio', 'Torres', NULL, '201002836', 'Díaz', 2, 'LOCAL', 'ACTIVE', '$2a$10$N9qo8uLOickgx2ZMRZoMyeIjZAgcfl7p92ldGxad68LnKqaXlbwCe'),
('a5788f48-ddd2-0074-d1e4-ea72ab14c496', '2024-07-22 19:34:09.000000', '2024-07-22 19:34:09.000000', b'1', '1973-06-26', 'eduardo.rojas82@correo.cl', NULL, 'Eduardo', 'Rojas', NULL, '201001336', 'Orellana', 2, 'LOCAL', 'ACTIVE', '$2a$10$N9qo8uLOickgx2ZMRZoMyeIjZAgcfl7p92ldGxad68LnKqaXlbwCe'),
('a5be6fba-2707-fe2d-61f6-17fe23e3838b', '2024-09-10 19:34:09.000000', '2024-09-10 19:34:09.000000', b'1', '1976-12-27', 'pablo.garcia39@correo.cl', NULL, 'Pablo', 'García', NULL, '201001236', 'González', 2, 'LOCAL', 'ACTIVE', '$2a$10$N9qo8uLOickgx2ZMRZoMyeIjZAgcfl7p92ldGxad68LnKqaXlbwCe'),
('a6818bf0-263d-530c-efc7-76ce32d39807', '2026-03-19 19:34:09.000000', '2026-03-19 19:34:09.000000', b'1', '1991-09-08', 'yasna.martinez81@correo.cl', NULL, 'Yasna', 'Martínez', NULL, '201002925', 'Tapia', 2, 'LOCAL', 'ACTIVE', '$2a$10$N9qo8uLOickgx2ZMRZoMyeIjZAgcfl7p92ldGxad68LnKqaXlbwCe'),
('a766c5d7-6ff8-776f-8111-b51ca03a2ecd', '2026-02-12 19:34:09.000000', '2026-02-12 19:34:09.000000', b'1', '1989-03-26', 'rene.morales11@correo.cl', NULL, 'René', 'Morales', NULL, '201002992', 'Castro', 2, 'LOCAL', 'ACTIVE', '$2a$10$N9qo8uLOickgx2ZMRZoMyeIjZAgcfl7p92ldGxad68LnKqaXlbwCe'),
('a7e1cd24-88dc-df47-050c-4b97fe6b33d0', '2025-10-10 19:34:09.000000', '2025-10-10 19:34:09.000000', b'1', '1980-04-02', 'natalia.cabrera70@correo.cl', NULL, 'Natalia', 'Cabrera', NULL, '201001847', 'Cisternas', 2, 'LOCAL', 'ACTIVE', '$2a$10$N9qo8uLOickgx2ZMRZoMyeIjZAgcfl7p92ldGxad68LnKqaXlbwCe'),
('a7fc0541-a785-fe2c-d2a4-a46483a5965c', '2025-01-03 19:34:09.000000', '2025-01-03 19:34:09.000000', b'1', '1985-04-08', 'cecilia.lopez39@correo.cl', NULL, 'Cecilia', 'López', NULL, '201002403', 'Pizarro', 2, 'LOCAL', 'ACTIVE', '$2a$10$N9qo8uLOickgx2ZMRZoMyeIjZAgcfl7p92ldGxad68LnKqaXlbwCe'),
('a8020199-aae7-086f-1ad6-cd7b397e27c3', '2025-08-26 19:34:09.000000', '2025-08-26 19:34:09.000000', b'1', '1977-04-26', 'claudia.garcia8@correo.cl', NULL, 'Claudia', 'García', NULL, '201003336', 'Quijada', 2, 'LOCAL', 'ACTIVE', '$2a$10$N9qo8uLOickgx2ZMRZoMyeIjZAgcfl7p92ldGxad68LnKqaXlbwCe'),
('a8796d92-4c20-c016-9d19-4a48c7071994', '2025-08-11 19:34:09.000000', '2025-08-11 19:34:09.000000', b'1', '1976-06-26', 'jose.bustamante45@correo.cl', NULL, 'José', 'Bustamante', NULL, '201004769', 'Núñez', 2, 'LOCAL', 'ACTIVE', '$2a$10$N9qo8uLOickgx2ZMRZoMyeIjZAgcfl7p92ldGxad68LnKqaXlbwCe'),
('a947ac97-e53f-2c72-f1df-a74784a12b30', '2024-10-20 19:34:09.000000', '2024-10-20 19:34:09.000000', b'1', '1980-03-25', 'jorge.sepulveda99@correo.cl', NULL, 'Jorge', 'Sepúlveda', NULL, '201003958', 'Sandoval', 2, 'LOCAL', 'ACTIVE', '$2a$10$N9qo8uLOickgx2ZMRZoMyeIjZAgcfl7p92ldGxad68LnKqaXlbwCe'),
('a99d88d3-c238-bf53-123a-5461dca261cb', '2024-12-14 19:34:09.000000', '2024-12-14 19:34:09.000000', b'1', '1983-08-25', 'victor.acuna71@correo.cl', NULL, 'Víctor', 'Acuña', NULL, '201001047', 'Ramos', 2, 'LOCAL', 'ACTIVE', '$2a$10$N9qo8uLOickgx2ZMRZoMyeIjZAgcfl7p92ldGxad68LnKqaXlbwCe'),
('a9a10607-61c2-7473-b117-6a1e4c44b393', '2026-04-23 19:34:09.000000', '2026-04-23 19:34:09.000000', b'1', '1993-09-13', 'jose.henriquez12@correo.cl', NULL, 'José', 'Henríquez', NULL, '201000058', 'Rubio', 2, 'LOCAL', 'ACTIVE', '$2a$10$N9qo8uLOickgx2ZMRZoMyeIjZAgcfl7p92ldGxad68LnKqaXlbwCe'),
('a9e94220-a660-d04e-0c04-46ebad447326', '2026-04-08 19:34:09.000000', '2026-04-08 19:34:09.000000', b'1', '1992-08-25', 'sebastian.nunez16@correo.cl', NULL, 'Sebastián', 'Núñez', NULL, '201000081', 'Contreras', 2, 'LOCAL', 'ACTIVE', '$2a$10$N9qo8uLOickgx2ZMRZoMyeIjZAgcfl7p92ldGxad68LnKqaXlbwCe'),
('aa1256ec-0664-f8f7-80b7-86e806aaf599', '2024-11-09 19:34:09.000000', '2024-11-09 19:34:09.000000', b'1', '1981-03-12', 'ximena.araya99@correo.cl', NULL, 'Ximena', 'Araya', NULL, '201001114', 'Torres', 2, 'LOCAL', 'ACTIVE', '$2a$10$N9qo8uLOickgx2ZMRZoMyeIjZAgcfl7p92ldGxad68LnKqaXlbwCe'),
('ab58d948-3eee-7eeb-2b9d-792b10f2b651', '2025-09-15 19:34:09.000000', '2025-09-15 19:34:09.000000', b'1', '1978-09-20', 'nicolas.orellana65@correo.cl', NULL, 'Nicolás', 'Orellana', NULL, '201003292', 'Vera', 2, 'LOCAL', 'ACTIVE', '$2a$10$N9qo8uLOickgx2ZMRZoMyeIjZAgcfl7p92ldGxad68LnKqaXlbwCe'),
('ab798f7a-896a-2a14-37c0-f5a40af0b97c', '2024-12-24 19:34:09.000000', '2024-12-24 19:34:09.000000', b'1', '1984-05-07', 'pamela.perez85@correo.cl', NULL, 'Pamela', 'Pérez', NULL, '201001025', 'López', 2, 'LOCAL', 'ACTIVE', '$2a$10$N9qo8uLOickgx2ZMRZoMyeIjZAgcfl7p92ldGxad68LnKqaXlbwCe'),
('ac484102-f0fc-35eb-19e4-b19be4e74f72', '2026-01-13 19:34:09.000000', '2026-01-13 19:34:09.000000', b'1', '1987-05-08', 'monica.flores3@correo.cl', NULL, 'Mónica', 'Flores', NULL, '201004458', 'Henríquez', 2, 'LOCAL', 'ACTIVE', '$2a$10$N9qo8uLOickgx2ZMRZoMyeIjZAgcfl7p92ldGxad68LnKqaXlbwCe'),
('ac4d837c-3994-6a66-4613-4980bb606b27', '2024-08-21 19:34:09.000000', '2024-08-21 19:34:09.000000', b'1', '1975-08-03', 'raul.jara92@correo.cl', NULL, 'Raúl', 'Jara', NULL, '201001270', 'Araya', 2, 'LOCAL', 'ACTIVE', '$2a$10$N9qo8uLOickgx2ZMRZoMyeIjZAgcfl7p92ldGxad68LnKqaXlbwCe'),
('acebfd5f-ccf6-27f2-5d9c-f109b2b69686', '2025-07-07 19:34:09.000000', '2025-07-07 19:34:09.000000', b'1', '1973-08-05', 'jaime.bravo85@correo.cl', NULL, 'Jaime', 'Bravo', NULL, '201002036', 'Pizarro', 2, 'LOCAL', 'ACTIVE', '$2a$10$N9qo8uLOickgx2ZMRZoMyeIjZAgcfl7p92ldGxad68LnKqaXlbwCe'),
('ad171ea9-4add-e53c-5532-0abc6456f45a', '2025-09-30 19:34:09.000000', '2025-09-30 19:34:09.000000', b'1', '1979-07-21', 'alejandra.morales12@correo.cl', NULL, 'Alejandra', 'Morales', NULL, '201001869', 'Reyes', 2, 'LOCAL', 'ACTIVE', '$2a$10$N9qo8uLOickgx2ZMRZoMyeIjZAgcfl7p92ldGxad68LnKqaXlbwCe'),
('ae827b43-139c-9a90-5282-ece451716fe5', '2025-06-12 19:34:09.000000', '2025-06-12 19:34:09.000000', b'1', '1971-08-16', 'patricio.aravena71@correo.cl', NULL, 'Patricio', 'Aravena', NULL, '201000681', 'Espinoza', 2, 'LOCAL', 'ACTIVE', '$2a$10$N9qo8uLOickgx2ZMRZoMyeIjZAgcfl7p92ldGxad68LnKqaXlbwCe'),
('ae9a54c6-ccfd-b9ab-cb1d-a037daaf838e', '2024-09-30 19:34:09.000000', '2024-09-30 19:34:09.000000', b'1', '1978-08-11', 'ricardo.henriquez44@correo.cl', NULL, 'Ricardo', 'Henríquez', NULL, '201002592', 'Núñez', 2, 'LOCAL', 'ACTIVE', '$2a$10$N9qo8uLOickgx2ZMRZoMyeIjZAgcfl7p92ldGxad68LnKqaXlbwCe'),
('aef27590-6f20-8a78-0996-e86f2c842241', '2024-06-22 19:34:09.000000', '2024-06-22 19:34:09.000000', b'1', '1971-05-20', 'gonzalo.lopez94@correo.cl', NULL, 'Gonzalo', 'López', NULL, '201001392', 'Cabrera', 2, 'LOCAL', 'ACTIVE', '$2a$10$N9qo8uLOickgx2ZMRZoMyeIjZAgcfl7p92ldGxad68LnKqaXlbwCe');
INSERT IGNORE INTO `user` (`id`, `created_at`, `updated_at`, `active`, `birth_date`, `email`, `firebase_uid`, `first_name`, `last_name`, `middle_name`, `rut`, `second_last_name`, `role_id`, `auth_provider`, `status`, `password_hash`) VALUES
('afeb49b6-20f2-5836-f03d-8052e3d027ec', '2025-03-14 19:34:09.000000', '2025-03-14 19:34:09.000000', b'1', '1990-03-05', 'daniel.sanchez35@correo.cl', NULL, 'Daniel', 'Sánchez', NULL, '201002269', 'Quijada', 2, 'LOCAL', 'ACTIVE', '$2a$10$N9qo8uLOickgx2ZMRZoMyeIjZAgcfl7p92ldGxad68LnKqaXlbwCe'),
('b01b5c4b-1f0a-916a-b7a3-1d6368ca3ead', '2025-02-12 19:34:09.000000', '2025-02-12 19:34:09.000000', b'1', '1987-11-08', 'andres.medina92@correo.cl', NULL, 'Andrés', 'Medina', NULL, '201000925', 'Henríquez', 2, 'LOCAL', 'ACTIVE', '$2a$10$N9qo8uLOickgx2ZMRZoMyeIjZAgcfl7p92ldGxad68LnKqaXlbwCe'),
('b020dc9b-919a-3f7e-d6dd-6b18776c42b8', '2024-10-30 19:34:09.000000', '2024-10-30 19:34:09.000000', b'1', '1980-09-17', 'patricio.araya72@correo.cl', NULL, 'Patricio', 'Araya', NULL, '201002536', 'Quijada', 2, 'LOCAL', 'ACTIVE', '$2a$10$N9qo8uLOickgx2ZMRZoMyeIjZAgcfl7p92ldGxad68LnKqaXlbwCe'),
('b0749924-0093-2070-b23c-041bee556829', '2025-01-03 19:34:09.000000', '2025-01-03 19:34:09.000000', b'1', '1985-06-27', 'diego.diaz6@correo.cl', NULL, 'Diego', 'Díaz', NULL, '201003803', 'Aravena', 2, 'LOCAL', 'ACTIVE', '$2a$10$N9qo8uLOickgx2ZMRZoMyeIjZAgcfl7p92ldGxad68LnKqaXlbwCe'),
('b088fc65-97b6-7f59-516e-a0806b581b0b', '2024-08-11 19:34:09.000000', '2024-08-11 19:34:09.000000', b'1', '1974-11-20', 'lorena.ramos13@correo.cl', NULL, 'Lorena', 'Ramos', NULL, '201001292', 'Fuentes', 2, 'LOCAL', 'ACTIVE', '$2a$10$N9qo8uLOickgx2ZMRZoMyeIjZAgcfl7p92ldGxad68LnKqaXlbwCe'),
('b16460c3-5b9e-7699-d292-cc6ff3e4fa2b', '2026-02-22 19:34:09.000000', '2026-02-22 19:34:09.000000', b'1', '1989-12-07', 'javiera.acuna40@correo.cl', NULL, 'Javiera', 'Acuña', NULL, '201002970', 'Jara', 2, 'LOCAL', 'ACTIVE', '$2a$10$N9qo8uLOickgx2ZMRZoMyeIjZAgcfl7p92ldGxad68LnKqaXlbwCe'),
('b4176d1f-e7b6-c3a0-dd54-f7f182de2f23', '2024-08-21 19:34:09.000000', '2024-08-21 19:34:09.000000', b'1', '1976-01-10', 'rodrigo.cisternas46@correo.cl', NULL, 'Rodrigo', 'Cisternas', NULL, '201004070', 'Bravo', 2, 'LOCAL', 'ACTIVE', '$2a$10$N9qo8uLOickgx2ZMRZoMyeIjZAgcfl7p92ldGxad68LnKqaXlbwCe'),
('b48998a9-66c7-a373-59ae-f57736addf82', '2025-06-02 19:34:09.000000', '2025-06-02 19:34:09.000000', b'1', '1971-07-31', 'ignacio.vera68@correo.cl', NULL, 'Ignacio', 'Vera', NULL, '201004903', 'Rodríguez', 2, 'LOCAL', 'ACTIVE', '$2a$10$N9qo8uLOickgx2ZMRZoMyeIjZAgcfl7p92ldGxad68LnKqaXlbwCe'),
('b48bb294-73ce-9e9a-932f-39d3ebabd776', '2026-02-22 19:34:09.000000', '2026-02-22 19:34:09.000000', b'1', '1990-02-25', 'eduardo.rodriguez93@correo.cl', NULL, 'Eduardo', 'Rodríguez', NULL, '201004370', 'Castro', 2, 'LOCAL', 'ACTIVE', '$2a$10$N9qo8uLOickgx2ZMRZoMyeIjZAgcfl7p92ldGxad68LnKqaXlbwCe'),
('b4ee1c09-a590-0ad2-f396-82759278e3b1', '2025-09-30 19:34:09.000000', '2025-09-30 19:34:09.000000', b'1', '1979-10-09', 'maximiliano.castro34@correo.cl', NULL, 'Maximiliano', 'Castro', NULL, '201003269', 'Contreras', 2, 'LOCAL', 'ACTIVE', '$2a$10$N9qo8uLOickgx2ZMRZoMyeIjZAgcfl7p92ldGxad68LnKqaXlbwCe'),
('b619e6e9-3c64-8cc0-5b6f-78262717506c', '2026-02-07 19:34:09.000000', '2026-02-07 19:34:09.000000', b'1', '1988-08-30', 'matias.castro14@correo.cl', NULL, 'Matías', 'Castro', NULL, '201001603', 'López', 2, 'LOCAL', 'ACTIVE', '$2a$10$N9qo8uLOickgx2ZMRZoMyeIjZAgcfl7p92ldGxad68LnKqaXlbwCe'),
('b6485694-0867-8cdf-01f3-5f0143e854c6', '2024-08-01 19:34:09.000000', '2024-08-01 19:34:09.000000', b'1', '1974-08-16', 'constanza.rubio4@correo.cl', NULL, 'Constanza', 'Rubio', NULL, '201004114', 'Muñoz', 2, 'LOCAL', 'ACTIVE', '$2a$10$N9qo8uLOickgx2ZMRZoMyeIjZAgcfl7p92ldGxad68LnKqaXlbwCe'),
('b6c3be91-c64a-0127-4219-949c1530f366', '2024-11-24 19:34:09.000000', '2024-11-24 19:34:09.000000', b'1', '1982-06-19', 'daniel.tapia42@correo.cl', NULL, 'Daniel', 'Tapia', NULL, '201002481', 'Espinoza', 2, 'LOCAL', 'ACTIVE', '$2a$10$N9qo8uLOickgx2ZMRZoMyeIjZAgcfl7p92ldGxad68LnKqaXlbwCe'),
('b6d34a4d-37e1-7bed-cfa4-fbd4c765b3e2', '2025-06-02 19:34:09.000000', '2025-06-02 19:34:09.000000', b'1', '1970-12-03', 'andres.vargas72@correo.cl', NULL, 'Andrés', 'Vargas', NULL, '201000703', 'Cisternas', 2, 'LOCAL', 'ACTIVE', '$2a$10$N9qo8uLOickgx2ZMRZoMyeIjZAgcfl7p92ldGxad68LnKqaXlbwCe'),
('b735f3d0-88e8-1afb-e15c-11317fa99aa5', '2025-08-26 19:34:09.000000', '2025-08-26 19:34:09.000000', b'1', '1977-02-05', 'eduardo.soto52@correo.cl', NULL, 'Eduardo', 'Soto', NULL, '201001936', 'Henríquez', 2, 'LOCAL', 'ACTIVE', '$2a$10$N9qo8uLOickgx2ZMRZoMyeIjZAgcfl7p92ldGxad68LnKqaXlbwCe'),
('b78c15da-c5af-66f8-ebd5-a0f33bef3db7', '2025-04-23 19:34:09.000000', '2025-04-23 19:34:09.000000', b'1', '1992-12-23', 'patricio.palma26@correo.cl', NULL, 'Patricio', 'Palma', NULL, '201002181', 'Castro', 2, 'LOCAL', 'ACTIVE', '$2a$10$N9qo8uLOickgx2ZMRZoMyeIjZAgcfl7p92ldGxad68LnKqaXlbwCe'),
('b7ef5812-89e2-6057-881e-d988b78c351d', '2025-12-24 19:34:09.000000', '2025-12-24 19:34:09.000000', b'1', '1985-04-16', 'bruno.cisternas70@correo.cl', NULL, 'Bruno', 'Cisternas', NULL, '201000292', 'Bravo', 2, 'LOCAL', 'ACTIVE', '$2a$10$N9qo8uLOickgx2ZMRZoMyeIjZAgcfl7p92ldGxad68LnKqaXlbwCe'),
('b9664ad6-27a9-cb98-c94a-395965529822', '2024-07-07 19:34:09.000000', '2024-07-07 19:34:09.000000', b'1', '1972-11-14', 'andrea.pizarro28@correo.cl', NULL, 'Andrea', 'Pizarro', NULL, '201004169', 'Rodríguez', 2, 'LOCAL', 'ACTIVE', '$2a$10$N9qo8uLOickgx2ZMRZoMyeIjZAgcfl7p92ldGxad68LnKqaXlbwCe'),
('ba0c2bf1-5352-4c43-85e6-c87273940587', '2026-05-19 13:49:10.000000', '2026-05-20 11:10:27.000000', b'1', '2000-01-19', 'fr.carrascol@duocuc.cl', NULL, 'Juanito', 'Perez', NULL, '106665257', 'Lopez', 2, 'LOCAL', 'ACTIVE', '$2a$12$nLXONi7Y7.ILUMTzuLJnF.9iSksSz6RMA/M9pL5nEzW81aJi0qIQy'),
('bbc75b1d-bb0b-b6d2-87bb-79ee471d128a', '2025-11-04 19:34:09.000000', '2025-11-04 19:34:09.000000', b'1', '1982-06-11', 'carolina.palma37@correo.cl', NULL, 'Carolina', 'Palma', NULL, '201004592', 'Jiménez', 2, 'LOCAL', 'ACTIVE', '$2a$10$N9qo8uLOickgx2ZMRZoMyeIjZAgcfl7p92ldGxad68LnKqaXlbwCe'),
('bc494166-56f2-0918-9b23-aa295b9b58c4', '2026-03-09 19:34:09.000000', '2026-03-09 19:34:09.000000', b'1', '1990-12-26', 'hugo.orellana38@correo.cl', NULL, 'Hugo', 'Orellana', NULL, '201002947', 'Poblete', 2, 'LOCAL', 'ACTIVE', '$2a$10$N9qo8uLOickgx2ZMRZoMyeIjZAgcfl7p92ldGxad68LnKqaXlbwCe'),
('bcdc7531-ce51-db60-fe26-2c7bba34ec13', '2024-12-19 19:34:09.000000', '2024-12-19 19:34:09.000000', b'1', '1983-12-31', 'constanza.araya99@correo.cl', NULL, 'Constanza', 'Araya', NULL, '201001036', 'Pizarro', 2, 'LOCAL', 'ACTIVE', '$2a$10$N9qo8uLOickgx2ZMRZoMyeIjZAgcfl7p92ldGxad68LnKqaXlbwCe'),
('bd2f98e7-bc2b-e505-41ff-daed44f11dfd', '2025-10-30 19:34:09.000000', '2025-10-30 19:34:09.000000', b'1', '1981-08-27', 'hugo.palma41@correo.cl', NULL, 'Hugo', 'Palma', NULL, '201001803', 'Orellana', 2, 'LOCAL', 'ACTIVE', '$2a$10$N9qo8uLOickgx2ZMRZoMyeIjZAgcfl7p92ldGxad68LnKqaXlbwCe'),
('be19e403-e3ce-a79c-776a-beac3859b1f9', '2024-12-19 19:34:09.000000', '2024-12-19 19:34:09.000000', b'1', '1984-03-20', 'ignacio.morales57@correo.cl', NULL, 'Ignacio', 'Morales', NULL, '201002436', 'Torres', 2, 'LOCAL', 'ACTIVE', '$2a$10$N9qo8uLOickgx2ZMRZoMyeIjZAgcfl7p92ldGxad68LnKqaXlbwCe'),
('be3e5f0d-be13-6887-9144-46dc4174cc9f', '2025-10-25 19:34:09.000000', '2025-10-25 19:34:09.000000', b'1', '1981-09-28', 'catalina.vera85@correo.cl', NULL, 'Catalina', 'Vera', NULL, '201004614', 'Núñez', 2, 'LOCAL', 'ACTIVE', '$2a$10$N9qo8uLOickgx2ZMRZoMyeIjZAgcfl7p92ldGxad68LnKqaXlbwCe'),
('beada14d-8bb2-0124-5890-8c17e86b8c7c', '2024-08-31 19:34:09.000000', '2024-08-31 19:34:09.000000', b'1', '1976-04-15', 'pablo.herrera81@correo.cl', NULL, 'Pablo', 'Herrera', NULL, '201001258', 'Soto', 2, 'LOCAL', 'ACTIVE', '$2a$10$N9qo8uLOickgx2ZMRZoMyeIjZAgcfl7p92ldGxad68LnKqaXlbwCe'),
('bef09ed1-5e59-fa03-0b3f-3db6390d2e01', '2025-06-22 19:34:09.000000', '2025-06-22 19:34:09.000000', b'1', '1972-04-28', 'catalina.orellana24@correo.cl', NULL, 'Catalina', 'Orellana', NULL, '201000669', 'Herrera', 2, 'LOCAL', 'ACTIVE', '$2a$10$N9qo8uLOickgx2ZMRZoMyeIjZAgcfl7p92ldGxad68LnKqaXlbwCe'),
('bf1aa46b-3af5-8c08-0fd2-97ee848acab4', '2025-02-02 19:34:09.000000', '2025-02-02 19:34:09.000000', b'1', '1987-02-25', 'daniel.aravena44@correo.cl', NULL, 'Daniel', 'Aravena', NULL, '201000947', 'Sánchez', 2, 'LOCAL', 'ACTIVE', '$2a$10$N9qo8uLOickgx2ZMRZoMyeIjZAgcfl7p92ldGxad68LnKqaXlbwCe'),
('c02ae038-258d-a28c-231c-97e5ef257829', '2025-06-17 19:34:09.000000', '2025-06-17 19:34:09.000000', b'1', '1972-03-11', 'sofia.morales43@correo.cl', NULL, 'Sofía', 'Morales', NULL, '201002070', 'Flores', 2, 'LOCAL', 'ACTIVE', '$2a$10$N9qo8uLOickgx2ZMRZoMyeIjZAgcfl7p92ldGxad68LnKqaXlbwCe'),
('c04d5d68-ea9f-3de3-ef56-e756c8df4ad5', '2026-01-23 19:34:09.000000', '2026-01-23 19:34:09.000000', b'1', '1987-05-24', 'antonia.silva26@correo.cl', NULL, 'Antonia', 'Silva', NULL, '201000236', 'Bustamante', 2, 'LOCAL', 'ACTIVE', '$2a$10$N9qo8uLOickgx2ZMRZoMyeIjZAgcfl7p92ldGxad68LnKqaXlbwCe'),
('c141b764-c979-869d-1b8b-46a5422aeb7f', '2025-03-04 19:34:09.000000', '2025-03-04 19:34:09.000000', b'1', '1989-04-03', 'beatriz.jimenez26@correo.cl', NULL, 'Beatriz', 'Jiménez', NULL, '201000881', 'Fernández', 2, 'LOCAL', 'ACTIVE', '$2a$10$N9qo8uLOickgx2ZMRZoMyeIjZAgcfl7p92ldGxad68LnKqaXlbwCe'),
('c1737076-fad7-5818-1883-f4c8bb0fc835', '2025-02-07 19:34:09.000000', '2025-02-07 19:34:09.000000', b'1', '1987-09-21', 'gabriela.jimenez25@correo.cl', NULL, 'Gabriela', 'Jiménez', NULL, '201002336', 'Vera', 2, 'LOCAL', 'ACTIVE', '$2a$10$N9qo8uLOickgx2ZMRZoMyeIjZAgcfl7p92ldGxad68LnKqaXlbwCe'),
('c18786a4-982e-942c-dad1-f3cd3673e582', '2026-02-27 19:34:09.000000', '2026-02-27 19:34:09.000000', b'1', '1990-07-03', 'agustin.vera67@correo.cl', NULL, 'Agustín', 'Vera', NULL, '201004369', 'Caro', 2, 'LOCAL', 'ACTIVE', '$2a$10$N9qo8uLOickgx2ZMRZoMyeIjZAgcfl7p92ldGxad68LnKqaXlbwCe'),
('c247b5fd-d49d-cf74-0695-dec48ed6e963', '2025-11-19 19:34:09.000000', '2025-11-19 19:34:09.000000', b'1', '1982-11-02', 'marcela.diaz33@correo.cl', NULL, 'Marcela', 'Díaz', NULL, '201000369', 'Poblete', 2, 'LOCAL', 'ACTIVE', '$2a$10$N9qo8uLOickgx2ZMRZoMyeIjZAgcfl7p92ldGxad68LnKqaXlbwCe'),
('c25d1076-a9c6-de8d-41e5-feaefd68f110', '2026-02-12 19:34:09.000000', '2026-02-12 19:34:09.000000', b'1', '1988-10-17', 'natalia.martinez93@correo.cl', NULL, 'Natalia', 'Martínez', NULL, '201000192', 'Castro', 2, 'LOCAL', 'ACTIVE', '$2a$10$N9qo8uLOickgx2ZMRZoMyeIjZAgcfl7p92ldGxad68LnKqaXlbwCe'),
('c276bc10-e8bb-744f-c23e-49f5389be3de', '2026-05-08 19:34:09.000000', '2026-05-08 19:34:09.000000', b'1', '1995-05-30', 'sebastian.gonzalez15@correo.cl', NULL, 'Sebastián', 'González', NULL, '201004225', 'López', 2, 'LOCAL', 'ACTIVE', '$2a$10$N9qo8uLOickgx2ZMRZoMyeIjZAgcfl7p92ldGxad68LnKqaXlbwCe'),
('c29b55d5-0772-9826-003b-ae76bc5457e6', '2025-09-20 19:34:09.000000', '2025-09-20 19:34:09.000000', b'1', '1978-08-19', 'claudio.jara86@correo.cl', NULL, 'Claudio', 'Jara', NULL, '201000481', 'Rubio', 2, 'LOCAL', 'ACTIVE', '$2a$10$N9qo8uLOickgx2ZMRZoMyeIjZAgcfl7p92ldGxad68LnKqaXlbwCe'),
('c30dc73b-9c80-d170-3a6e-d8cbd789395d', '2024-12-14 19:34:09.000000', '2024-12-14 19:34:09.000000', b'1', '1983-11-13', 'marcela.gonzalez31@correo.cl', NULL, 'Marcela', 'González', NULL, '201002447', 'Jara', 2, 'LOCAL', 'ACTIVE', '$2a$10$N9qo8uLOickgx2ZMRZoMyeIjZAgcfl7p92ldGxad68LnKqaXlbwCe'),
('c384de17-c9c9-8c5f-3e3e-5c240fc6d5ba', '2026-05-13 19:34:09.000000', '2026-05-13 19:34:09.000000', b'1', '1970-11-25', 'ignacio.rodriguez92@correo.cl', NULL, 'Ignacio', 'Rodríguez', NULL, '201002814', 'Núñez', 2, 'LOCAL', 'ACTIVE', '$2a$10$N9qo8uLOickgx2ZMRZoMyeIjZAgcfl7p92ldGxad68LnKqaXlbwCe'),
('c3e78249-e17f-ca0a-d6f5-1524e6339b10', '2025-10-15 19:34:09.000000', '2025-10-15 19:34:09.000000', b'1', '1980-10-27', 'matias.aravena9@correo.cl', NULL, 'Matías', 'Aravena', NULL, '201003236', 'Fuentes', 2, 'LOCAL', 'ACTIVE', '$2a$10$N9qo8uLOickgx2ZMRZoMyeIjZAgcfl7p92ldGxad68LnKqaXlbwCe'),
('c424c980-f093-bbb8-7876-678b4859b283', '2026-04-18 19:34:09.000000', '2026-04-18 19:34:09.000000', b'1', '1994-01-03', 'cristobal.leiva72@correo.cl', NULL, 'Cristóbal', 'Leiva', NULL, '201004269', 'Orellana', 2, 'LOCAL', 'ACTIVE', '$2a$10$N9qo8uLOickgx2ZMRZoMyeIjZAgcfl7p92ldGxad68LnKqaXlbwCe'),
('c45461b7-a9e9-f595-c734-2f78caa64fb0', '2025-04-13 19:34:09.000000', '2025-04-13 19:34:09.000000', b'1', '1992-09-18', 'gabriela.vidal41@correo.cl', NULL, 'Gabriela', 'Vidal', NULL, '201005003', 'Espinoza', 2, 'LOCAL', 'ACTIVE', '$2a$10$N9qo8uLOickgx2ZMRZoMyeIjZAgcfl7p92ldGxad68LnKqaXlbwCe'),
('c45c06cb-2f7e-c041-3a73-981ced3c861e', '2025-07-17 19:34:09.000000', '2025-07-17 19:34:09.000000', b'1', '1974-09-25', 'yasna.ramos16@correo.cl', NULL, 'Yasna', 'Ramos', NULL, '201004814', 'Sánchez', 2, 'LOCAL', 'ACTIVE', '$2a$10$N9qo8uLOickgx2ZMRZoMyeIjZAgcfl7p92ldGxad68LnKqaXlbwCe'),
('c4a08c25-a906-4244-9c6c-53b20413a553', '2024-08-06 19:34:09.000000', '2024-08-06 19:34:09.000000', b'1', '1974-12-22', 'valentina.valenzuela14@correo.cl', NULL, 'Valentina', 'Valenzuela', NULL, '201004103', 'Jara', 2, 'LOCAL', 'ACTIVE', '$2a$10$N9qo8uLOickgx2ZMRZoMyeIjZAgcfl7p92ldGxad68LnKqaXlbwCe'),
('c4e606db-b679-518e-eb65-d863412122ce', '2025-10-30 19:34:09.000000', '2025-10-30 19:34:09.000000', b'1', '1982-02-03', 'ximena.acuna61@correo.cl', NULL, 'Ximena', 'Acuña', NULL, '201004603', 'Torres', 2, 'LOCAL', 'ACTIVE', '$2a$10$N9qo8uLOickgx2ZMRZoMyeIjZAgcfl7p92ldGxad68LnKqaXlbwCe'),
('c51ff70a-ed7a-698f-0f7e-48a147995dda', '2025-07-12 19:34:09.000000', '2025-07-12 19:34:09.000000', b'1', '1974-03-01', 'catalina.bravo35@correo.cl', NULL, 'Catalina', 'Bravo', NULL, '201003425', 'Núñez', 2, 'LOCAL', 'ACTIVE', '$2a$10$N9qo8uLOickgx2ZMRZoMyeIjZAgcfl7p92ldGxad68LnKqaXlbwCe'),
('c52b2d18-9f81-45ee-8b6c-ec95725d8005', '2026-05-22 17:45:12.000000', '2026-05-22 17:45:12.000000', b'1', '2011-01-01', 'ab@gmail.com', NULL, 'a', 'a', 'a', '193317820', 'a', 2, 'LOCAL', 'ACTIVE', '$2a$10$nUpehdoA9lQCnzQKh48DaeNtkjSCMtpWUyaQ4495ZjeEEfwvQxJRW'),
('c587c71e-d1fd-cc1b-d0c1-1004262da661', '2024-09-05 19:34:09.000000', '2024-09-05 19:34:09.000000', b'1', '1976-11-09', 'alejandra.fuentes92@correo.cl', NULL, 'Alejandra', 'Fuentes', NULL, '201002647', 'Quijada', 2, 'LOCAL', 'ACTIVE', '$2a$10$N9qo8uLOickgx2ZMRZoMyeIjZAgcfl7p92ldGxad68LnKqaXlbwCe'),
('c5b45bfe-5761-1228-b4d2-484d4b5abfda', '2025-08-06 19:34:09.000000', '2025-08-06 19:34:09.000000', b'1', '1975-09-12', 'cristobal.lopez17@correo.cl', NULL, 'Cristóbal', 'López', NULL, '201001970', 'Cárdenas', 2, 'LOCAL', 'ACTIVE', '$2a$10$N9qo8uLOickgx2ZMRZoMyeIjZAgcfl7p92ldGxad68LnKqaXlbwCe'),
('c6ad1761-471a-4152-fe80-4c3270d137b9', '2024-07-12 19:34:09.000000', '2024-07-12 19:34:09.000000', b'1', '1973-01-01', 'fernando.silva38@correo.cl', NULL, 'Fernando', 'Silva', NULL, '201002758', 'Valenzuela', 2, 'LOCAL', 'ACTIVE', '$2a$10$N9qo8uLOickgx2ZMRZoMyeIjZAgcfl7p92ldGxad68LnKqaXlbwCe'),
('c6e1b8ca-156a-5075-082f-4ae1754226cd', '2025-01-23 19:34:09.000000', '2025-01-23 19:34:09.000000', b'1', '1986-11-21', 'gabriela.henriquez77@correo.cl', NULL, 'Gabriela', 'Henríquez', NULL, '201003769', 'Pérez', 2, 'LOCAL', 'ACTIVE', '$2a$10$N9qo8uLOickgx2ZMRZoMyeIjZAgcfl7p92ldGxad68LnKqaXlbwCe'),
('c7ab15be-87e8-56c9-8ce2-73870997b8f5', '2024-09-20 19:34:09.000000', '2024-09-20 19:34:09.000000', b'1', '1977-11-28', 'veronica.henriquez74@correo.cl', NULL, 'Verónica', 'Henríquez', NULL, '201002614', 'Orellana', 2, 'LOCAL', 'ACTIVE', '$2a$10$N9qo8uLOickgx2ZMRZoMyeIjZAgcfl7p92ldGxad68LnKqaXlbwCe'),
('c7c9f2d4-37ef-28a4-1791-1075eb5e04e5', '2024-11-04 19:34:09.000000', '2024-11-04 19:34:09.000000', b'1', '1980-11-04', 'patricio.fuentes47@correo.cl', NULL, 'Patricio', 'Fuentes', NULL, '201001125', 'Leiva', 2, 'LOCAL', 'ACTIVE', '$2a$10$N9qo8uLOickgx2ZMRZoMyeIjZAgcfl7p92ldGxad68LnKqaXlbwCe'),
('c83ecd7f-0a13-2ac0-2306-c8dda5902492', '2025-08-26 19:34:09.000000', '2025-08-26 19:34:09.000000', b'1', '1976-11-17', 'ignacio.vega51@correo.cl', NULL, 'Ignacio', 'Vega', NULL, '201000536', 'Fuentes', 2, 'LOCAL', 'ACTIVE', '$2a$10$N9qo8uLOickgx2ZMRZoMyeIjZAgcfl7p92ldGxad68LnKqaXlbwCe'),
('c9557395-6dcc-53d4-42b0-d77b027d7940', '2025-03-19 19:34:09.000000', '2025-03-19 19:34:09.000000', b'1', '1990-09-29', 'tomas.cabrera81@correo.cl', NULL, 'Tomás', 'Cabrera', NULL, '201003658', 'Acuña', 2, 'LOCAL', 'ACTIVE', '$2a$10$N9qo8uLOickgx2ZMRZoMyeIjZAgcfl7p92ldGxad68LnKqaXlbwCe'),
('c97249de-7d61-c3e7-3eb4-ef9b5c7a5456', '2025-10-20 19:34:09.000000', '2025-10-20 19:34:09.000000', b'1', '1981-03-04', 'beatriz.bustamante94@correo.cl', NULL, 'Beatriz', 'Bustamante', NULL, '201003225', 'Jiménez', 2, 'LOCAL', 'ACTIVE', '$2a$10$N9qo8uLOickgx2ZMRZoMyeIjZAgcfl7p92ldGxad68LnKqaXlbwCe'),
('ca370ece-1ac1-8a96-bf65-fb960f8bb27f', '2026-05-18 19:34:09.000000', '2026-05-18 19:34:09.000000', b'1', '1971-06-21', 'valeria.henriquez89@correo.cl', NULL, 'Valeria', 'Henríquez', NULL, '201004203', 'Vera', 2, 'LOCAL', 'ACTIVE', '$2a$10$N9qo8uLOickgx2ZMRZoMyeIjZAgcfl7p92ldGxad68LnKqaXlbwCe'),
('ca438b3d-1681-372e-f586-31f3229d3171', '2025-06-12 19:34:09.000000', '2025-06-12 19:34:09.000000', b'1', '1972-01-23', 'gonzalo.vega35@correo.cl', NULL, 'Gonzalo', 'Vega', NULL, '201003481', 'Ramos', 2, 'LOCAL', 'ACTIVE', '$2a$10$N9qo8uLOickgx2ZMRZoMyeIjZAgcfl7p92ldGxad68LnKqaXlbwCe'),
('cab4eef5-aec9-a95e-5012-40cadd063f27', '2025-06-07 19:34:09.000000', '2025-06-07 19:34:09.000000', b'1', '1971-12-06', 'hector.ramirez55@correo.cl', NULL, 'Héctor', 'Ramírez', NULL, '201004892', 'Torres', 2, 'LOCAL', 'ACTIVE', '$2a$10$N9qo8uLOickgx2ZMRZoMyeIjZAgcfl7p92ldGxad68LnKqaXlbwCe'),
('cac198f9-82f0-e2d1-39ee-1691301392fa', '2025-09-25 19:34:09.000000', '2025-09-25 19:34:09.000000', b'1', '1979-08-22', 'alejandra.munoz67@correo.cl', NULL, 'Alejandra', 'Muñoz', NULL, '201004670', 'Orellana', 2, 'LOCAL', 'ACTIVE', '$2a$10$N9qo8uLOickgx2ZMRZoMyeIjZAgcfl7p92ldGxad68LnKqaXlbwCe'),
('cb7f1871-5986-1b0a-7f53-ccf0e9d1e4af', '2026-01-03 19:34:09.000000', '2026-01-03 19:34:09.000000', b'1', '1985-12-28', 'loreto.vidal39@correo.cl', NULL, 'Loreto', 'Vidal', NULL, '201000270', 'Jiménez', 2, 'LOCAL', 'ACTIVE', '$2a$10$N9qo8uLOickgx2ZMRZoMyeIjZAgcfl7p92ldGxad68LnKqaXlbwCe'),
('cb82f0e4-3e9f-7fed-b3e4-53c3aa68fdb2', '2026-04-28 19:34:09.000000', '2026-04-28 19:34:09.000000', b'1', '1994-09-16', 'patricia.gonzalez4@correo.cl', NULL, 'Patricia', 'González', NULL, '201004247', 'Rodríguez', 2, 'LOCAL', 'ACTIVE', '$2a$10$N9qo8uLOickgx2ZMRZoMyeIjZAgcfl7p92ldGxad68LnKqaXlbwCe'),
('cc1bc664-b0c4-26ae-3783-a2fad6d1cfe5', '2025-07-22 19:34:09.000000', '2025-07-22 19:34:09.000000', b'1', '1975-01-31', 'claudio.navarrete57@correo.cl', NULL, 'Claudio', 'Navarrete', NULL, '201004803', 'Pérez', 2, 'LOCAL', 'ACTIVE', '$2a$10$N9qo8uLOickgx2ZMRZoMyeIjZAgcfl7p92ldGxad68LnKqaXlbwCe'),
('cc3c83c0-7184-9d1e-c2c3-6362653af5b4', '2026-04-23 19:34:09.000000', '2026-04-23 19:34:09.000000', b'1', '1993-12-02', 'veronica.inostroza70@correo.cl', NULL, 'Verónica', 'Inostroza', NULL, '201001458', 'Opazo', 2, 'LOCAL', 'ACTIVE', '$2a$10$N9qo8uLOickgx2ZMRZoMyeIjZAgcfl7p92ldGxad68LnKqaXlbwCe'),
('cc6f04ad-3d2a-4fb7-2f0c-69bf66ec9f0c', '2024-07-02 19:34:09.000000', '2024-07-02 19:34:09.000000', b'1', '1972-04-20', 'eduardo.flores81@correo.cl', NULL, 'Eduardo', 'Flores', NULL, '201002770', 'Tapia', 2, 'LOCAL', 'ACTIVE', '$2a$10$N9qo8uLOickgx2ZMRZoMyeIjZAgcfl7p92ldGxad68LnKqaXlbwCe'),
('cdf16f2f-71fb-6912-c165-f70134114972', '2024-11-14 19:34:09.000000', '2024-11-14 19:34:09.000000', b'1', '1981-07-18', 'monica.orellana88@correo.cl', NULL, 'Mónica', 'Orellana', NULL, '201001103', 'Sánchez', 2, 'LOCAL', 'ACTIVE', '$2a$10$N9qo8uLOickgx2ZMRZoMyeIjZAgcfl7p92ldGxad68LnKqaXlbwCe'),
('ce1baaf6-bfdd-58dc-9e95-bf43b3f15eac', '2025-05-23 19:34:09.000000', '2025-05-23 19:34:09.000000', b'1', '1994-11-11', 'rene.gonzalez14@correo.cl', NULL, 'René', 'González', NULL, '201000725', 'Torres', 2, 'LOCAL', 'ACTIVE', '$2a$10$N9qo8uLOickgx2ZMRZoMyeIjZAgcfl7p92ldGxad68LnKqaXlbwCe'),
('ce57189f-5729-ada2-f775-82074bf0d8e7', '2026-01-13 19:34:09.000000', '2026-01-13 19:34:09.000000', b'1', '1987-02-17', 'matias.lopez84@correo.cl', NULL, 'Matías', 'López', NULL, '201003058', 'Medina', 2, 'LOCAL', 'ACTIVE', '$2a$10$N9qo8uLOickgx2ZMRZoMyeIjZAgcfl7p92ldGxad68LnKqaXlbwCe'),
('ce8ad7b9-3486-dc3f-a2e8-045de4be5262', '2025-07-02 19:34:09.000000', '2025-07-02 19:34:09.000000', b'1', '1973-01-09', 'camila.munoz69@correo.cl', NULL, 'Camila', 'Muñoz', NULL, '201000647', 'Bravo', 2, 'LOCAL', 'ACTIVE', '$2a$10$N9qo8uLOickgx2ZMRZoMyeIjZAgcfl7p92ldGxad68LnKqaXlbwCe'),
('cedb44d4-28c2-c811-3436-edd36e25bffc', '2025-11-29 19:34:09.000000', '2025-11-29 19:34:09.000000', b'1', '1983-12-23', 'monica.cabrera78@correo.cl', NULL, 'Mónica', 'Cabrera', NULL, '201003147', 'Ramírez', 2, 'LOCAL', 'ACTIVE', '$2a$10$N9qo8uLOickgx2ZMRZoMyeIjZAgcfl7p92ldGxad68LnKqaXlbwCe'),
('cf25c8b4-a5bf-061a-17a3-ebdc06d84a91', '2024-07-07 19:34:09.000000', '2024-07-07 19:34:09.000000', b'1', '1972-08-26', 'victor.pizarro45@correo.cl', NULL, 'Víctor', 'Pizarro', NULL, '201002769', 'Castro', 2, 'LOCAL', 'ACTIVE', '$2a$10$N9qo8uLOickgx2ZMRZoMyeIjZAgcfl7p92ldGxad68LnKqaXlbwCe'),
('d066ee74-fcce-62e9-4a49-b966eba5c30f', '2025-10-30 19:34:09.000000', '2025-10-30 19:34:09.000000', b'1', '1981-11-15', 'sergio.tapia93@correo.cl', NULL, 'Sergio', 'Tapia', NULL, '201003203', 'Opazo', 2, 'LOCAL', 'ACTIVE', '$2a$10$N9qo8uLOickgx2ZMRZoMyeIjZAgcfl7p92ldGxad68LnKqaXlbwCe'),
('d10bbc75-925d-e12b-3ede-4e4bae465d5a', '2025-01-18 19:34:09.000000', '2025-01-18 19:34:09.000000', b'1', '1986-07-16', 'marcela.henriquez72@correo.cl', NULL, 'Marcela', 'Henríquez', NULL, '201003770', 'Tapia', 2, 'LOCAL', 'ACTIVE', '$2a$10$N9qo8uLOickgx2ZMRZoMyeIjZAgcfl7p92ldGxad68LnKqaXlbwCe'),
('d15fc9a7-4225-1e45-2a8d-d42870892d9a', '2024-06-22 19:34:09.000000', '2024-06-22 19:34:09.000000', b'1', '1971-08-08', 'sofia.flores4@correo.cl', NULL, 'Sofía', 'Flores', NULL, '201002792', 'Cisternas', 2, 'LOCAL', 'ACTIVE', '$2a$10$N9qo8uLOickgx2ZMRZoMyeIjZAgcfl7p92ldGxad68LnKqaXlbwCe'),
('d16f0f3b-c786-5f8f-a704-9211f19ee653', '2026-05-13 19:34:09.000000', '2026-05-13 19:34:09.000000', b'1', '1995-04-28', 'matias.leiva46@correo.cl', NULL, 'Matías', 'Leiva', NULL, '201001414', 'Vargas', 2, 'LOCAL', 'ACTIVE', '$2a$10$N9qo8uLOickgx2ZMRZoMyeIjZAgcfl7p92ldGxad68LnKqaXlbwCe'),
('d2fdc515-36be-b4eb-32e8-079e9dabac38', '2026-04-18 19:34:09.000000', '2026-04-18 19:34:09.000000', b'1', '1993-10-15', 'sebastian.poblete15@correo.cl', NULL, 'Sebastián', 'Poblete', NULL, '201002869', 'Flores', 2, 'LOCAL', 'ACTIVE', '$2a$10$N9qo8uLOickgx2ZMRZoMyeIjZAgcfl7p92ldGxad68LnKqaXlbwCe'),
('d4d2661c-5765-21cf-04f8-72532c84d52f', '2026-01-28 19:34:09.000000', '2026-01-28 19:34:09.000000', b'1', '1987-12-18', 'isabel.cardenas49@correo.cl', NULL, 'Isabel', 'Cárdenas', NULL, '201001625', 'Sepúlveda', 2, 'LOCAL', 'ACTIVE', '$2a$10$N9qo8uLOickgx2ZMRZoMyeIjZAgcfl7p92ldGxad68LnKqaXlbwCe'),
('d521ab07-be85-99fa-78f4-ad3a830fe91a', '2026-01-23 19:34:09.000000', '2026-01-23 19:34:09.000000', b'1', '1988-01-19', 'isabel.martinez99@correo.cl', NULL, 'Isabel', 'Martínez', NULL, '201004436', 'Torres', 2, 'LOCAL', 'ACTIVE', '$2a$10$N9qo8uLOickgx2ZMRZoMyeIjZAgcfl7p92ldGxad68LnKqaXlbwCe'),
('d589480d-f79d-96c7-cc4e-56d20a6ee08f', '2026-04-13 19:34:09.000000', '2026-04-13 19:34:09.000000', b'1', '1993-08-28', 'daniela.vidal45@correo.cl', NULL, 'Daniela', 'Vidal', NULL, '201004270', 'Jiménez', 2, 'LOCAL', 'ACTIVE', '$2a$10$N9qo8uLOickgx2ZMRZoMyeIjZAgcfl7p92ldGxad68LnKqaXlbwCe'),
('d7ceac2e-622d-190c-b513-bd88d6ced11a', '2025-06-22 19:34:09.000000', '2025-06-22 19:34:09.000000', b'1', '1972-12-24', 'pamela.contreras87@correo.cl', NULL, 'Pamela', 'Contreras', NULL, '201004869', 'López', 2, 'LOCAL', 'ACTIVE', '$2a$10$N9qo8uLOickgx2ZMRZoMyeIjZAgcfl7p92ldGxad68LnKqaXlbwCe'),
('d8223890-ebfa-411c-8cff-842fd61bd928', '2025-06-17 19:34:09.000000', '2025-06-17 19:34:09.000000', b'1', '1971-12-22', 'rodrigo.vera28@correo.cl', NULL, 'Rodrigo', 'Vera', NULL, '201000670', 'Contreras', 2, 'LOCAL', 'ACTIVE', '$2a$10$N9qo8uLOickgx2ZMRZoMyeIjZAgcfl7p92ldGxad68LnKqaXlbwCe'),
('d82d791b-b049-9aa2-d423-e9bf8a13cb25', '2025-05-23 19:34:09.000000', '2025-05-23 19:34:09.000000', b'1', '1970-11-17', 'viviana.caro71@correo.cl', NULL, 'Viviana', 'Caro', NULL, '201004925', 'Sánchez', 2, 'LOCAL', 'ACTIVE', '$2a$10$N9qo8uLOickgx2ZMRZoMyeIjZAgcfl7p92ldGxad68LnKqaXlbwCe'),
('d8e75c4d-bd5f-810b-5959-b39ac87ecdfa', '2024-08-26 19:34:09.000000', '2024-08-26 19:34:09.000000', b'1', '1976-05-17', 'hugo.caro22@correo.cl', NULL, 'Hugo', 'Caro', NULL, '201004069', 'Opazo', 2, 'LOCAL', 'ACTIVE', '$2a$10$N9qo8uLOickgx2ZMRZoMyeIjZAgcfl7p92ldGxad68LnKqaXlbwCe'),
('d931448e-6edb-b045-8f3b-7be2b75823b5', '2025-05-08 19:34:09.000000', '2025-05-08 19:34:09.000000', b'1', '1994-06-20', 'patricio.medina24@correo.cl', NULL, 'Patricio', 'Medina', NULL, '201004958', 'Fuentes', 2, 'LOCAL', 'ACTIVE', '$2a$10$N9qo8uLOickgx2ZMRZoMyeIjZAgcfl7p92ldGxad68LnKqaXlbwCe'),
('d989ee58-c478-6049-748f-60f6a8177ea3', '2025-07-07 19:34:09.000000', '2025-07-07 19:34:09.000000', b'1', '1974-01-12', 'lorena.diaz42@correo.cl', NULL, 'Lorena', 'Díaz', NULL, '201004836', 'Olivares', 2, 'LOCAL', 'ACTIVE', '$2a$10$N9qo8uLOickgx2ZMRZoMyeIjZAgcfl7p92ldGxad68LnKqaXlbwCe'),
('d9dec248-029d-839c-f938-64fe8540f172', '2026-03-04 19:34:09.000000', '2026-03-04 19:34:09.000000', b'1', '1990-11-08', 'diego.perez26@correo.cl', NULL, 'Diego', 'Pérez', NULL, '201004358', 'García', 2, 'LOCAL', 'ACTIVE', '$2a$10$N9qo8uLOickgx2ZMRZoMyeIjZAgcfl7p92ldGxad68LnKqaXlbwCe'),
('dabeed48-c29c-5006-a9f1-eb0d804c32d6', '2025-01-13 19:34:09.000000', '2025-01-13 19:34:09.000000', b'1', '1986-03-10', 'gabriel.castro93@correo.cl', NULL, 'Gabriel', 'Castro', NULL, '201003781', 'Henríquez', 2, 'LOCAL', 'ACTIVE', '$2a$10$N9qo8uLOickgx2ZMRZoMyeIjZAgcfl7p92ldGxad68LnKqaXlbwCe'),
('dae08804-7d6a-f1da-529d-990aa228edac', '2024-10-05 19:34:09.000000', '2024-10-05 19:34:09.000000', b'1', '1979-03-07', 'jose.martinez22@correo.cl', NULL, 'José', 'Martínez', NULL, '201003981', 'Espinoza', 2, 'LOCAL', 'ACTIVE', '$2a$10$N9qo8uLOickgx2ZMRZoMyeIjZAgcfl7p92ldGxad68LnKqaXlbwCe'),
('dba3115d-4c97-82f6-d6fc-4e36da76e1f6', '2025-12-04 19:34:09.000000', '2025-12-04 19:34:09.000000', b'1', '1983-11-21', 'antonia.rodriguez10@correo.cl', NULL, 'Antonia', 'Rodríguez', NULL, '201000336', 'González', 2, 'LOCAL', 'ACTIVE', '$2a$10$N9qo8uLOickgx2ZMRZoMyeIjZAgcfl7p92ldGxad68LnKqaXlbwCe'),
('dc907ecc-6bb0-c948-e8e4-7ffc2d72f971', '2025-10-20 19:34:09.000000', '2025-10-20 19:34:09.000000', b'1', '1980-12-14', 'gabriel.torres66@correo.cl', NULL, 'Gabriel', 'Torres', NULL, '201001825', 'Cisternas', 2, 'LOCAL', 'ACTIVE', '$2a$10$N9qo8uLOickgx2ZMRZoMyeIjZAgcfl7p92ldGxad68LnKqaXlbwCe'),
('dce34686-2e12-c05e-e9a6-336782afefed', '2025-03-29 19:34:09.000000', '2025-03-29 19:34:09.000000', b'1', '1991-03-24', 'daniela.vidal27@correo.cl', NULL, 'Daniela', 'Vidal', NULL, '201002236', 'Herrera', 2, 'LOCAL', 'ACTIVE', '$2a$10$N9qo8uLOickgx2ZMRZoMyeIjZAgcfl7p92ldGxad68LnKqaXlbwCe'),
('ddcd0459-bd0e-47da-0c94-7ea72b2e2c14', '2024-07-27 19:34:09.000000', '2024-07-27 19:34:09.000000', b'1', '1974-01-20', 'javiera.medina63@correo.cl', NULL, 'Javiera', 'Medina', NULL, '201002725', 'Olivares', 2, 'LOCAL', 'ACTIVE', '$2a$10$N9qo8uLOickgx2ZMRZoMyeIjZAgcfl7p92ldGxad68LnKqaXlbwCe'),
('dea8539c-07fc-455f-8b67-babd3eb21637', '2026-02-07 19:34:09.000000', '2026-02-07 19:34:09.000000', b'1', '1989-02-06', 'andres.silva16@correo.cl', NULL, 'Andrés', 'Silva', NULL, '201004403', 'Contreras', 2, 'LOCAL', 'ACTIVE', '$2a$10$N9qo8uLOickgx2ZMRZoMyeIjZAgcfl7p92ldGxad68LnKqaXlbwCe'),
('dfed0f52-1e67-f687-082f-88fa1df02c42', '2025-10-25 19:34:09.000000', '2025-10-25 19:34:09.000000', b'1', '1981-01-31', 'mauricio.ramirez12@correo.cl', NULL, 'Mauricio', 'Ramírez', NULL, '201000414', 'Espinoza', 2, 'LOCAL', 'ACTIVE', '$2a$10$N9qo8uLOickgx2ZMRZoMyeIjZAgcfl7p92ldGxad68LnKqaXlbwCe'),
('e02d16a6-cf28-eef6-1bc5-bc477f17a76a', '2026-04-13 19:34:09.000000', '2026-04-13 19:34:09.000000', b'1', '1993-03-21', 'felipe.cortes98@correo.cl', NULL, 'Felipe', 'Cortés', NULL, '201001470', 'Bravo', 2, 'LOCAL', 'ACTIVE', '$2a$10$N9qo8uLOickgx2ZMRZoMyeIjZAgcfl7p92ldGxad68LnKqaXlbwCe'),
('e090944b-788c-ef4a-ebca-c69b39f560aa', '2025-10-15 19:34:09.000000', '2025-10-15 19:34:09.000000', b'1', '1980-05-20', 'ricardo.rodriguez6@correo.cl', NULL, 'Ricardo', 'Rodríguez', NULL, '201000436', 'Torres', 2, 'LOCAL', 'ACTIVE', '$2a$10$N9qo8uLOickgx2ZMRZoMyeIjZAgcfl7p92ldGxad68LnKqaXlbwCe'),
('e0ca6174-3c59-5564-e725-268250f52730', '2026-05-03 19:34:09.000000', '2026-05-03 19:34:09.000000', b'1', '1994-05-27', 'sebastian.nunez36@correo.cl', NULL, 'Sebastián', 'Núñez', NULL, '201000036', 'Jiménez', 2, 'LOCAL', 'ACTIVE', '$2a$10$N9qo8uLOickgx2ZMRZoMyeIjZAgcfl7p92ldGxad68LnKqaXlbwCe'),
('e1cbb5e4-cce4-5ee7-8af4-bfebbeb46075', '2025-12-19 19:34:09.000000', '2025-12-19 19:34:09.000000', b'1', '1985-05-18', 'pablo.martinez91@correo.cl', NULL, 'Pablo', 'Martínez', NULL, '201003103', 'Núñez', 2, 'LOCAL', 'ACTIVE', '$2a$10$N9qo8uLOickgx2ZMRZoMyeIjZAgcfl7p92ldGxad68LnKqaXlbwCe'),
('e201add0-44c0-0236-5158-14c35c745a56', '2025-12-14 19:34:09.000000', '2025-12-14 19:34:09.000000', b'1', '1984-10-22', 'natalia.acuna57@correo.cl', NULL, 'Natalia', 'Acuña', NULL, '201001714', 'Núñez', 2, 'LOCAL', 'ACTIVE', '$2a$10$N9qo8uLOickgx2ZMRZoMyeIjZAgcfl7p92ldGxad68LnKqaXlbwCe'),
('e26f2056-1777-a8b8-2faa-045eafed4ec5', '2024-07-07 19:34:09.000000', '2024-07-07 19:34:09.000000', b'1', '1972-06-07', 'javier.cabrera71@correo.cl', NULL, 'Javier', 'Cabrera', NULL, '201001369', 'Fuentes', 2, 'LOCAL', 'ACTIVE', '$2a$10$N9qo8uLOickgx2ZMRZoMyeIjZAgcfl7p92ldGxad68LnKqaXlbwCe'),
('e2740694-ea2a-7dde-319a-5548c2d3c301', '2025-07-22 19:34:09.000000', '2025-07-22 19:34:09.000000', b'1', '1974-06-05', 'sofia.quijada81@correo.cl', NULL, 'Sofía', 'Quijada', NULL, '201000603', 'Acuña', 2, 'LOCAL', 'ACTIVE', '$2a$10$N9qo8uLOickgx2ZMRZoMyeIjZAgcfl7p92ldGxad68LnKqaXlbwCe'),
('e28493dc-c680-4836-9c8d-13b2d0c16dda', '2026-03-19 19:34:09.000000', '2026-03-19 19:34:09.000000', b'1', '1991-11-27', 'alejandra.rubio69@correo.cl', NULL, 'Alejandra', 'Rubio', NULL, '201004325', 'Bustamante', 2, 'LOCAL', 'ACTIVE', '$2a$10$N9qo8uLOickgx2ZMRZoMyeIjZAgcfl7p92ldGxad68LnKqaXlbwCe'),
('e2ca64b7-71ef-0f5c-a2aa-2789a6bd0780', '2025-08-26 19:34:09.000000', '2025-08-26 19:34:09.000000', b'1', '1977-07-15', 'fernanda.tapia18@correo.cl', NULL, 'Fernanda', 'Tapia', NULL, '201004736', 'Aravena', 2, 'LOCAL', 'ACTIVE', '$2a$10$N9qo8uLOickgx2ZMRZoMyeIjZAgcfl7p92ldGxad68LnKqaXlbwCe'),
('e3720b6f-f7b0-dcf7-81e8-060d9e3f02ac', '2025-06-12 19:34:09.000000', '2025-06-12 19:34:09.000000', b'1', '1971-11-04', 'susana.soto60@correo.cl', NULL, 'Susana', 'Soto', NULL, '201002081', 'Orellana', 2, 'LOCAL', 'ACTIVE', '$2a$10$N9qo8uLOickgx2ZMRZoMyeIjZAgcfl7p92ldGxad68LnKqaXlbwCe'),
('e38f21b6-72e1-2470-7e13-2459c5c32b17', '2025-05-23 19:34:09.000000', '2025-05-23 19:34:09.000000', b'1', '1995-04-20', 'sergio.palma83@correo.cl', NULL, 'Sergio', 'Palma', NULL, '201003525', 'Rojas', 2, 'LOCAL', 'ACTIVE', '$2a$10$N9qo8uLOickgx2ZMRZoMyeIjZAgcfl7p92ldGxad68LnKqaXlbwCe'),
('e49957d4-6c4e-9e53-290b-334c49e414ee', '2025-11-19 19:34:09.000000', '2025-11-19 19:34:09.000000', b'1', '1983-06-30', 'claudio.jimenez49@correo.cl', NULL, 'Claudio', 'Jiménez', NULL, '201004569', 'Morales', 2, 'LOCAL', 'ACTIVE', '$2a$10$N9qo8uLOickgx2ZMRZoMyeIjZAgcfl7p92ldGxad68LnKqaXlbwCe'),
('e4df0ef3-82ad-51cb-09c0-205691cadd0d', '2025-05-18 19:34:09.000000', '2025-05-18 19:34:09.000000', b'1', '1995-03-03', 'nicolas.jara66@correo.cl', NULL, 'Nicolás', 'Jara', NULL, '201004936', 'Cortés', 2, 'LOCAL', 'ACTIVE', '$2a$10$N9qo8uLOickgx2ZMRZoMyeIjZAgcfl7p92ldGxad68LnKqaXlbwCe'),
('e4efc685-9b01-323d-9dd1-e8b07a020ca5', '2024-06-22 19:34:09.000000', '2024-06-22 19:34:09.000000', b'1', '1971-10-27', 'isidora.vidal41@correo.cl', NULL, 'Isidora', 'Vidal', NULL, '201004192', 'Vega', 2, 'LOCAL', 'ACTIVE', '$2a$10$N9qo8uLOickgx2ZMRZoMyeIjZAgcfl7p92ldGxad68LnKqaXlbwCe'),
('e6cf7d35-1536-deae-5323-40330856aa62', '2025-08-11 19:34:09.000000', '2025-08-11 19:34:09.000000', b'1', '1976-04-07', 'gabriel.jimenez62@correo.cl', NULL, 'Gabriel', 'Jiménez', NULL, '201003369', 'Medina', 2, 'LOCAL', 'ACTIVE', '$2a$10$N9qo8uLOickgx2ZMRZoMyeIjZAgcfl7p92ldGxad68LnKqaXlbwCe'),
('e812f39d-aa4c-2027-6d66-cb4a7bfd8e6d', '2025-01-13 19:34:09.000000', '2025-01-13 19:34:09.000000', b'1', '1985-12-20', 'cristobal.vera35@correo.cl', NULL, 'Cristóbal', 'Vera', NULL, '201002381', 'Inostroza', 2, 'LOCAL', 'ACTIVE', '$2a$10$N9qo8uLOickgx2ZMRZoMyeIjZAgcfl7p92ldGxad68LnKqaXlbwCe'),
('e8b213ff-f120-d74a-0db3-a08bfbcc82d2', '2025-11-09 19:34:09.000000', '2025-11-09 19:34:09.000000', b'1', '1982-05-10', 'patricio.leiva89@correo.cl', NULL, 'Patricio', 'Leiva', NULL, '201001781', 'Bravo', 2, 'LOCAL', 'ACTIVE', '$2a$10$N9qo8uLOickgx2ZMRZoMyeIjZAgcfl7p92ldGxad68LnKqaXlbwCe'),
('e9897671-87a5-20f7-6ad5-b9b1f296e179', '2026-01-28 19:34:09.000000', '2026-01-28 19:34:09.000000', b'1', '1988-05-26', 'valentina.morales82@correo.cl', NULL, 'Valentina', 'Morales', NULL, '201004425', 'Ramos', 2, 'LOCAL', 'ACTIVE', '$2a$10$N9qo8uLOickgx2ZMRZoMyeIjZAgcfl7p92ldGxad68LnKqaXlbwCe'),
('e9acd6f4-d4b9-0c04-45af-0b7bbf5c86c4', '2025-11-09 19:34:09.000000', '2025-11-09 19:34:09.000000', b'1', '1982-10-17', 'mauricio.cardenas11@correo.cl', NULL, 'Mauricio', 'Cárdenas', NULL, '201004581', 'Reyes', 2, 'LOCAL', 'ACTIVE', '$2a$10$N9qo8uLOickgx2ZMRZoMyeIjZAgcfl7p92ldGxad68LnKqaXlbwCe'),
('eb3999a0-b055-f1b5-b842-aa270b5ba369', '2025-12-24 19:34:09.000000', '2025-12-24 19:34:09.000000', b'1', '1985-09-23', 'mauricio.cardenas36@correo.cl', NULL, 'Mauricio', 'Cárdenas', NULL, '201003092', 'Castro', 2, 'LOCAL', 'ACTIVE', '$2a$10$N9qo8uLOickgx2ZMRZoMyeIjZAgcfl7p92ldGxad68LnKqaXlbwCe'),
('eb3ded73-9561-a18a-d91e-16d25969639f', '2025-09-25 19:34:09.000000', '2025-09-25 19:34:09.000000', b'1', '1978-12-25', 'catalina.palma35@correo.cl', NULL, 'Catalina', 'Palma', NULL, '201000470', 'Rodríguez', 2, 'LOCAL', 'ACTIVE', '$2a$10$N9qo8uLOickgx2ZMRZoMyeIjZAgcfl7p92ldGxad68LnKqaXlbwCe'),
('eb8365da-e17f-c876-97df-9bdab3bdb7f3', '2024-12-09 19:34:09.000000', '2024-12-09 19:34:09.000000', b'1', '1983-09-26', 'victor.castro46@correo.cl', NULL, 'Víctor', 'Castro', NULL, '201003858', 'Vargas', 2, 'LOCAL', 'ACTIVE', '$2a$10$N9qo8uLOickgx2ZMRZoMyeIjZAgcfl7p92ldGxad68LnKqaXlbwCe'),
('ebdbb8cb-2857-1edc-ea6e-1dccfd583efd', '2026-03-04 19:34:09.000000', '2026-03-04 19:34:09.000000', b'1', '1990-08-20', 'pamela.flores38@correo.cl', NULL, 'Pamela', 'Flores', NULL, '201002958', 'Bravo', 2, 'LOCAL', 'ACTIVE', '$2a$10$N9qo8uLOickgx2ZMRZoMyeIjZAgcfl7p92ldGxad68LnKqaXlbwCe'),
('ecbda472-d2a4-efb4-9425-80a8f9d45b55', '2026-01-08 19:34:09.000000', '2026-01-08 19:34:09.000000', b'1', '1986-10-12', 'agustin.munoz1@correo.cl', NULL, 'Agustín', 'Muñoz', NULL, '201003069', 'Rojas', 2, 'LOCAL', 'ACTIVE', '$2a$10$N9qo8uLOickgx2ZMRZoMyeIjZAgcfl7p92ldGxad68LnKqaXlbwCe'),
('ecbfc0a7-2836-c526-fa23-c5c8211774de', '2025-02-17 19:34:09.000000', '2025-02-17 19:34:09.000000', b'1', '1988-08-22', 'rodrigo.cisternas82@correo.cl', NULL, 'Rodrigo', 'Cisternas', NULL, '201003714', 'Poblete', 2, 'LOCAL', 'ACTIVE', '$2a$10$N9qo8uLOickgx2ZMRZoMyeIjZAgcfl7p92ldGxad68LnKqaXlbwCe'),
('ecfdfb31-2932-abbe-3d34-ead4376963df', '2025-08-01 19:34:09.000000', '2025-08-01 19:34:09.000000', b'1', '1975-07-26', 'catalina.gonzalez67@correo.cl', NULL, 'Catalina', 'González', NULL, '201003381', 'Torres', 2, 'LOCAL', 'ACTIVE', '$2a$10$N9qo8uLOickgx2ZMRZoMyeIjZAgcfl7p92ldGxad68LnKqaXlbwCe'),
('ed253d66-47cf-d341-6d81-be87265f733a', '2025-02-12 19:34:09.000000', '2025-02-12 19:34:09.000000', b'1', '1988-01-27', 'ignacio.lopez33@correo.cl', NULL, 'Ignacio', 'López', NULL, '201002325', 'Tapia', 2, 'LOCAL', 'ACTIVE', '$2a$10$N9qo8uLOickgx2ZMRZoMyeIjZAgcfl7p92ldGxad68LnKqaXlbwCe'),
('ed9f7a40-3405-d33a-e0ac-363286c21fe9', '2025-11-14 19:34:09.000000', '2025-11-14 19:34:09.000000', b'1', '1982-06-27', 'bruno.jara61@correo.cl', NULL, 'Bruno', 'Jara', NULL, '201000370', 'Jiménez', 2, 'LOCAL', 'ACTIVE', '$2a$10$N9qo8uLOickgx2ZMRZoMyeIjZAgcfl7p92ldGxad68LnKqaXlbwCe'),
('edd1419f-e890-a895-96aa-dafcaa12f4b7', '2025-09-15 19:34:09.000000', '2025-09-15 19:34:09.000000', b'1', '1978-12-09', 'rosa.nunez56@correo.cl', NULL, 'Rosa', 'Núñez', NULL, '201004692', 'Rojas', 2, 'LOCAL', 'ACTIVE', '$2a$10$N9qo8uLOickgx2ZMRZoMyeIjZAgcfl7p92ldGxad68LnKqaXlbwCe'),
('edda386c-69c9-bcaf-eb5a-d3531cadbbce', '2024-08-01 19:34:09.000000', '2024-08-01 19:34:09.000000', b'1', '1974-03-09', 'cecilia.bustamante34@correo.cl', NULL, 'Cecilia', 'Bustamante', NULL, '201001314', 'Jiménez', 2, 'LOCAL', 'ACTIVE', '$2a$10$N9qo8uLOickgx2ZMRZoMyeIjZAgcfl7p92ldGxad68LnKqaXlbwCe'),
('eef29457-bf1a-4115-67ea-241c225ebab5', '2025-10-20 19:34:09.000000', '2025-10-20 19:34:09.000000', b'1', '1981-05-23', 'veronica.contreras17@correo.cl', NULL, 'Verónica', 'Contreras', NULL, '201004625', 'Valenzuela', 2, 'LOCAL', 'ACTIVE', '$2a$10$N9qo8uLOickgx2ZMRZoMyeIjZAgcfl7p92ldGxad68LnKqaXlbwCe'),
('eef6ce50-3f87-06c7-1d2d-7d6bac1e8942', '2024-06-27 19:34:09.000000', '2024-06-27 19:34:09.000000', b'1', '1971-09-25', 'pablo.navarrete87@correo.cl', NULL, 'Pablo', 'Navarrete', NULL, '201001381', 'Medina', 2, 'LOCAL', 'ACTIVE', '$2a$10$N9qo8uLOickgx2ZMRZoMyeIjZAgcfl7p92ldGxad68LnKqaXlbwCe'),
('ef72ff93-4108-5ff1-d9c4-ca99bb0bf36c', '2026-05-13 19:34:09.000000', '2026-05-13 19:34:09.000000', b'1', '1995-02-07', 'marcela.cisternas11@correo.cl', NULL, 'Marcela', 'Cisternas', NULL, '201000014', 'Opazo', 2, 'LOCAL', 'ACTIVE', '$2a$10$N9qo8uLOickgx2ZMRZoMyeIjZAgcfl7p92ldGxad68LnKqaXlbwCe'),
('efc8abe9-cce0-c4ce-457c-03b2b926b4fe', '2026-03-09 19:34:09.000000', '2026-03-09 19:34:09.000000', b'1', '1991-03-16', 'antonia.jimenez6@correo.cl', NULL, 'Antonia', 'Jiménez', NULL, '201004347', 'Pizarro', 2, 'LOCAL', 'ACTIVE', '$2a$10$N9qo8uLOickgx2ZMRZoMyeIjZAgcfl7p92ldGxad68LnKqaXlbwCe'),
('efcc4675-da20-db12-fb6e-0264d31d85d2', '2024-09-10 19:34:09.000000', '2024-09-10 19:34:09.000000', b'1', '1977-03-17', 'isidora.nunez17@correo.cl', NULL, 'Isidora', 'Núñez', NULL, '201002636', 'Sepúlveda', 2, 'LOCAL', 'ACTIVE', '$2a$10$N9qo8uLOickgx2ZMRZoMyeIjZAgcfl7p92ldGxad68LnKqaXlbwCe'),
('efd5bb73-b4f2-1366-60fc-c68cad1d5696', '2025-05-08 19:34:09.000000', '2025-05-08 19:34:09.000000', b'1', '1993-10-23', 'carolina.lopez11@correo.cl', NULL, 'Carolina', 'López', NULL, '201000758', 'Díaz', 2, 'LOCAL', 'ACTIVE', '$2a$10$N9qo8uLOickgx2ZMRZoMyeIjZAgcfl7p92ldGxad68LnKqaXlbwCe'),
('efe9b503-1743-a454-60fd-91360222c134', '2025-09-10 19:34:09.000000', '2025-09-10 19:34:09.000000', b'1', '1978-05-15', 'daniela.ramos7@correo.cl', NULL, 'Daniela', 'Ramos', NULL, '201003303', 'Cárdenas', 2, 'LOCAL', 'ACTIVE', '$2a$10$N9qo8uLOickgx2ZMRZoMyeIjZAgcfl7p92ldGxad68LnKqaXlbwCe'),
('f0140e9d-1c29-fbf9-36f1-a3f7e08e04ab', '2025-06-07 19:34:09.000000', '2025-06-07 19:34:09.000000', b'1', '1971-06-29', 'ximena.aravena55@correo.cl', NULL, 'Ximena', 'Aravena', NULL, '201002092', 'Sepúlveda', 2, 'LOCAL', 'ACTIVE', '$2a$10$N9qo8uLOickgx2ZMRZoMyeIjZAgcfl7p92ldGxad68LnKqaXlbwCe'),
('f0e8bbd6-1425-373c-6303-5fc09e45d952', '2026-02-17 19:34:09.000000', '2026-02-17 19:34:09.000000', b'1', '1989-10-20', 'eduardo.contreras35@correo.cl', NULL, 'Eduardo', 'Contreras', NULL, '201004381', 'Palma', 2, 'LOCAL', 'ACTIVE', '$2a$10$N9qo8uLOickgx2ZMRZoMyeIjZAgcfl7p92ldGxad68LnKqaXlbwCe'),
('f2071b57-4863-3f33-8332-09f24ae5b178', '2025-11-24 19:34:09.000000', '2025-11-24 19:34:09.000000', b'1', '1983-03-10', 'hugo.aravena35@correo.cl', NULL, 'Hugo', 'Aravena', NULL, '201000358', 'Tapia', 2, 'LOCAL', 'ACTIVE', '$2a$10$N9qo8uLOickgx2ZMRZoMyeIjZAgcfl7p92ldGxad68LnKqaXlbwCe'),
('f2b21f33-00da-0c08-9b75-4431427ad2f0', '2024-07-02 19:34:09.000000', '2024-07-02 19:34:09.000000', b'1', '1972-07-09', 'rodrigo.torres89@correo.cl', NULL, 'Rodrigo', 'Torres', NULL, '201004170', 'Poblete', 2, 'LOCAL', 'ACTIVE', '$2a$10$N9qo8uLOickgx2ZMRZoMyeIjZAgcfl7p92ldGxad68LnKqaXlbwCe'),
('f43dc1ed-c1e0-1e0f-2a68-258ad1eaab74', '2024-11-29 19:34:09.000000', '2024-11-29 19:34:09.000000', b'1', '1982-08-06', 'marco.rubio71@correo.cl', NULL, 'Marco', 'Rubio', NULL, '201001070', 'Tapia', 2, 'LOCAL', 'ACTIVE', '$2a$10$N9qo8uLOickgx2ZMRZoMyeIjZAgcfl7p92ldGxad68LnKqaXlbwCe'),
('f4911d9d-f167-0a81-ac4c-e6dd9c958850', '2025-02-22 19:34:09.000000', '2025-02-22 19:34:09.000000', b'1', '1988-07-21', 'jaime.fuentes78@correo.cl', NULL, 'Jaime', 'Fuentes', NULL, '201000903', 'Cortés', 2, 'LOCAL', 'ACTIVE', '$2a$10$N9qo8uLOickgx2ZMRZoMyeIjZAgcfl7p92ldGxad68LnKqaXlbwCe'),
('f5452ad7-b6a0-d90e-c8c7-8ab745201b11', '2025-02-27 19:34:09.000000', '2025-02-27 19:34:09.000000', b'1', '1988-11-26', 'monica.acuna79@correo.cl', NULL, 'Mónica', 'Acuña', NULL, '201000892', 'Cortés', 2, 'LOCAL', 'ACTIVE', '$2a$10$N9qo8uLOickgx2ZMRZoMyeIjZAgcfl7p92ldGxad68LnKqaXlbwCe'),
('f57a80dd-d241-c2b9-eded-2dfc105bc9c5', '2026-01-03 19:34:09.000000', '2026-01-03 19:34:09.000000', b'1', '1986-03-18', 'matias.medina29@correo.cl', NULL, 'Matías', 'Medina', NULL, '201001670', 'Sandoval', 2, 'LOCAL', 'ACTIVE', '$2a$10$N9qo8uLOickgx2ZMRZoMyeIjZAgcfl7p92ldGxad68LnKqaXlbwCe'),
('f685819c-3495-de35-38e1-ce76f1a45026', '2024-12-04 19:34:09.000000', '2024-12-04 19:34:09.000000', b'1', '1982-12-12', 'tomas.henriquez41@correo.cl', NULL, 'Tomás', 'Henríquez', NULL, '201001069', 'Castro', 2, 'LOCAL', 'ACTIVE', '$2a$10$N9qo8uLOickgx2ZMRZoMyeIjZAgcfl7p92ldGxad68LnKqaXlbwCe'),
('f6a351d7-9971-0b51-d357-9680f9baf830', '2026-03-24 19:34:09.000000', '2026-03-24 19:34:09.000000', b'1', '1991-10-26', 'jorge.sepulveda17@correo.cl', NULL, 'Jorge', 'Sepúlveda', NULL, '201001514', 'Contreras', 2, 'LOCAL', 'ACTIVE', '$2a$10$N9qo8uLOickgx2ZMRZoMyeIjZAgcfl7p92ldGxad68LnKqaXlbwCe'),
('f716c7ba-debe-6549-266d-1fc928d0b487', '2026-03-29 19:34:09.000000', '2026-03-29 19:34:09.000000', b'1', '1991-12-13', 'mauricio.martinez11@correo.cl', NULL, 'Mauricio', 'Martínez', NULL, '201000103', 'Ramos', 2, 'LOCAL', 'ACTIVE', '$2a$10$N9qo8uLOickgx2ZMRZoMyeIjZAgcfl7p92ldGxad68LnKqaXlbwCe'),
('f7dc106d-6d74-3257-4df8-48eb6c0f6676', '2026-01-28 19:34:09.000000', '2026-01-28 19:34:09.000000', b'1', '1988-03-07', 'javier.inostroza52@correo.cl', NULL, 'Javier', 'Inostroza', NULL, '201003025', 'Vera', 2, 'LOCAL', 'ACTIVE', '$2a$10$N9qo8uLOickgx2ZMRZoMyeIjZAgcfl7p92ldGxad68LnKqaXlbwCe'),
('f8308d48-f766-4dd8-2a32-bbc96693a4c9', '2024-07-27 19:34:09.000000', '2024-07-27 19:34:09.000000', b'1', '1973-11-01', 'gonzalo.soto24@correo.cl', NULL, 'Gonzalo', 'Soto', NULL, '201001325', 'Vega', 2, 'LOCAL', 'ACTIVE', '$2a$10$N9qo8uLOickgx2ZMRZoMyeIjZAgcfl7p92ldGxad68LnKqaXlbwCe'),
('f8fcb80d-f560-0046-8cc9-c156a0e64e07', '2025-09-15 19:34:09.000000', '2025-09-15 19:34:09.000000', b'1', '1978-07-02', 'mauricio.fernandez9@correo.cl', NULL, 'Mauricio', 'Fernández', NULL, '201001892', 'Rubio', 2, 'LOCAL', 'ACTIVE', '$2a$10$N9qo8uLOickgx2ZMRZoMyeIjZAgcfl7p92ldGxad68LnKqaXlbwCe'),
('fb87fd12-2808-e4ec-0ac3-7c719ed43bdb', '2025-12-19 19:34:09.000000', '2025-12-19 19:34:09.000000', b'1', '1984-12-09', 'victor.espinoza59@correo.cl', NULL, 'Víctor', 'Espinoza', NULL, '201000303', 'Rojas', 2, 'LOCAL', 'ACTIVE', '$2a$10$N9qo8uLOickgx2ZMRZoMyeIjZAgcfl7p92ldGxad68LnKqaXlbwCe'),
('fbddc469-a683-1650-f665-69996b1b48a6', '2025-05-28 19:34:09.000000', '2025-05-28 19:34:09.000000', b'1', '1995-03-19', 'beatriz.valenzuela82@correo.cl', NULL, 'Beatriz', 'Valenzuela', NULL, '201000714', 'Henríquez', 2, 'LOCAL', 'ACTIVE', '$2a$10$N9qo8uLOickgx2ZMRZoMyeIjZAgcfl7p92ldGxad68LnKqaXlbwCe'),
('fc69bed0-6072-b695-3028-f7285576d740', '2025-09-05 19:34:09.000000', '2025-09-05 19:34:09.000000', b'1', '1977-07-31', 'daniela.contreras16@correo.cl', NULL, 'Daniela', 'Contreras', NULL, '201000514', 'Bravo', 2, 'LOCAL', 'ACTIVE', '$2a$10$N9qo8uLOickgx2ZMRZoMyeIjZAgcfl7p92ldGxad68LnKqaXlbwCe'),
('fe68068f-307a-381d-226e-100abbb0b166', '2025-10-25 19:34:09.000000', '2025-10-25 19:34:09.000000', b'1', '1981-07-10', 'paula.bravo82@correo.cl', NULL, 'Paula', 'Bravo', NULL, '201003214', 'Cabrera', 2, 'LOCAL', 'ACTIVE', '$2a$10$N9qo8uLOickgx2ZMRZoMyeIjZAgcfl7p92ldGxad68LnKqaXlbwCe'),
('fe8200b5-a6b7-4f8e-9d7d-4aab1b430f63', '2025-06-07 19:34:09.000000', '2025-06-07 19:34:09.000000', b'1', '1971-09-17', 'viviana.ramirez2@correo.cl', NULL, 'Viviana', 'Ramírez', NULL, '201003492', 'Jiménez', 2, 'LOCAL', 'ACTIVE', '$2a$10$N9qo8uLOickgx2ZMRZoMyeIjZAgcfl7p92ldGxad68LnKqaXlbwCe'),
('feb5369f-63fe-6f12-db9c-d76c4eaff588', '2025-05-28 19:34:09.000000', '2025-05-28 19:34:09.000000', b'1', '1971-03-25', 'yasna.olivares87@correo.cl', NULL, 'Yasna', 'Olivares', NULL, '201004914', 'Tapia', 2, 'LOCAL', 'ACTIVE', '$2a$10$N9qo8uLOickgx2ZMRZoMyeIjZAgcfl7p92ldGxad68LnKqaXlbwCe'),
('fef27dca-c5d1-fa55-89b8-29efc06d4c4a', '2024-12-24 19:34:09.000000', '2024-12-24 19:34:09.000000', b'1', '1984-10-14', 'daniel.gonzalez31@correo.cl', NULL, 'Daniel', 'González', NULL, '201003825', 'Leiva', 2, 'LOCAL', 'ACTIVE', '$2a$10$N9qo8uLOickgx2ZMRZoMyeIjZAgcfl7p92ldGxad68LnKqaXlbwCe'),
('ff575e5a-3139-0f12-8e3b-20aff9b77dd7', '2025-01-28 19:34:09.000000', '2025-01-28 19:34:09.000000', b'1', '1987-03-29', 'andrea.nunez88@correo.cl', NULL, 'Andrea', 'Núñez', NULL, '201003758', 'Martínez', 2, 'LOCAL', 'ACTIVE', '$2a$10$N9qo8uLOickgx2ZMRZoMyeIjZAgcfl7p92ldGxad68LnKqaXlbwCe'),
('ff9b8add-b7c7-acb5-fb53-ee4da3a0183f', '2025-04-03 19:34:09.000000', '2025-04-03 19:34:09.000000', b'1', '1991-05-11', 'rene.bustamante33@correo.cl', NULL, 'René', 'Bustamante', NULL, '201000825', 'López', 2, 'LOCAL', 'ACTIVE', '$2a$10$N9qo8uLOickgx2ZMRZoMyeIjZAgcfl7p92ldGxad68LnKqaXlbwCe'),
('ff9c69ae-e6e8-20ec-8c7f-e09ffd0a0044', '2025-12-29 19:34:09.000000', '2025-12-29 19:34:09.000000', b'1', '1986-01-29', 'francisco.cabrera73@correo.cl', NULL, 'Francisco', 'Cabrera', NULL, '201003081', 'Reyes', 2, 'LOCAL', 'ACTIVE', '$2a$10$N9qo8uLOickgx2ZMRZoMyeIjZAgcfl7p92ldGxad68LnKqaXlbwCe'),
('fff9a7ee-7163-b5db-2bb0-28ae5f351cfb', '2026-02-27 19:34:09.000000', '2026-02-27 19:34:09.000000', b'1', '1990-01-24', 'fernando.opazo64@correo.cl', NULL, 'Fernando', 'Opazo', NULL, '201001569', 'Sandoval', 2, 'LOCAL', 'ACTIVE', '$2a$10$N9qo8uLOickgx2ZMRZoMyeIjZAgcfl7p92ldGxad68LnKqaXlbwCe');

-- --------------------------------------------------------

--
-- Transactions: generadas dinámicamente usando estaciones reales del CNE sync.
-- Spring ejecuta esto en cada arranque; INSERT IGNORE + NOT EXISTS evita duplicados.
-- Si station está vacía (sin CNE sync aún), los inserts se omiten sin error.
--
INSERT IGNORE INTO `transaction` (
    `id`, `created_at`, `updated_at`, `discount_amount`, `final_amount`,
    `gross_amount`, `liters`, `notes`, `transaction_date`, `unit_price`,
    `card_product_id`, `discount_id`, `fuel_type_id`, `station_id`,
    `user_id`, `vehicle_id`, `deleted_at`
)
SELECT
    UUID(), tx_date, tx_date, discount,
    ROUND(liters * unit_price, 2) - discount,
    ROUND(liters * unit_price, 2),
    liters, NULL, tx_date, unit_price,
    NULL, NULL, fuel_type_id,
    (SELECT id FROM station ORDER BY RAND() LIMIT 1),
    user_id, vehicle_id, NULL
FROM (
    SELECT
        v.id AS vehicle_id, v.user_id, v.fuel_type_id,
        DATE_SUB(NOW(), INTERVAL (seq.n * 26 + FLOOR(RAND() * 10)) DAY) AS tx_date,
        20 + FLOOR(RAND() * 30) + ROUND(RAND(), 1) AS liters,
        CASE v.fuel_type_id
            WHEN 1 THEN 930  + FLOOR(RAND() * 80)
            WHEN 2 THEN 960  + FLOOR(RAND() * 80)
            WHEN 3 THEN 1040 + FLOOR(RAND() * 80)
            WHEN 4 THEN 820  + FLOOR(RAND() * 60)
            ELSE         950 + FLOOR(RAND() * 80)
        END AS unit_price,
        IF(RAND() > 0.4, 4900, 0) AS discount
    FROM vehicle v
    JOIN `user` u ON u.id = v.user_id
    CROSS JOIN (
        SELECT 0 AS n UNION ALL SELECT 1 UNION ALL SELECT 2
        UNION ALL SELECT 3 UNION ALL SELECT 4 UNION ALL SELECT 5
    ) seq
    WHERE u.role_id = 2
      AND NOT EXISTS (SELECT 1 FROM `transaction` t2 WHERE t2.vehicle_id = v.id)
      AND EXISTS     (SELECT 1 FROM station LIMIT 1)
) calc;


-- User selected discounts
INSERT IGNORE INTO `user_selected_discount` (`user_id`, `discount_id`) VALUES
('002fa753-4125-21b3-95d7-5030953007b9', 30),
('002fa753-4125-21b3-95d7-5030953007b9', 52),
('00a01307-c298-ef40-67d1-875b407912a0', 14),
('01b44f13-7442-acde-d7e5-f94b566f2597', 14),
('01b44f13-7442-acde-d7e5-f94b566f2597', 27),
('01b44f13-7442-acde-d7e5-f94b566f2597', 57),
('023d78c7-6bdf-4996-f4ad-a635ae05fb32', 14),
('028773ba-8de4-e7dd-6a36-e80aeacb1689', 20),
('028773ba-8de4-e7dd-6a36-e80aeacb1689', 32),
('028773ba-8de4-e7dd-6a36-e80aeacb1689', 44),
('02b59f53-5e75-c4ab-2a04-bde4c5e0b43e', 10),
('02b59f53-5e75-c4ab-2a04-bde4c5e0b43e', 15),
('02ea92b9-623c-6534-b5e1-47efc7173830', 21),
('035b6f83-72c6-2903-c001-af97a664cb44', 25),
('035b6f83-72c6-2903-c001-af97a664cb44', 35),
('038674ea-077a-4f94-9dba-6f38dcfc7f99', 38),
('038b2fd2-57cd-38ad-0e31-4ee650800e00', 20),
('03c3ce3b-2fab-a882-afd0-c4d6e49b4d2d', 40),
('047aa767-0392-c638-8109-878c29ba6ec1', 26),
('04b28ba5-373c-7a47-7a37-da133fd60691', 32),
('04b28ba5-373c-7a47-7a37-da133fd60691', 43),
('051131e0-c545-2acf-e9aa-262916722146', 52),
('06444d9e-2824-128c-d278-df45abc4c152', 35),
('06444d9e-2824-128c-d278-df45abc4c152', 56),
('06f57c0f-af32-e42e-0f32-68968e64e046', 33),
('087e0db8-24fd-aaa6-1e02-967705c847b3', 22),
('087e0db8-24fd-aaa6-1e02-967705c847b3', 52),
('0929171d-30e0-37f3-d8c4-0042dce780a4', 47),
('0add5050-d40e-6bd6-c654-03b90845bebb', 36),
('0add5050-d40e-6bd6-c654-03b90845bebb', 39),
('0c3a3c82-887f-fc1e-7c25-591aa521be6b', 21),
('0c747bc8-bced-24fe-de63-9bf725ca9e40', 40),
('0c747bc8-bced-24fe-de63-9bf725ca9e40', 43),
('0c8bfb94-cd78-a511-b552-19ed1b6b9bf7', 14),
('0c8bfb94-cd78-a511-b552-19ed1b6b9bf7', 27),
('0c99fa54-edd7-657b-e0d5-0e245f43d216', 25),
('0c99fa54-edd7-657b-e0d5-0e245f43d216', 35),
('0cefaeaf-753d-7694-bc4f-a316202914f6', 24),
('0cefaeaf-753d-7694-bc4f-a316202914f6', 59),
('0d1acad8-d8c8-4485-c61e-546517b24651', 10),
('0d885550-a6b3-8004-2501-52e8f97bb66e', 39),
('0daa9a05-a66a-3cfe-421d-fb3737030433', 32),
('0daa9a05-a66a-3cfe-421d-fb3737030433', 37),
('0e0a76e6-3f43-2a30-6ea9-566cae8ec353', 10),
('0e0a76e6-3f43-2a30-6ea9-566cae8ec353', 20),
('0e0a76e6-3f43-2a30-6ea9-566cae8ec353', 44),
('0e8aa778-84f5-43a7-9ad7-dc7481228f8d', 45),
('0e8aa778-84f5-43a7-9ad7-dc7481228f8d', 47),
('10c87ab1-8c33-28a2-9815-bef96d5052dc', 32),
('1120ca97-6964-af7e-f0a1-0d72f237ccd2', 10),
('1120ca97-6964-af7e-f0a1-0d72f237ccd2', 19),
('1120ca97-6964-af7e-f0a1-0d72f237ccd2', 35),
('115ff3d1-2ebd-1867-29cf-f800cb79f5c9', 15),
('11bf374e-b7ea-0dce-7753-d988c7da09a0', 11),
('1270ee2b-4d63-f977-b6e9-aa2692413983', 39),
('1270ee2b-4d63-f977-b6e9-aa2692413983', 59),
('129c0884-fd76-c01e-e618-85280422fe6f', 17),
('12d2f8ea-d180-f5d1-2663-23aa82fd984f', 13),
('12efc116-0db0-9163-ba37-ce4d45b2ce43', 17),
('12efc116-0db0-9163-ba37-ce4d45b2ce43', 24),
('12efc116-0db0-9163-ba37-ce4d45b2ce43', 47),
('135c6ab5-6808-5d15-5bec-160621923646', 21),
('135c6ab5-6808-5d15-5bec-160621923646', 26),
('135c6ab5-6808-5d15-5bec-160621923646', 33),
('13c4af76-c505-c7da-44f5-88fd8f233281', 17),
('13c4af76-c505-c7da-44f5-88fd8f233281', 24),
('13c4af76-c505-c7da-44f5-88fd8f233281', 47),
('14f460c9-0d82-a6a0-c9f1-55636e66db2d', 23),
('154773c5-3467-4d12-ce6f-8658d73f45b9', 32),
('154773c5-3467-4d12-ce6f-8658d73f45b9', 37),
('173deaba-175a-24d2-76c2-bb65efbe71c9', 51),
('173deaba-175a-24d2-76c2-bb65efbe71c9', 56),
('1752d369-58f7-4a45-c264-9ce049b3f376', 34),
('17ca6ff8-b04f-7a2a-0f7c-5f7dcfe14675', 32),
('17ca6ff8-b04f-7a2a-0f7c-5f7dcfe14675', 37),
('17ca6ff8-b04f-7a2a-0f7c-5f7dcfe14675', 45),
('17e9942c-4026-515d-c5f0-61550c073430', 59),
('187d92af-17fb-6d10-cd2e-09decb3ec703', 20),
('187d92af-17fb-6d10-cd2e-09decb3ec703', 44),
('193fdbec-5ebd-2485-23c4-84c1207c1f5b', 22),
('193fdbec-5ebd-2485-23c4-84c1207c1f5b', 52),
('1940acea-db4e-59eb-89ee-4cdcadd4c739', 34),
('1940acea-db4e-59eb-89ee-4cdcadd4c739', 44),
('1940acea-db4e-59eb-89ee-4cdcadd4c739', 51),
('19a203a2-f281-cb89-4572-3aad79ca8039', 21),
('19a203a2-f281-cb89-4572-3aad79ca8039', 33),
('19d6f029-4afc-5396-2ec4-e3b806dbc90c', 12),
('19d6f029-4afc-5396-2ec4-e3b806dbc90c', 15),
('19d6f029-4afc-5396-2ec4-e3b806dbc90c', 38),
('1b667f44-b867-2259-a743-130786bf93e0', 44),
('1d6181ef-7799-2964-94bc-9c05b22e0fda', 13),
('1d6181ef-7799-2964-94bc-9c05b22e0fda', 36),
('1d6181ef-7799-2964-94bc-9c05b22e0fda', 55),
('1d6e71a9-f2b2-555b-8099-939aee832e6d', 27),
('1d6e71a9-f2b2-555b-8099-939aee832e6d', 36),
('1d6e71a9-f2b2-555b-8099-939aee832e6d', 57),
('1d8dbdd5-bb03-30ee-b5bf-7911d9c587b0', 30),
('1d8dbdd5-bb03-30ee-b5bf-7911d9c587b0', 36),
('1d8dbdd5-bb03-30ee-b5bf-7911d9c587b0', 39),
('1de224f7-15cc-cf83-63f5-891f2da6ad96', 30),
('1dfe395d-522e-4972-0438-53a101869680', 12),
('1dfe395d-522e-4972-0438-53a101869680', 15),
('1dfe395d-522e-4972-0438-53a101869680', 38),
('1e0777dc-5d25-7793-6fa3-1f3b9c750395', 43),
('1e8bb7c7-db81-8716-2a95-b0d16292f924', 32),
('1e8bb7c7-db81-8716-2a95-b0d16292f924', 43),
('208388f8-732b-cfc7-f4f3-46275850ff4e', 34),
('208388f8-732b-cfc7-f4f3-46275850ff4e', 35),
('208388f8-732b-cfc7-f4f3-46275850ff4e', 56),
('2190c7fe-cb1d-568c-cda2-ae8bcb783e18', 30),
('2190c7fe-cb1d-568c-cda2-ae8bcb783e18', 52),
('21d15e44-9a13-d10e-c9fe-a09974029fb8', 16),
('222a6951-c662-f649-811e-f1b06194b072', 33),
('2285939e-bf9f-5502-8b68-68efe5e6b306', 19),
('22b2773a-47cb-a4b0-5b27-0977f5882230', 16),
('22b2773a-47cb-a4b0-5b27-0977f5882230', 40),
('22ea9259-2933-ce12-4f44-7c80e75585c5', 22),
('22ea9259-2933-ce12-4f44-7c80e75585c5', 52),
('23dfb56e-0212-eba0-5b17-cf55e101dd2d', 25),
('23dfb56e-0212-eba0-5b17-cf55e101dd2d', 33),
('23dfb56e-0212-eba0-5b17-cf55e101dd2d', 40),
('23e503d1-2a0e-105f-3838-b5fc92ba21ea', 12),
('23e503d1-2a0e-105f-3838-b5fc92ba21ea', 15),
('23e503d1-2a0e-105f-3838-b5fc92ba21ea', 38),
('2453bfde-0c8c-be00-5e4f-1d61a42d685b', 24),
('2453bfde-0c8c-be00-5e4f-1d61a42d685b', 59),
('249fdaf8-16ef-c887-4ecc-149b7e33e36b', 12),
('252eacdf-c4c2-6b0a-64c6-038d42515851', 52),
('257cd20c-2965-d09f-50ab-f4eb9b76b9e4', 35),
('2672db71-80ee-da87-4645-2736b1df3f45', 33),
('271a9f15-ac9c-3fbb-9ea2-37b083d0e1a5', 32),
('276f7bf2-1cb1-0b4c-2525-ba83ad351b5e', 11),
('2810cf8c-7eee-3a96-9ea0-1fde100987bc', 30),
('2810cf8c-7eee-3a96-9ea0-1fde100987bc', 52),
('281f34ce-6056-7ba3-79e2-70ebcd658453', 26),
('283292c3-9cb9-352b-3e26-2eb8b0393137', 24),
('288b0485-0bd5-058c-7ee7-5a2cb76df780', 52),
('28ec7fc3-88d1-14e5-ee93-a688b9479202', 15),
('28ec7fc3-88d1-14e5-ee93-a688b9479202', 57),
('2a229009-ee48-1d16-28d9-5a60ef9282cc', 27),
('2a229009-ee48-1d16-28d9-5a60ef9282cc', 37),
('2b1cc8e3-40bc-dff5-ffd9-e794da31aa05', 24),
('2b1cc8e3-40bc-dff5-ffd9-e794da31aa05', 47),
('2b2909f8-3d6c-ba25-79f8-2591b5891c72', 19),
('2b2909f8-3d6c-ba25-79f8-2591b5891c72', 39),
('2b2909f8-3d6c-ba25-79f8-2591b5891c72', 59),
('2c2e7381-4d4c-e7fb-c38e-fddc6127d03b', 11),
('2c2e7381-4d4c-e7fb-c38e-fddc6127d03b', 18),
('2c2e7381-4d4c-e7fb-c38e-fddc6127d03b', 55),
('2c2e7a50-c498-ea62-d418-399d5affd4b2', 18),
('2c2e7a50-c498-ea62-d418-399d5affd4b2', 19),
('2c5003b5-28de-eaa1-fdc4-8463ff7f2ec0', 45),
('2c75daa1-a3fa-4439-920f-88cec8896879', 47),
('2cc30ebd-8f51-31d5-62cc-98c1753caf63', 22),
('2cc30ebd-8f51-31d5-62cc-98c1753caf63', 39),
('2cc30ebd-8f51-31d5-62cc-98c1753caf63', 52),
('2d25f20b-cdd2-d7b1-9a3d-31ce7039c292', 35),
('2ea000d1-b8a2-1887-3cdf-3ff42dea6869', 17),
('2ea000d1-b8a2-1887-3cdf-3ff42dea6869', 24),
('2ea000d1-b8a2-1887-3cdf-3ff42dea6869', 47),
('2eadc7ab-7fe2-8163-9167-5cf834b61bb9', 11),
('2eadc7ab-7fe2-8163-9167-5cf834b61bb9', 55),
('2eb9ef2d-2df7-f32a-9e8d-3b0afaa8d6d1', 10),
('2eb9ef2d-2df7-f32a-9e8d-3b0afaa8d6d1', 19),
('2eb9ef2d-2df7-f32a-9e8d-3b0afaa8d6d1', 35),
('2ec6c23b-e214-9fbb-4599-bbb757aa2fe5', 11),
('2ec6c23b-e214-9fbb-4599-bbb757aa2fe5', 45),
('2ec6c23b-e214-9fbb-4599-bbb757aa2fe5', 56),
('2ee51931-5f70-5072-bd6a-8bec6ebd643d', 18),
('2ee51931-5f70-5072-bd6a-8bec6ebd643d', 19),
('2ee51931-5f70-5072-bd6a-8bec6ebd643d', 38),
('2f1487e5-bf55-89dc-f842-4f19eb4d04cf', 30),
('2f5ee4ba-9593-1c00-621b-d5f0d3221123', 18),
('2f5ee4ba-9593-1c00-621b-d5f0d3221123', 19),
('2f5ee4ba-9593-1c00-621b-d5f0d3221123', 38),
('3014af6f-5b68-a4ef-ccab-ed5ee5de986e', 16),
('3072409f-8172-f0d7-4578-9cd75a945a6a', 30),
('3072409f-8172-f0d7-4578-9cd75a945a6a', 36),
('3072409f-8172-f0d7-4578-9cd75a945a6a', 39),
('307d9f46-917e-2044-5928-97a305c05e06', 14),
('307d9f46-917e-2044-5928-97a305c05e06', 17),
('307d9f46-917e-2044-5928-97a305c05e06', 59),
('316b1e57-7e00-45e9-c16a-32e2a09f59ab', 27),
('3293476b-342b-2b97-b2e4-b5d6cf53ff06', 25),
('3293476b-342b-2b97-b2e4-b5d6cf53ff06', 33),
('32fe584f-36a2-e3bd-07b1-59f15c68b49f', 18),
('3311746a-1af8-9f32-7e6a-be4e4ea40b3b', 14),
('331efa72-beb5-3dc3-3976-32bce4869f9e', 19),
('331efa72-beb5-3dc3-3976-32bce4869f9e', 39),
('331efa72-beb5-3dc3-3976-32bce4869f9e', 59),
('33863809-30a8-237e-b330-4699369edb35', 38),
('355b02b0-d7a6-6c3f-2897-ba6086faba87', 11),
('355b02b0-d7a6-6c3f-2897-ba6086faba87', 18),
('355b02b0-d7a6-6c3f-2897-ba6086faba87', 55),
('36a60f83-d0c6-297f-0abc-9f36c0f91cc1', 13),
('36a60f83-d0c6-297f-0abc-9f36c0f91cc1', 32),
('36a60f83-d0c6-297f-0abc-9f36c0f91cc1', 43),
('3818a058-cdc3-f9e3-7529-3e1ba9843b82', 57),
('3873aecb-8da8-f35e-846c-59d3128d7261', 18),
('3873aecb-8da8-f35e-846c-59d3128d7261', 19),
('3873aecb-8da8-f35e-846c-59d3128d7261', 38),
('38bbcaa2-4b94-cee9-a048-0e5ddefdc403', 20),
('38bbcaa2-4b94-cee9-a048-0e5ddefdc403', 32),
('38bbcaa2-4b94-cee9-a048-0e5ddefdc403', 44),
('3995c124-548e-1b1d-ef82-9fbf3a6c446e', 21),
('3995c124-548e-1b1d-ef82-9fbf3a6c446e', 22),
('3995c124-548e-1b1d-ef82-9fbf3a6c446e', 23),
('39e3708f-4ee6-2488-5354-3c74f0c4fc3e', 52),
('3a0b476a-e316-b4dc-c73e-1e44288f762e', 34),
('3a0b476a-e316-b4dc-c73e-1e44288f762e', 35),
('3a0b476a-e316-b4dc-c73e-1e44288f762e', 56),
('3a89f345-57e4-9bbc-a708-165d3a3c733e', 23),
('3b130c84-66ce-42d8-43e6-d01579836d5c', 17),
('3b130c84-66ce-42d8-43e6-d01579836d5c', 30),
('3b130c84-66ce-42d8-43e6-d01579836d5c', 43),
('3b16bc5e-7235-6dfa-8780-532286f9a120', 24),
('3b366709-a55b-276b-9153-5b4ffb2685a2', 16),
('3b366709-a55b-276b-9153-5b4ffb2685a2', 40),
('3b366709-a55b-276b-9153-5b4ffb2685a2', 47),
('3b46661a-58be-7a49-a911-b4c48627ecb7', 56),
('3bb98727-e4e8-b351-2e08-4d3c017c58b7', 16),
('3bb98727-e4e8-b351-2e08-4d3c017c58b7', 40),
('3bb98727-e4e8-b351-2e08-4d3c017c58b7', 43),
('3bf9ceed-d104-fa3c-2147-ac89f3c9f85c', 56),
('3c205c07-f4e1-0ae7-98fd-456708ae79ea', 11),
('3c205c07-f4e1-0ae7-98fd-456708ae79ea', 23),
('3c205c07-f4e1-0ae7-98fd-456708ae79ea', 26),
('3c803b14-fff1-cc9b-28f3-2f1d21ef92a5', 40),
('3cfedfc2-3b58-b9c1-a6a8-f4b7c0bd18a8', 32),
('3cfedfc2-3b58-b9c1-a6a8-f4b7c0bd18a8', 37),
('3d3627fa-b5ef-356f-3810-0b8232b67d24', 14),
('3d3627fa-b5ef-356f-3810-0b8232b67d24', 25),
('3d3627fa-b5ef-356f-3810-0b8232b67d24', 35),
('3d47202d-a68a-6cfc-c8e3-d742d04b6326', 43),
('3e2168a2-6d97-3764-a307-e94f904add85', 17),
('3e943bb4-0ef5-0be2-a119-57959fbdb034', 25),
('3e943bb4-0ef5-0be2-a119-57959fbdb034', 35),
('3e97f88a-074b-2fa7-1078-7ee1a5ddb493', 11),
('3e97f88a-074b-2fa7-1078-7ee1a5ddb493', 45),
('3ecc6aba-5afd-c8c2-c25d-dde0a0b9debe', 38),
('3f0f3898-13b2-cab1-765b-8516964cd34a', 23),
('3f0f3898-13b2-cab1-765b-8516964cd34a', 26),
('3f4c1917-ddc9-7a6b-7924-077781ea8178', 18),
('3f4c1917-ddc9-7a6b-7924-077781ea8178', 22),
('3f4c1917-ddc9-7a6b-7924-077781ea8178', 38),
('3f9a0890-f96a-51d3-6f93-c279684f21b6', 12),
('3f9a0890-f96a-51d3-6f93-c279684f21b6', 23),
('4050a012-5d99-a1d0-fdc3-d2a67ac67f3f', 11),
('4050a012-5d99-a1d0-fdc3-d2a67ac67f3f', 23),
('4050a012-5d99-a1d0-fdc3-d2a67ac67f3f', 26),
('40ad70b6-2f43-f7c2-0109-c910075e38ce', 10),
('40ad70b6-2f43-f7c2-0109-c910075e38ce', 15),
('41773e10-c2ee-877b-9369-a685ebb7b3f6', 11),
('41773e10-c2ee-877b-9369-a685ebb7b3f6', 45),
('41773e10-c2ee-877b-9369-a685ebb7b3f6', 56),
('41937bb8-8fc1-71a2-b8f4-a9618d58ea2c', 36),
('41937bb8-8fc1-71a2-b8f4-a9618d58ea2c', 39),
('423434fa-db7c-3a11-6c0c-4d1fedb63293', 16),
('423434fa-db7c-3a11-6c0c-4d1fedb63293', 40),
('423434fa-db7c-3a11-6c0c-4d1fedb63293', 43),
('42ae7dd3-7bbb-9313-b766-0f9d7d3696dd', 40),
('42ae7dd3-7bbb-9313-b766-0f9d7d3696dd', 43),
('42ba782d-424d-323f-ed66-1da5faf6872c', 26),
('43326b86-5231-8785-f8f8-1e2080d970aa', 15),
('43326b86-5231-8785-f8f8-1e2080d970aa', 57),
('434de3f7-345e-c57c-1c67-e8cb3bb24854', 13),
('434de3f7-345e-c57c-1c67-e8cb3bb24854', 55),
('437223b0-4669-ec51-9c3d-0fee29e03d6a', 12),
('437223b0-4669-ec51-9c3d-0fee29e03d6a', 23),
('455833a6-b1af-9b59-6ab9-64da6e537364', 34),
('45608b23-20dd-e755-1637-d1606c6751e2', 59),
('4563b269-ace7-0c63-f0df-54c1193b8b15', 11),
('4563b269-ace7-0c63-f0df-54c1193b8b15', 45),
('45f0b340-30b2-6f8e-276a-b1bced1c2b76', 18),
('45f0b340-30b2-6f8e-276a-b1bced1c2b76', 19),
('45f0b340-30b2-6f8e-276a-b1bced1c2b76', 38),
('462fed72-0f34-fdcb-365f-d1344d7f9776', 20),
('462fed72-0f34-fdcb-365f-d1344d7f9776', 44),
('466e5a7e-fe83-4c7c-5f6a-5464024f313a', 21),
('4776464d-f48c-58ba-735f-3e7204c66170', 22),
('47fa21f9-2098-b058-7457-424bb85e9fd9', 20),
('47fa21f9-2098-b058-7457-424bb85e9fd9', 44),
('4869916a-ddbf-e34a-08ba-97c09cdfc45d', 10),
('49e8945b-e5cb-baaf-441e-77b84cb39a71', 25),
('49e8945b-e5cb-baaf-441e-77b84cb39a71', 35),
('4a4d3b20-07f0-2bf0-edf9-a0bcd8e255e7', 18),
('4af6d1c9-dded-3783-e788-588acda8ca26', 57),
('4b10a2d0-d0f5-e2c7-44d7-064262eeed53', 22),
('4b141ba9-b705-8ace-807c-a19c67e60958', 21),
('4b141ba9-b705-8ace-807c-a19c67e60958', 22),
('4b1fb7e7-89ab-c21e-5018-27fe68761f60', 32),
('4b534841-79ec-9086-c75c-3f6085e4b686', 18),
('4b534841-79ec-9086-c75c-3f6085e4b686', 19),
('4b534841-79ec-9086-c75c-3f6085e4b686', 38),
('4be7d916-74a9-c467-01d8-aa07b0c78a0d', 17),
('4be7d916-74a9-c467-01d8-aa07b0c78a0d', 30),
('4be7d916-74a9-c467-01d8-aa07b0c78a0d', 43),
('4c30f20f-7cd5-866f-b13e-5c08e782ef78', 23),
('4c30f20f-7cd5-866f-b13e-5c08e782ef78', 26),
('4d91f9be-850a-0c2f-5790-4384a75cb51d', 21),
('4d91f9be-850a-0c2f-5790-4384a75cb51d', 33),
('4e2cc3db-04c4-d722-a394-28dcff9d81e7', 23),
('4e2cc3db-04c4-d722-a394-28dcff9d81e7', 26),
('4e79f33d-cba1-64a4-e0f1-05c081b96da2', 21),
('4e79f33d-cba1-64a4-e0f1-05c081b96da2', 22),
('4e79f33d-cba1-64a4-e0f1-05c081b96da2', 23),
('4eafcdeb-5753-ccfa-f538-b59cff911a9a', 19),
('4f494cc0-ee45-bf5a-fb7b-29f4c6082f80', 13),
('4f494cc0-ee45-bf5a-fb7b-29f4c6082f80', 26),
('4f977e69-86ca-c4ff-e3ba-aed744c368b4', 16),
('4f977e69-86ca-c4ff-e3ba-aed744c368b4', 34),
('4f977e69-86ca-c4ff-e3ba-aed744c368b4', 37),
('505017ed-8148-1e68-c03f-b9cc133042b0', 55),
('507e4c3e-16bf-df3b-213e-9988e71dec21', 51),
('50cab1c9-ffea-5c26-3b07-47e8939047c1', 13),
('50cab1c9-ffea-5c26-3b07-47e8939047c1', 36),
('50cab1c9-ffea-5c26-3b07-47e8939047c1', 55),
('52414f1a-f733-2183-1829-0a2ac27dbb3a', 15),
('52477cf2-1704-30e9-b219-940109ab6ca5', 15),
('52477cf2-1704-30e9-b219-940109ab6ca5', 57),
('53eb9658-cb47-1155-cfd1-5d42b6c96a20', 37),
('553e9949-7181-de43-7753-f9a7961faa7e', 16),
('553e9949-7181-de43-7753-f9a7961faa7e', 34),
('56640644-5ea2-69c9-cf82-d1921d1dfa52', 11),
('56640644-5ea2-69c9-cf82-d1921d1dfa52', 23),
('56640644-5ea2-69c9-cf82-d1921d1dfa52', 26),
('569bd209-20a8-68c3-fe59-2e3dc3d455ad', 11),
('569bd209-20a8-68c3-fe59-2e3dc3d455ad', 55),
('5750d9e6-7766-5853-f4ce-8e66a7d002d3', 36),
('5750d9e6-7766-5853-f4ce-8e66a7d002d3', 57),
('578e7374-e6b3-d35c-08a4-6bc6473d248e', 13),
('578e7374-e6b3-d35c-08a4-6bc6473d248e', 26),
('579f93db-5d2a-cf9c-fbf3-f5c8375cf58d', 57),
('584352e8-d62a-db86-bd97-c4b7d79f2a57', 33),
('584352e8-d62a-db86-bd97-c4b7d79f2a57', 51),
('584352e8-d62a-db86-bd97-c4b7d79f2a57', 56),
('59658342-6b65-9089-e455-57791c091095', 45),
('59658342-6b65-9089-e455-57791c091095', 47),
('59ed48c6-d3ee-ab18-238e-cc0585e6c05e', 18),
('59ed48c6-d3ee-ab18-238e-cc0585e6c05e', 38),
('5a5589b9-b13f-97cb-e83c-858934bfe8b8', 17),
('5a5589b9-b13f-97cb-e83c-858934bfe8b8', 30),
('5ab6f74c-c765-6d0f-c913-c95d837a19e2', 10),
('5c547181-8229-1bff-ec92-b3ef588e051d', 10),
('5cd5e5dc-818b-c8bd-d043-8c048e84aadb', 10),
('5cd5e5dc-818b-c8bd-d043-8c048e84aadb', 19),
('5dc16d3e-fe71-9862-3942-2fe08b90cc8d', 23),
('5df11b56-a45e-b6ed-afe1-9362e9903783', 24),
('5e42ce79-fc06-cf0d-803a-eda4d9b2d8c1', 17),
('5e42ce79-fc06-cf0d-803a-eda4d9b2d8c1', 30),
('5e54c1bb-3fee-2804-fbcd-ff385969c003', 27),
('5f64db14-1752-e726-6ee4-a12b2be86b5c', 19),
('5f64db14-1752-e726-6ee4-a12b2be86b5c', 39),
('5f64db14-1752-e726-6ee4-a12b2be86b5c', 59),
('6057b4da-d43c-1fd3-e28a-5e96777c286f', 10),
('6057b4da-d43c-1fd3-e28a-5e96777c286f', 15),
('60c5d1ea-9963-8ba7-5537-61af5a6d1913', 39),
('614c128c-ff20-10ee-a7a4-7e15708fb50e', 14),
('614c128c-ff20-10ee-a7a4-7e15708fb50e', 27),
('636ae55f-3102-3311-1f45-308752c7e04e', 27),
('636b2069-1e2b-b2b5-d208-d3ecc9f09ddf', 45),
('63ceb778-5aad-a8c0-b6ff-2fc1f78f32aa', 30),
('64808521-cf35-805c-aa2e-a0591f6901a3', 16),
('648d28c6-1674-9c3d-8773-4368accef4ec', 11),
('648d28c6-1674-9c3d-8773-4368accef4ec', 23),
('648d28c6-1674-9c3d-8773-4368accef4ec', 26),
('6542d2de-d392-0907-3b18-a1951dbb5c8a', 12),
('6542d2de-d392-0907-3b18-a1951dbb5c8a', 15),
('6542d2de-d392-0907-3b18-a1951dbb5c8a', 38),
('6567c2ad-415f-3d32-49b6-23712958072e', 16),
('6567c2ad-415f-3d32-49b6-23712958072e', 34),
('6567c2ad-415f-3d32-49b6-23712958072e', 37),
('664d8f48-7497-372c-ffcf-1dfd3eb75891', 19),
('66913090-f1cd-5b63-ce8e-fcdd17e67387', 13),
('66913090-f1cd-5b63-ce8e-fcdd17e67387', 36),
('66913090-f1cd-5b63-ce8e-fcdd17e67387', 55),
('6762685e-3929-7405-8c35-af96cdf03dfe', 40),
('687b9603-0438-30c2-c15b-126525782d72', 10),
('687b9603-0438-30c2-c15b-126525782d72', 15),
('687b9603-0438-30c2-c15b-126525782d72', 21),
('69c40dde-83de-55ac-8af7-969179eda9cc', 17),
('69c40dde-83de-55ac-8af7-969179eda9cc', 30),
('6a479b3f-3cce-e7ad-e2a1-2b0495d6bb12', 10),
('6a479b3f-3cce-e7ad-e2a1-2b0495d6bb12', 15),
('6a479b3f-3cce-e7ad-e2a1-2b0495d6bb12', 21),
('6a62ebff-8355-7975-bd34-9f02c58c63d4', 18),
('6af2568d-297a-dfd4-ddd6-fe77b6b8be6d', 18),
('6af2568d-297a-dfd4-ddd6-fe77b6b8be6d', 22),
('6af2568d-297a-dfd4-ddd6-fe77b6b8be6d', 38),
('6b6c8743-9142-5238-7747-ea4bbf642174', 14),
('6b6c8743-9142-5238-7747-ea4bbf642174', 27),
('6b921f52-5c99-9967-c8fe-d1e349110f2d', 21),
('6b921f52-5c99-9967-c8fe-d1e349110f2d', 22),
('6bc8fdd4-7ae9-916e-36e0-56bc91f0199e', 17),
('6bf323d9-cdf6-6f14-89b4-97b837e53dd2', 14),
('6bf323d9-cdf6-6f14-89b4-97b837e53dd2', 17),
('6c674176-5097-c95b-1765-4ba04139a562', 16),
('6c674176-5097-c95b-1765-4ba04139a562', 34),
('6c711020-15df-b212-1620-15f5c8b2c1f5', 45),
('6cb70079-e3de-7bfc-6a36-469edb8e18b0', 12),
('6cb70079-e3de-7bfc-6a36-469edb8e18b0', 23),
('6d1f4c63-e64c-e882-b26e-aae2cf51f7cc', 10),
('6e485c1b-18e0-1939-2bfa-01fe7f9f2fbe', 34),
('6ebf10df-c0ec-3676-f9b0-58371eafc71c', 43),
('6f919dc0-0652-bd84-d9f7-516404fd53ca', 52),
('6fdcefbc-0513-7b6c-e8c2-7a50c075e534', 34),
('6fdcefbc-0513-7b6c-e8c2-7a50c075e534', 35),
('6fdcefbc-0513-7b6c-e8c2-7a50c075e534', 56),
('71211588-0183-bdc0-21ad-05a3debf019a', 13),
('71211588-0183-bdc0-21ad-05a3debf019a', 36),
('71211588-0183-bdc0-21ad-05a3debf019a', 55),
('714f2c90-5819-815d-5ac7-71c29832ace9', 21),
('714f2c90-5819-815d-5ac7-71c29832ace9', 33),
('71503a7f-62f9-39ab-dd16-9831a055812a', 11),
('71dc4201-ad74-2661-8432-ae3d412c24e3', 18),
('71dc4201-ad74-2661-8432-ae3d412c24e3', 38),
('735e59b6-b2ac-28af-c738-f387acfaa942', 45),
('735e59b6-b2ac-28af-c738-f387acfaa942', 47),
('738fbb00-1ccc-4739-4b16-f97e5460f96a', 56),
('73d66419-1862-9837-ffba-3bdb78c28a51', 25),
('73d66419-1862-9837-ffba-3bdb78c28a51', 27),
('73d66419-1862-9837-ffba-3bdb78c28a51', 37),
('73d7725f-4cbd-9de2-f478-5b19652ed23f', 12),
('73d7725f-4cbd-9de2-f478-5b19652ed23f', 13),
('73d7725f-4cbd-9de2-f478-5b19652ed23f', 26),
('7498db15-08a7-b04c-3d15-56d784196d39', 33),
('7498db15-08a7-b04c-3d15-56d784196d39', 51),
('7498db15-08a7-b04c-3d15-56d784196d39', 56),
('74fcb6cf-daae-bc50-ed1a-1067a0e8fa50', 55),
('7507b7b6-2636-3145-ab94-6e80d35191cc', 25),
('7507b7b6-2636-3145-ab94-6e80d35191cc', 33),
('7550d79c-0d2e-c696-8cdf-3bec36ffcceb', 13),
('7550d79c-0d2e-c696-8cdf-3bec36ffcceb', 32),
('7550d79c-0d2e-c696-8cdf-3bec36ffcceb', 43),
('755c7001-3fec-35ad-7d88-6e2aac5477ab', 36),
('76fad5e4-8a28-d939-70d4-845cb08b74f2', 13),
('76fad5e4-8a28-d939-70d4-845cb08b74f2', 36),
('76fad5e4-8a28-d939-70d4-845cb08b74f2', 55),
('77c49bff-31a0-644b-815b-7e4466772c1c', 19),
('781839af-3a32-a828-9a8c-6499982913ae', 21),
('781839af-3a32-a828-9a8c-6499982913ae', 33),
('7819b470-5369-b75b-4e88-68ae40180c34', 25),
('7819b470-5369-b75b-4e88-68ae40180c34', 27),
('7819b470-5369-b75b-4e88-68ae40180c34', 37),
('7884a321-e133-88c9-499f-3e291d91838a', 14),
('7884a321-e133-88c9-499f-3e291d91838a', 25),
('7884a321-e133-88c9-499f-3e291d91838a', 35),
('78a55d14-05f6-a18d-f0f5-dd4de1170cd0', 35),
('78a55d14-05f6-a18d-f0f5-dd4de1170cd0', 56),
('78cbe8ac-5bb1-dfad-200e-867cee37827e', 10),
('78cbe8ac-5bb1-dfad-200e-867cee37827e', 19),
('79129a61-5efa-f841-1c41-0bc43537fbb6', 39),
('79129a61-5efa-f841-1c41-0bc43537fbb6', 59),
('79751825-8996-0632-dc42-19a76a8cbc0e', 45),
('79751825-8996-0632-dc42-19a76a8cbc0e', 47),
('79751825-8996-0632-dc42-19a76a8cbc0e', 51),
('79a51bd8-183a-cb2a-eaf5-ad723c2e12aa', 14),
('79a51bd8-183a-cb2a-eaf5-ad723c2e12aa', 27),
('79a7bee3-9c3e-3979-a727-cd35320fa0ae', 20),
('79a7bee3-9c3e-3979-a727-cd35320fa0ae', 44),
('7a07f966-5465-5fbc-2fd0-4de92011b625', 35),
('7a718bda-6c6b-4f2f-d6a5-01d61118f85b', 21),
('7a718bda-6c6b-4f2f-d6a5-01d61118f85b', 33),
('7b58454e-da31-56df-4a2f-c7e5d3db67e3', 30),
('7b58454e-da31-56df-4a2f-c7e5d3db67e3', 52),
('7b8b4dea-bcdd-1b4c-04f0-0d5674ac56df', 22),
('7b8b4dea-bcdd-1b4c-04f0-0d5674ac56df', 52),
('7be08716-348a-519a-f163-789e03906d92', 12),
('7c2f0246-7b24-be89-c063-d42b70212e2d', 11),
('7c2f0246-7b24-be89-c063-d42b70212e2d', 18),
('7c2f0246-7b24-be89-c063-d42b70212e2d', 55),
('7c8ea6f2-da6d-5025-117f-d07e09e8058d', 12),
('7c8ea6f2-da6d-5025-117f-d07e09e8058d', 38),
('7d61597e-a643-3fa8-a4f2-e71d691e7c88', 16),
('7da83196-6a39-bc99-c364-673742875e2d', 11),
('7da83196-6a39-bc99-c364-673742875e2d', 55),
('7de4b4da-4e39-24ce-40ca-98ee7ab9b30f', 19),
('7de4b4da-4e39-24ce-40ca-98ee7ab9b30f', 39),
('7de4b4da-4e39-24ce-40ca-98ee7ab9b30f', 59),
('7eb33b68-fd75-153c-f075-32f69851b61e', 35),
('7eb33b68-fd75-153c-f075-32f69851b61e', 56),
('7ee45a7c-8ccf-68cd-60c0-5e486bd31e9b', 52),
('806cd7a6-d5ad-0f09-6deb-60a925b33b80', 22),
('806cd7a6-d5ad-0f09-6deb-60a925b33b80', 39),
('806cd7a6-d5ad-0f09-6deb-60a925b33b80', 52),
('8107c0b2-ecc5-7513-0d5c-60469c2fe843', 36),
('8107c0b2-ecc5-7513-0d5c-60469c2fe843', 39),
('814b4b5f-74d9-cf42-1f6d-c635c513fec5', 34),
('814b4b5f-74d9-cf42-1f6d-c635c513fec5', 51),
('814b56c6-37cc-7a54-2e84-02643a396882', 10),
('814b56c6-37cc-7a54-2e84-02643a396882', 19),
('81ffd6c9-7fd6-3792-be04-3b2aab283220', 15),
('82226314-a22b-d258-67a4-1f7cbcaaff93', 14),
('82226314-a22b-d258-67a4-1f7cbcaaff93', 17),
('823757fc-bcb1-1982-3a02-9d8eac87738a', 12),
('823757fc-bcb1-1982-3a02-9d8eac87738a', 38),
('82ceee14-c5a4-5201-da6d-5e14605118c1', 35),
('82f20adf-27e7-0742-b69f-1a971fa3c805', 19),
('8367a209-7e89-0b85-66bd-6ebedab1e93e', 18),
('8367a209-7e89-0b85-66bd-6ebedab1e93e', 38),
('8372052c-6ee5-7c5f-7356-a1b39a9b01dd', 30),
('8372052c-6ee5-7c5f-7356-a1b39a9b01dd', 52),
('85e60d25-4a69-c200-6376-c5702a5284c9', 25),
('87383f75-0b32-78b1-c2ef-3c1122f3e935', 13),
('88aaecfa-c7b6-0bd7-f285-7bd9f7b7b1b1', 16),
('88aaecfa-c7b6-0bd7-f285-7bd9f7b7b1b1', 40),
('88aaecfa-c7b6-0bd7-f285-7bd9f7b7b1b1', 47),
('88f0c303-1214-68ed-c282-54ceb1bb2e66', 40),
('88f0c303-1214-68ed-c282-54ceb1bb2e66', 43),
('88fa5880-a18f-e60c-1944-cbca1beda10a', 22),
('89a4a8ef-e594-d576-2dd8-f9f9bfc04bdd', 36),
('89a4a8ef-e594-d576-2dd8-f9f9bfc04bdd', 39),
('89af0d90-afcb-4028-d5ef-131fbd76671a', 15),
('89b9f6db-e2ef-9fdb-fb0f-ce580212a59a', 20),
('89b9f6db-e2ef-9fdb-fb0f-ce580212a59a', 32),
('89b9f6db-e2ef-9fdb-fb0f-ce580212a59a', 44),
('8a3a7618-943b-81d1-e455-4e0c7c2df4d3', 23),
('8adc97f4-3ae0-893f-620a-2e2d5501d933', 36),
('8b6f1f91-a390-9879-73d3-d11288f1f6bd', 12),
('8b6f1f91-a390-9879-73d3-d11288f1f6bd', 20),
('8b6f1f91-a390-9879-73d3-d11288f1f6bd', 23),
('8be03782-f942-cd6f-e136-df529ac60d08', 25),
('8be03782-f942-cd6f-e136-df529ac60d08', 33),
('8be03782-f942-cd6f-e136-df529ac60d08', 40),
('8c4e259e-b30e-b983-bc32-1cdb3e244782', 20),
('8c4e259e-b30e-b983-bc32-1cdb3e244782', 44),
('8cdc2aef-3c58-1167-a332-81e8a596c738', 24),
('8cdc2aef-3c58-1167-a332-81e8a596c738', 59),
('8d22a2f2-f699-c165-a4df-09fd349079fa', 21),
('8d22a2f2-f699-c165-a4df-09fd349079fa', 26),
('8d22a2f2-f699-c165-a4df-09fd349079fa', 33),
('8d2f928b-5a17-0537-3e3b-8992e2f68fde', 24),
('8d853555-72b2-fe97-0450-26785c4f22b2', 17),
('8d8fc999-cc65-0f7b-42b9-4a7036e3d680', 27),
('8d8fc999-cc65-0f7b-42b9-4a7036e3d680', 37),
('8eff85e2-ed6b-188f-ff3f-1d50e9647a4a', 17),
('8f6d6baf-a4fa-8128-7c96-a32bcacee686', 55),
('90d875d1-5cb2-8783-2dc1-65cc0207fe05', 34),
('90d875d1-5cb2-8783-2dc1-65cc0207fe05', 44),
('90d875d1-5cb2-8783-2dc1-65cc0207fe05', 51),
('90db9772-4877-4194-7eb6-b908f4865e8b', 45),
('90db9772-4877-4194-7eb6-b908f4865e8b', 47),
('9259743e-b25f-a3ab-9a4b-9cc11eb84be4', 34),
('9259743e-b25f-a3ab-9a4b-9cc11eb84be4', 35),
('9259743e-b25f-a3ab-9a4b-9cc11eb84be4', 56),
('93091e64-7904-573a-e0b0-1dcfb8c10681', 51),
('93091e64-7904-573a-e0b0-1dcfb8c10681', 56),
('936c1bc6-87fc-df6a-4ddf-2adc24c1006c', 34),
('93a76598-a096-a847-4539-5a5beab4f796', 10),
('93a76598-a096-a847-4539-5a5beab4f796', 19),
('93a76598-a096-a847-4539-5a5beab4f796', 35),
('93f6a94e-59c6-13b7-688b-7f39140f10de', 17),
('93f6a94e-59c6-13b7-688b-7f39140f10de', 24),
('93f6a94e-59c6-13b7-688b-7f39140f10de', 47),
('94214bcc-b90c-008d-eeff-3c3089db1b85', 38),
('943e145e-43fc-8bad-3701-05b2b16c3758', 27),
('943e145e-43fc-8bad-3701-05b2b16c3758', 36),
('943e145e-43fc-8bad-3701-05b2b16c3758', 57),
('955d9ff1-5ef7-06c0-c6d7-b2a9f5229c24', 51),
('967f3ada-fc49-4e13-e7a7-ed17b40344a9', 19),
('967f3ada-fc49-4e13-e7a7-ed17b40344a9', 39),
('967f3ada-fc49-4e13-e7a7-ed17b40344a9', 59),
('97bcaf7b-84e4-c871-1c49-eba0c4951534', 18),
('98649b93-6b06-328f-5ac9-8787be4f30f5', 44),
('98f59c0b-4f11-db67-5bd0-2f3ea99ce3fb', 20),
('98f59c0b-4f11-db67-5bd0-2f3ea99ce3fb', 44),
('99144097-9b68-3075-6168-6bfeed5e9d51', 21),
('99144097-9b68-3075-6168-6bfeed5e9d51', 33),
('99229684-a983-3e57-ff3d-627943dbecf9', 18),
('99229684-a983-3e57-ff3d-627943dbecf9', 19),
('9958b8e3-73b3-a67f-d7b7-1077c666616b', 55),
('99daab37-be90-399a-7000-923f45e15815', 57),
('99e4650f-564c-7e1a-34ec-3d87b5dc5d8c', 16),
('99e4650f-564c-7e1a-34ec-3d87b5dc5d8c', 40),
('99e4650f-564c-7e1a-34ec-3d87b5dc5d8c', 47),
('9aba9edf-0f03-021d-d369-5a307d6b2ea0', 59),
('9acb08e9-bceb-7a0a-0354-89b3dcebb632', 24),
('9acb08e9-bceb-7a0a-0354-89b3dcebb632', 59),
('9b0cfaec-f9bc-a4c4-e31c-a870a6ec6b6c', 32),
('9b0cfaec-f9bc-a4c4-e31c-a870a6ec6b6c', 43),
('9c1b1776-08a6-bfe5-951a-62fda94127a4', 34),
('9c686b20-4db4-ff9b-1c69-77be1d35345c', 27),
('9c686b20-4db4-ff9b-1c69-77be1d35345c', 36),
('9c686b20-4db4-ff9b-1c69-77be1d35345c', 57),
('9d021f0b-80d8-0122-8da9-324a9768ebeb', 12),
('9e3956e7-a8dc-3ff9-614c-7ad19d1ad5b4', 16),
('9e3956e7-a8dc-3ff9-614c-7ad19d1ad5b4', 34),
('9e725007-b397-a7ce-ca52-b8987fc02eeb', 30),
('9e725007-b397-a7ce-ca52-b8987fc02eeb', 52),
('9f01dbfb-0696-43de-30c2-22344ea1435b', 10),
('9f01dbfb-0696-43de-30c2-22344ea1435b', 20),
('9f01dbfb-0696-43de-30c2-22344ea1435b', 44),
('a00b1934-7c45-90a5-6e6b-6abfaf4c09c1', 56),
('a02d0dec-486b-6001-91a7-195d48ef6825', 24),
('a02d0dec-486b-6001-91a7-195d48ef6825', 47),
('a058d555-8d7f-25f9-3559-895c42afe75b', 13),
('a058d555-8d7f-25f9-3559-895c42afe75b', 32),
('a058d555-8d7f-25f9-3559-895c42afe75b', 43),
('a08252e9-824c-bacd-0e18-21b43519a7cd', 57),
('a137032e-407b-7cf7-0c3f-b11ca4144734', 30),
('a21578e2-f294-4f05-a204-24b0a63efccd', 51),
('a288cbbe-7130-e493-97bd-40c0d30d3c0e', 14),
('a3a397b8-ad89-c8e7-6b1a-fc76f0894e18', 22),
('a3a397b8-ad89-c8e7-6b1a-fc76f0894e18', 39),
('a3a397b8-ad89-c8e7-6b1a-fc76f0894e18', 52),
('a4f466d3-bd26-d43b-c73d-c73cb9853eb6', 11),
('a50a1c60-e904-0eda-dec1-4919fd56d29d', 15),
('a50a1c60-e904-0eda-dec1-4919fd56d29d', 57),
('a5788f48-ddd2-0074-d1e4-ea72ab14c496', 32),
('a5788f48-ddd2-0074-d1e4-ea72ab14c496', 37),
('a5be6fba-2707-fe2d-61f6-17fe23e3838b', 18),
('a5be6fba-2707-fe2d-61f6-17fe23e3838b', 38),
('a6818bf0-263d-530c-efc7-76ce32d39807', 11),
('a6818bf0-263d-530c-efc7-76ce32d39807', 45),
('a6818bf0-263d-530c-efc7-76ce32d39807', 56),
('a766c5d7-6ff8-776f-8111-b51ca03a2ecd', 13),
('a7e1cd24-88dc-df47-050c-4b97fe6b33d0', 13),
('a7e1cd24-88dc-df47-050c-4b97fe6b33d0', 55),
('a7fc0541-a785-fe2c-d2a4-a46483a5965c', 18),
('a7fc0541-a785-fe2c-d2a4-a46483a5965c', 19),
('a7fc0541-a785-fe2c-d2a4-a46483a5965c', 38),
('a8020199-aae7-086f-1ad6-cd7b397e27c3', 12),
('a8020199-aae7-086f-1ad6-cd7b397e27c3', 23),
('a8796d92-4c20-c016-9d19-4a48c7071994', 39),
('a947ac97-e53f-2c72-f1df-a74784a12b30', 20),
('a947ac97-e53f-2c72-f1df-a74784a12b30', 44),
('a99d88d3-c238-bf53-123a-5461dca261cb', 16),
('a99d88d3-c238-bf53-123a-5461dca261cb', 40),
('a9a10607-61c2-7473-b117-6a1e4c44b393', 51),
('a9a10607-61c2-7473-b117-6a1e4c44b393', 56),
('a9e94220-a660-d04e-0c04-46ebad447326', 30),
('aa1256ec-0664-f8f7-80b7-86e806aaf599', 14),
('aa1256ec-0664-f8f7-80b7-86e806aaf599', 27),
('aa1256ec-0664-f8f7-80b7-86e806aaf599', 57),
('ab58d948-3eee-7eeb-2b9d-792b10f2b651', 36),
('ab798f7a-896a-2a14-37c0-f5a40af0b97c', 11),
('ab798f7a-896a-2a14-37c0-f5a40af0b97c', 45),
('ab798f7a-896a-2a14-37c0-f5a40af0b97c', 56),
('ac484102-f0fc-35eb-19e4-b19be4e74f72', 24),
('ac484102-f0fc-35eb-19e4-b19be4e74f72', 59),
('ac4d837c-3994-6a66-4613-4980bb606b27', 25),
('acebfd5f-ccf6-27f2-5d9c-f109b2b69686', 25),
('acebfd5f-ccf6-27f2-5d9c-f109b2b69686', 35),
('ad171ea9-4add-e53c-5532-0abc6456f45a', 20),
('ae827b43-139c-9a90-5282-ece451716fe5', 33),
('ae9a54c6-ccfd-b9ab-cb1d-a037daaf838e', 40),
('aef27590-6f20-8a78-0996-e86f2c842241', 36),
('afeb49b6-20f2-5836-f03d-8052e3d027ec', 37),
('b01b5c4b-1f0a-916a-b7a3-1d6368ca3ead', 27),
('b01b5c4b-1f0a-916a-b7a3-1d6368ca3ead', 36),
('b01b5c4b-1f0a-916a-b7a3-1d6368ca3ead', 57),
('b020dc9b-919a-3f7e-d6dd-6b18776c42b8', 36),
('b020dc9b-919a-3f7e-d6dd-6b18776c42b8', 39),
('b0749924-0093-2070-b23c-041bee556829', 10),
('b0749924-0093-2070-b23c-041bee556829', 15),
('b0749924-0093-2070-b23c-041bee556829', 21),
('b088fc65-97b6-7f59-516e-a0806b581b0b', 44),
('b16460c3-5b9e-7699-d292-cc6ff3e4fa2b', 40),
('b4176d1f-e7b6-c3a0-dd54-f7f182de2f23', 59),
('b48998a9-66c7-a373-59ae-f57736addf82', 20),
('b48998a9-66c7-a373-59ae-f57736addf82', 32),
('b48998a9-66c7-a373-59ae-f57736addf82', 44),
('b48bb294-73ce-9e9a-932f-39d3ebabd776', 32),
('b4ee1c09-a590-0ad2-f396-82759278e3b1', 12),
('b619e6e9-3c64-8cc0-5b6f-78262717506c', 30),
('b619e6e9-3c64-8cc0-5b6f-78262717506c', 52),
('b6485694-0867-8cdf-01f3-5f0143e854c6', 16),
('b6485694-0867-8cdf-01f3-5f0143e854c6', 40),
('b6485694-0867-8cdf-01f3-5f0143e854c6', 43),
('b6c3be91-c64a-0127-4219-949c1530f366', 39),
('b6d34a4d-37e1-7bed-cfa4-fbd4c765b3e2', 13),
('b6d34a4d-37e1-7bed-cfa4-fbd4c765b3e2', 36),
('b6d34a4d-37e1-7bed-cfa4-fbd4c765b3e2', 55),
('b735f3d0-88e8-1afb-e15c-11317fa99aa5', 16),
('b735f3d0-88e8-1afb-e15c-11317fa99aa5', 34),
('b78c15da-c5af-66f8-ebd5-a0f33bef3db7', 16),
('b7ef5812-89e2-6057-881e-d988b78c351d', 23),
('b9664ad6-27a9-cb98-c94a-395965529822', 37),
('bbc75b1d-bb0b-b6d2-87bb-79ee471d128a', 34),
('bc494166-56f2-0918-9b23-aa295b9b58c4', 16),
('bc494166-56f2-0918-9b23-aa295b9b58c4', 40),
('bcdc7531-ce51-db60-fe26-2c7bba34ec13', 24),
('bcdc7531-ce51-db60-fe26-2c7bba34ec13', 59),
('bd2f98e7-bc2b-e505-41ff-daed44f11dfd', 16),
('bd2f98e7-bc2b-e505-41ff-daed44f11dfd', 40),
('bd2f98e7-bc2b-e505-41ff-daed44f11dfd', 47),
('be19e403-e3ce-a79c-776a-beac3859b1f9', 20),
('be19e403-e3ce-a79c-776a-beac3859b1f9', 44),
('be3e5f0d-be13-6887-9144-46dc4174cc9f', 33),
('be3e5f0d-be13-6887-9144-46dc4174cc9f', 51),
('be3e5f0d-be13-6887-9144-46dc4174cc9f', 56),
('beada14d-8bb2-0124-5890-8c17e86b8c7c', 11),
('beada14d-8bb2-0124-5890-8c17e86b8c7c', 55),
('bef09ed1-5e59-fa03-0b3f-3db6390d2e01', 16),
('bf1aa46b-3af5-8c08-0fd2-97ee848acab4', 21),
('bf1aa46b-3af5-8c08-0fd2-97ee848acab4', 22),
('c02ae038-258d-a28c-231c-97e5ef257829', 15),
('c04d5d68-ea9f-3de3-ef56-e756c8df4ad5', 10),
('c04d5d68-ea9f-3de3-ef56-e756c8df4ad5', 19),
('c141b764-c979-869d-1b8b-46a5422aeb7f', 18),
('c1737076-fad7-5818-1883-f4c8bb0fc835', 51),
('c1737076-fad7-5818-1883-f4c8bb0fc835', 56),
('c18786a4-982e-942c-dad1-f3cd3673e582', 22),
('c247b5fd-d49d-cf74-0695-dec48ed6e963', 37),
('c25d1076-a9c6-de8d-41e5-feaefd68f110', 32),
('c276bc10-e8bb-744f-c23e-49f5389be3de', 13),
('c276bc10-e8bb-744f-c23e-49f5389be3de', 32),
('c276bc10-e8bb-744f-c23e-49f5389be3de', 43),
('c29b55d5-0772-9826-003b-ae76bc5457e6', 51),
('c30dc73b-9c80-d170-3a6e-d8cbd789395d', 36),
('c30dc73b-9c80-d170-3a6e-d8cbd789395d', 57),
('c384de17-c9c9-8c5f-3e3e-5c240fc6d5ba', 10),
('c384de17-c9c9-8c5f-3e3e-5c240fc6d5ba', 20),
('c384de17-c9c9-8c5f-3e3e-5c240fc6d5ba', 44),
('c3e78249-e17f-ca0a-d6f5-1524e6339b10', 32),
('c3e78249-e17f-ca0a-d6f5-1524e6339b10', 37),
('c424c980-f093-bbb8-7876-678b4859b283', 30),
('c45461b7-a9e9-f595-c734-2f78caa64fb0', 14),
('c45461b7-a9e9-f595-c734-2f78caa64fb0', 17),
('c45461b7-a9e9-f595-c734-2f78caa64fb0', 59),
('c45c06cb-2f7e-c041-3a73-981ced3c861e', 30),
('c45c06cb-2f7e-c041-3a73-981ced3c861e', 36),
('c45c06cb-2f7e-c041-3a73-981ced3c861e', 39),
('c4a08c25-a906-4244-9c6c-53b20413a553', 25),
('c4a08c25-a906-4244-9c6c-53b20413a553', 33),
('c4a08c25-a906-4244-9c6c-53b20413a553', 40),
('c4e606db-b679-518e-eb65-d863412122ce', 13),
('c4e606db-b679-518e-eb65-d863412122ce', 32),
('c4e606db-b679-518e-eb65-d863412122ce', 43),
('c51ff70a-ed7a-698f-0f7e-48a147995dda', 10),
('c51ff70a-ed7a-698f-0f7e-48a147995dda', 15),
('c51ff70a-ed7a-698f-0f7e-48a147995dda', 21),
('c587c71e-d1fd-cc1b-d0c1-1004262da661', 27),
('c587c71e-d1fd-cc1b-d0c1-1004262da661', 37),
('c5b45bfe-5761-1228-b4d2-484d4b5abfda', 21),
('c6ad1761-471a-4152-fe80-4c3270d137b9', 18),
('c6ad1761-471a-4152-fe80-4c3270d137b9', 38),
('c6e1b8ca-156a-5075-082f-4ae1754226cd', 20),
('c7ab15be-87e8-56c9-8ce2-73870997b8f5', 12),
('c7ab15be-87e8-56c9-8ce2-73870997b8f5', 13),
('c7ab15be-87e8-56c9-8ce2-73870997b8f5', 26),
('c7c9f2d4-37ef-28a4-1791-1075eb5e04e5', 25),
('c7c9f2d4-37ef-28a4-1791-1075eb5e04e5', 27),
('c7c9f2d4-37ef-28a4-1791-1075eb5e04e5', 37),
('c83ecd7f-0a13-2ac0-2306-c8dda5902492', 20),
('c83ecd7f-0a13-2ac0-2306-c8dda5902492', 44),
('c9557395-6dcc-53d4-42b0-d77b027d7940', 10),
('c9557395-6dcc-53d4-42b0-d77b027d7940', 19),
('c97249de-7d61-c3e7-3eb4-ef9b5c7a5456', 21),
('c97249de-7d61-c3e7-3eb4-ef9b5c7a5456', 22),
('c97249de-7d61-c3e7-3eb4-ef9b5c7a5456', 23),
('ca370ece-1ac1-8a96-bf65-fb960f8bb27f', 17),
('ca370ece-1ac1-8a96-bf65-fb960f8bb27f', 24),
('ca370ece-1ac1-8a96-bf65-fb960f8bb27f', 47),
('ca438b3d-1681-372e-f586-31f3229d3171', 14),
('cab4eef5-aec9-a95e-5012-40cadd063f27', 13),
('cac198f9-82f0-e2d1-39ee-1691301392fa', 11),
('cb7f1871-5986-1b0a-7f53-ccf0e9d1e4af', 59),
('cb82f0e4-3e9f-7fed-b3e4-53c3aa68fdb2', 14),
('cb82f0e4-3e9f-7fed-b3e4-53c3aa68fdb2', 17),
('cc1bc664-b0c4-26ae-3783-a2fad6d1cfe5', 11),
('cc1bc664-b0c4-26ae-3783-a2fad6d1cfe5', 23),
('cc1bc664-b0c4-26ae-3783-a2fad6d1cfe5', 26),
('cc3c83c0-7184-9d1e-c2c3-6362653af5b4', 40),
('cc3c83c0-7184-9d1e-c2c3-6362653af5b4', 43),
('cc6f04ad-3d2a-4fb7-2f0c-69bf66ec9f0c', 11),
('cdf16f2f-71fb-6912-c165-f70134114972', 20),
('cdf16f2f-71fb-6912-c165-f70134114972', 32),
('cdf16f2f-71fb-6912-c165-f70134114972', 44),
('ce1baaf6-bfdd-58dc-9e95-bf43b3f15eac', 20),
('ce1baaf6-bfdd-58dc-9e95-bf43b3f15eac', 32),
('ce1baaf6-bfdd-58dc-9e95-bf43b3f15eac', 44),
('ce57189f-5729-ada2-f775-82074bf0d8e7', 17),
('ce57189f-5729-ada2-f775-82074bf0d8e7', 30),
('ce8ad7b9-3486-dc3f-a2e8-045de4be5262', 11),
('ce8ad7b9-3486-dc3f-a2e8-045de4be5262', 45),
('cedb44d4-28c2-c811-3436-edd36e25bffc', 34),
('cedb44d4-28c2-c811-3436-edd36e25bffc', 51),
('cf25c8b4-a5bf-061a-17a3-ebdc06d84a91', 51),
('d066ee74-fcce-62e9-4a49-b966eba5c30f', 27),
('d066ee74-fcce-62e9-4a49-b966eba5c30f', 36),
('d066ee74-fcce-62e9-4a49-b966eba5c30f', 57),
('d10bbc75-925d-e12b-3ede-4e4bae465d5a', 27),
('d15fc9a7-4225-1e45-2a8d-d42870892d9a', 25),
('d16f0f3b-c786-5f8f-a704-9211f19ee653', 24),
('d16f0f3b-c786-5f8f-a704-9211f19ee653', 59),
('d2fdc515-36be-b4eb-32e8-079e9dabac38', 39),
('d4d2661c-5765-21cf-04f8-72532c84d52f', 34),
('d4d2661c-5765-21cf-04f8-72532c84d52f', 44),
('d4d2661c-5765-21cf-04f8-72532c84d52f', 51),
('d521ab07-be85-99fa-78f4-ad3a830fe91a', 36),
('d521ab07-be85-99fa-78f4-ad3a830fe91a', 39),
('d589480d-f79d-96c7-cc4e-56d20a6ee08f', 38),
('d7ceac2e-622d-190c-b513-bd88d6ced11a', 33),
('d8223890-ebfa-411c-8cff-842fd61bd928', 23),
('d82d791b-b049-9aa2-d423-e9bf8a13cb25', 25),
('d82d791b-b049-9aa2-d423-e9bf8a13cb25', 27),
('d82d791b-b049-9aa2-d423-e9bf8a13cb25', 37),
('d8e75c4d-bd5f-810b-5959-b39ac87ecdfa', 45),
('d931448e-6edb-b045-8f3b-7be2b75823b5', 17),
('d931448e-6edb-b045-8f3b-7be2b75823b5', 30),
('d989ee58-c478-6049-748f-60f6a8177ea3', 24),
('d989ee58-c478-6049-748f-60f6a8177ea3', 59),
('d9dec248-029d-839c-f938-64fe8540f172', 15),
('d9dec248-029d-839c-f938-64fe8540f172', 57),
('dabeed48-c29c-5006-a9f1-eb0d804c32d6', 37),
('dae08804-7d6a-f1da-529d-990aa228edac', 22),
('dba3115d-4c97-82f6-d6fc-4e36da76e1f6', 13),
('dba3115d-4c97-82f6-d6fc-4e36da76e1f6', 26),
('dc907ecc-6bb0-c948-e8e4-7ffc2d72f971', 25),
('dc907ecc-6bb0-c948-e8e4-7ffc2d72f971', 33),
('dc907ecc-6bb0-c948-e8e4-7ffc2d72f971', 40),
('dce34686-2e12-c05e-e9a6-336782afefed', 13),
('dce34686-2e12-c05e-e9a6-336782afefed', 26),
('ddcd0459-bd0e-47da-0c94-7ea72b2e2c14', 14),
('ddcd0459-bd0e-47da-0c94-7ea72b2e2c14', 17),
('ddcd0459-bd0e-47da-0c94-7ea72b2e2c14', 59),
('dea8539c-07fc-455f-8b67-babd3eb21637', 12),
('dea8539c-07fc-455f-8b67-babd3eb21637', 15),
('dea8539c-07fc-455f-8b67-babd3eb21637', 38),
('dfed0f52-1e67-f687-082f-88fa1df02c42', 16),
('dfed0f52-1e67-f687-082f-88fa1df02c42', 34),
('dfed0f52-1e67-f687-082f-88fa1df02c42', 37),
('e02d16a6-cf28-eef6-1bc5-bc477f17a76a', 13),
('e090944b-788c-ef4a-ebca-c69b39f560aa', 51),
('e090944b-788c-ef4a-ebca-c69b39f560aa', 56),
('e0ca6174-3c59-5564-e725-268250f52730', 16),
('e0ca6174-3c59-5564-e725-268250f52730', 34),
('e1cbb5e4-cce4-5ee7-8af4-bfebbeb46075', 14),
('e1cbb5e4-cce4-5ee7-8af4-bfebbeb46075', 17),
('e1cbb5e4-cce4-5ee7-8af4-bfebbeb46075', 59),
('e201add0-44c0-0236-5158-14c35c745a56', 32),
('e201add0-44c0-0236-5158-14c35c745a56', 37),
('e201add0-44c0-0236-5158-14c35c745a56', 45),
('e26f2056-1777-a8b8-2faa-045eafed4ec5', 12),
('e2740694-ea2a-7dde-319a-5548c2d3c301', 12),
('e2740694-ea2a-7dde-319a-5548c2d3c301', 15),
('e2740694-ea2a-7dde-319a-5548c2d3c301', 38),
('e28493dc-c680-4836-9c8d-13b2d0c16dda', 34),
('e28493dc-c680-4836-9c8d-13b2d0c16dda', 35),
('e28493dc-c680-4836-9c8d-13b2d0c16dda', 56),
('e2ca64b7-71ef-0f5c-a2aa-2789a6bd0780', 15),
('e2ca64b7-71ef-0f5c-a2aa-2789a6bd0780', 57),
('e3720b6f-f7b0-dcf7-81e8-060d9e3f02ac', 22),
('e38f21b6-72e1-2470-7e13-2459c5c32b17', 34),
('e38f21b6-72e1-2470-7e13-2459c5c32b17', 44),
('e38f21b6-72e1-2470-7e13-2459c5c32b17', 51),
('e49957d4-6c4e-9e53-290b-334c49e414ee', 10),
('e4df0ef3-82ad-51cb-09c0-205691cadd0d', 45),
('e4df0ef3-82ad-51cb-09c0-205691cadd0d', 47),
('e4efc685-9b01-323d-9dd1-e8b07a020ca5', 17),
('e6cf7d35-1536-deae-5323-40330856aa62', 55),
('e812f39d-aa4c-2027-6d66-cb4a7bfd8e6d', 51),
('e8b213ff-f120-d74a-0db3-a08bfbcc82d2', 45),
('e9897671-87a5-20f7-6ad5-b9b1f296e179', 11),
('e9897671-87a5-20f7-6ad5-b9b1f296e179', 23),
('e9897671-87a5-20f7-6ad5-b9b1f296e179', 26),
('e9acd6f4-d4b9-0c04-45af-0b7bbf5c86c4', 24),
('eb3999a0-b055-f1b5-b842-aa270b5ba369', 56),
('eb3ded73-9561-a18a-d91e-16d25969639f', 38),
('eb8365da-e17f-c876-97df-9bdab3bdb7f3', 51),
('eb8365da-e17f-c876-97df-9bdab3bdb7f3', 56),
('ebdbb8cb-2857-1edc-ea6e-1dccfd583efd', 12),
('ebdbb8cb-2857-1edc-ea6e-1dccfd583efd', 23),
('ecbda472-d2a4-efb4-9425-80a8f9d45b55', 24),
('ecbfc0a7-2836-c526-fa23-c5c8211774de', 12),
('ecbfc0a7-2836-c526-fa23-c5c8211774de', 20),
('ecbfc0a7-2836-c526-fa23-c5c8211774de', 23),
('ecfdfb31-2932-abbe-3d34-ead4376963df', 20),
('ed253d66-47cf-d341-6d81-be87265f733a', 13),
('ed253d66-47cf-d341-6d81-be87265f733a', 32),
('ed253d66-47cf-d341-6d81-be87265f733a', 43),
('ed9f7a40-3405-d33a-e0ac-363286c21fe9', 47),
('edd1419f-e890-a895-96aa-dafcaa12f4b7', 25),
('edda386c-69c9-bcaf-eb5a-d3531cadbbce', 15),
('edda386c-69c9-bcaf-eb5a-d3531cadbbce', 55),
('edda386c-69c9-bcaf-eb5a-d3531cadbbce', 57),
('eef29457-bf1a-4115-67ea-241c225ebab5', 14),
('eef29457-bf1a-4115-67ea-241c225ebab5', 17),
('eef29457-bf1a-4115-67ea-241c225ebab5', 59),
('eef6ce50-3f87-06c7-1d2d-7d6bac1e8942', 26),
('ef72ff93-4108-5ff1-d9c4-ca99bb0bf36c', 17),
('ef72ff93-4108-5ff1-d9c4-ca99bb0bf36c', 30),
('ef72ff93-4108-5ff1-d9c4-ca99bb0bf36c', 43),
('efc8abe9-cce0-c4ce-457c-03b2b926b4fe', 36),
('efc8abe9-cce0-c4ce-457c-03b2b926b4fe', 57),
('efcc4675-da20-db12-fb6e-0264d31d85d2', 14),
('efcc4675-da20-db12-fb6e-0264d31d85d2', 27),
('efd5bb73-b4f2-1366-60fc-c68cad1d5696', 45),
('efd5bb73-b4f2-1366-60fc-c68cad1d5696', 47),
('efe9b503-1743-a454-60fd-91360222c134', 11),
('efe9b503-1743-a454-60fd-91360222c134', 45),
('efe9b503-1743-a454-60fd-91360222c134', 56),
('f0140e9d-1c29-fbf9-36f1-a3f7e08e04ab', 32),
('f0e8bbd6-1425-373c-6303-5fc09e45d952', 39),
('f2071b57-4863-3f33-8332-09f24ae5b178', 14),
('f2071b57-4863-3f33-8332-09f24ae5b178', 27),
('f2b21f33-00da-0c08-9b75-4431427ad2f0', 47),
('f43dc1ed-c1e0-1e0f-2a68-258ad1eaab74', 40),
('f4911d9d-f167-0a81-ac4c-e6dd9c958850', 34),
('f4911d9d-f167-0a81-ac4c-e6dd9c958850', 35),
('f4911d9d-f167-0a81-ac4c-e6dd9c958850', 56),
('f5452ad7-b6a0-d90e-c8c7-8ab745201b11', 25),
('f57a80dd-d241-c2b9-eded-2dfc105bc9c5', 44),
('f685819c-3495-de35-38e1-ce76f1a45026', 33),
('f6a351d7-9971-0b51-d357-9680f9baf830', 45),
('f6a351d7-9971-0b51-d357-9680f9baf830', 47),
('f6a351d7-9971-0b51-d357-9680f9baf830', 51),
('f716c7ba-debe-6549-266d-1fc928d0b487', 34),
('f716c7ba-debe-6549-266d-1fc928d0b487', 44),
('f716c7ba-debe-6549-266d-1fc928d0b487', 51),
('f7dc106d-6d74-3257-4df8-48eb6c0f6676', 25),
('f7dc106d-6d74-3257-4df8-48eb6c0f6676', 27),
('f7dc106d-6d74-3257-4df8-48eb6c0f6676', 37),
('f8308d48-f766-4dd8-2a32-bbc96693a4c9', 21),
('f8308d48-f766-4dd8-2a32-bbc96693a4c9', 22),
('f8308d48-f766-4dd8-2a32-bbc96693a4c9', 23),
('f8fcb80d-f560-0046-8cc9-c156a0e64e07', 47),
('fb87fd12-2808-e4ec-0ac3-7c719ed43bdb', 25),
('fb87fd12-2808-e4ec-0ac3-7c719ed43bdb', 33),
('fb87fd12-2808-e4ec-0ac3-7c719ed43bdb', 40),
('fbddc469-a683-1650-f665-69996b1b48a6', 12),
('fbddc469-a683-1650-f665-69996b1b48a6', 13),
('fbddc469-a683-1650-f665-69996b1b48a6', 26),
('fc69bed0-6072-b695-3028-f7285576d740', 14),
('fc69bed0-6072-b695-3028-f7285576d740', 25),
('fc69bed0-6072-b695-3028-f7285576d740', 35),
('fe68068f-307a-381d-226e-100abbb0b166', 15),
('fe68068f-307a-381d-226e-100abbb0b166', 55),
('fe68068f-307a-381d-226e-100abbb0b166', 57),
('fe8200b5-a6b7-4f8e-9d7d-4aab1b430f63', 21),
('feb5369f-63fe-6f12-db9c-d76c4eaff588', 14),
('feb5369f-63fe-6f12-db9c-d76c4eaff588', 27),
('feb5369f-63fe-6f12-db9c-d76c4eaff588', 57),
('fef27dca-c5d1-fa55-89b8-29efc06d4c4a', 17),
('fef27dca-c5d1-fa55-89b8-29efc06d4c4a', 24),
('fef27dca-c5d1-fa55-89b8-29efc06d4c4a', 47),
('ff575e5a-3139-0f12-8e3b-20aff9b77dd7', 13),
('ff575e5a-3139-0f12-8e3b-20aff9b77dd7', 26),
('ff9b8add-b7c7-acb5-fb53-ee4da3a0183f', 14),
('ff9b8add-b7c7-acb5-fb53-ee4da3a0183f', 17),
('ff9b8add-b7c7-acb5-fb53-ee4da3a0183f', 59),
('ff9c69ae-e6e8-20ec-8c7f-e09ffd0a0044', 43),
('fff9a7ee-7163-b5db-2bb0-28ae5f351cfb', 43);
